ISO-10303-21;
HEADER;
FILE_DESCRIPTION(('Open CASCADE Model'),'2;1');
FILE_NAME('J19-4 depth 1.3','2026-10-01T10:42:05',('Author'),(
    'Open CASCADE'),'Open CASCADE STEP processor 8.0','build123d',
  'Unknown');
FILE_SCHEMA(('AUTOMOTIVE_DESIGN { 1 0 10303 214 1 1 1 1 }'));
ENDSEC;
DATA;
#1 = APPLICATION_PROTOCOL_DEFINITION('international standard',
  'automotive_design',2000,#2);
#2 = APPLICATION_CONTEXT(
  'core data for automotive mechanical design processes');
#3 = SHAPE_DEFINITION_REPRESENTATION(#4,#10);
#4 = PRODUCT_DEFINITION_SHAPE('','',#5);
#5 = PRODUCT_DEFINITION('design','',#6,#9);
#6 = PRODUCT_DEFINITION_FORMATION('','',#7);
#7 = PRODUCT('J19-4 depth 1.3','J19-4 depth 1.3','',(#8));
#8 = PRODUCT_CONTEXT('',#2,'mechanical');
#9 = PRODUCT_DEFINITION_CONTEXT('part definition',#2,'design');
#10 = SHAPE_REPRESENTATION('',(#11,#15),#19);
#11 = AXIS2_PLACEMENT_3D('',#12,#13,#14);
#12 = CARTESIAN_POINT('',(0.,0.,0.));
#13 = DIRECTION('',(0.,0.,1.));
#14 = DIRECTION('',(1.,0.,-0.));
#15 = AXIS2_PLACEMENT_3D('',#16,#17,#18);
#16 = CARTESIAN_POINT('',(0.,0.,-3.4));
#17 = DIRECTION('',(0.,0.,1.));
#18 = DIRECTION('',(1.,0.,-0.));
#19 = ( GEOMETRIC_REPRESENTATION_CONTEXT(3) 
GLOBAL_UNCERTAINTY_ASSIGNED_CONTEXT((#23)) GLOBAL_UNIT_ASSIGNED_CONTEXT(
(#20,#21,#22)) REPRESENTATION_CONTEXT('Context #1',
  '3D Context with UNIT and UNCERTAINTY') );
#20 = ( LENGTH_UNIT() NAMED_UNIT(*) SI_UNIT(.MILLI.,.METRE.) );
#21 = ( NAMED_UNIT(*) PLANE_ANGLE_UNIT() SI_UNIT($,.RADIAN.) );
#22 = ( NAMED_UNIT(*) SI_UNIT($,.STERADIAN.) SOLID_ANGLE_UNIT() );
#23 = UNCERTAINTY_MEASURE_WITH_UNIT(LENGTH_MEASURE(1.E-06),#20,
  'distance_accuracy_value','confusion accuracy');
#24 = PRODUCT_RELATED_PRODUCT_CATEGORY('part',$,(#7));
#25 = SHAPE_DEFINITION_REPRESENTATION(#26,#32);
#26 = PRODUCT_DEFINITION_SHAPE('','',#27);
#27 = PRODUCT_DEFINITION('design','',#28,#31);
#28 = PRODUCT_DEFINITION_FORMATION('','',#29);
#29 = PRODUCT('J19-4 depth 1.3','J19-4 depth 1.3','',(#30));
#30 = PRODUCT_CONTEXT('',#2,'mechanical');
#31 = PRODUCT_DEFINITION_CONTEXT('part definition',#2,'design');
#32 = ADVANCED_BREP_SHAPE_REPRESENTATION('',(#11,#33),#3070);
#33 = MANIFOLD_SOLID_BREP('',#34);
#34 = CLOSED_SHELL('',(#35,#195,#271,#326,#454,#489,#544,#599,#654,#709,
    #764,#768,#772,#776,#780,#1234,#1307,#1354,#1406,#1453,#1501,#1548,
    #1600,#1647,#1695,#1742,#1794,#1841,#1889,#1936,#1988,#2015,#2140,
    #2216,#2265,#2314,#2341,#2450,#2523,#2575,#2627,#2658,#2733,#2786,
    #2839,#2870,#2943,#2990,#3037,#3063));
#35 = ADVANCED_FACE('',(#36),#51,.T.);
#36 = FACE_BOUND('',#37,.T.);
#37 = EDGE_LOOP('',(#38,#69,#96,#97));
#38 = ORIENTED_EDGE('',*,*,#39,.F.);
#39 = EDGE_CURVE('',#40,#42,#44,.T.);
#40 = VERTEX_POINT('',#41);
#41 = CARTESIAN_POINT('',(2.5,-6.123233995736E-16,5.772363660603));
#42 = VERTEX_POINT('',#43);
#43 = CARTESIAN_POINT('',(3.24589340552,0.,6.724));
#44 = SEAM_CURVE('',#45,(#50,#62),.PCURVE_S1.);
#45 = CIRCLE('',#46,3.7);
#46 = AXIS2_PLACEMENT_3D('',#47,#48,#49);
#47 = CARTESIAN_POINT('',(0.,0.,8.5));
#48 = DIRECTION('',(-2.449293598295E-16,-1.,0.));
#49 = DIRECTION('',(1.,-2.449293598295E-16,0.));
#50 = PCURVE('',#51,#56);
#51 = SPHERICAL_SURFACE('',#52,3.7);
#52 = AXIS2_PLACEMENT_3D('',#53,#54,#55);
#53 = CARTESIAN_POINT('',(0.,0.,8.5));
#54 = DIRECTION('',(0.,0.,1.));
#55 = DIRECTION('',(1.,0.,-0.));
#56 = DEFINITIONAL_REPRESENTATION('',(#57),#61);
#57 = LINE('',#58,#59);
#58 = CARTESIAN_POINT('',(0.,-6.28318530718));
#59 = VECTOR('',#60,1.);
#60 = DIRECTION('',(0.,1.));
#61 = ( GEOMETRIC_REPRESENTATION_CONTEXT(2) 
PARAMETRIC_REPRESENTATION_CONTEXT() REPRESENTATION_CONTEXT('2D SPACE',''
  ) );
#62 = PCURVE('',#51,#63);
#63 = DEFINITIONAL_REPRESENTATION('',(#64),#68);
#64 = LINE('',#65,#66);
#65 = CARTESIAN_POINT('',(6.28318530718,-6.28318530718));
#66 = VECTOR('',#67,1.);
#67 = DIRECTION('',(0.,1.));
#68 = ( GEOMETRIC_REPRESENTATION_CONTEXT(2) 
PARAMETRIC_REPRESENTATION_CONTEXT() REPRESENTATION_CONTEXT('2D SPACE',''
  ) );
#69 = ORIENTED_EDGE('',*,*,#70,.T.);
#70 = EDGE_CURVE('',#40,#40,#71,.T.);
#71 = SURFACE_CURVE('',#72,(#77,#84),.PCURVE_S1.);
#72 = CIRCLE('',#73,2.5);
#73 = AXIS2_PLACEMENT_3D('',#74,#75,#76);
#74 = CARTESIAN_POINT('',(0.,0.,5.772363660603));
#75 = DIRECTION('',(0.,0.,1.));
#76 = DIRECTION('',(0.,-1.,0.));
#77 = PCURVE('',#51,#78);
#78 = DEFINITIONAL_REPRESENTATION('',(#79),#83);
#79 = LINE('',#80,#81);
#80 = CARTESIAN_POINT('',(-1.570796326795,-0.828915464645));
#81 = VECTOR('',#82,1.);
#82 = DIRECTION('',(1.,0.));
#83 = ( GEOMETRIC_REPRESENTATION_CONTEXT(2) 
PARAMETRIC_REPRESENTATION_CONTEXT() REPRESENTATION_CONTEXT('2D SPACE',''
  ) );
#84 = PCURVE('',#85,#90);
#85 = CYLINDRICAL_SURFACE('',#86,2.5);
#86 = AXIS2_PLACEMENT_3D('',#87,#88,#89);
#87 = CARTESIAN_POINT('',(0.,0.,3.4));
#88 = DIRECTION('',(0.,0.,1.));
#89 = DIRECTION('',(1.,0.,-0.));
#90 = DEFINITIONAL_REPRESENTATION('',(#91),#95);
#91 = LINE('',#92,#93);
#92 = CARTESIAN_POINT('',(-1.570796326795,2.372363660603));
#93 = VECTOR('',#94,1.);
#94 = DIRECTION('',(1.,0.));
#95 = ( GEOMETRIC_REPRESENTATION_CONTEXT(2) 
PARAMETRIC_REPRESENTATION_CONTEXT() REPRESENTATION_CONTEXT('2D SPACE',''
  ) );
#96 = ORIENTED_EDGE('',*,*,#39,.T.);
#97 = ORIENTED_EDGE('',*,*,#98,.F.);
#98 = EDGE_CURVE('',#42,#42,#99,.T.);
#99 = SURFACE_CURVE('',#100,(#116,#142),.PCURVE_S1.);
#100 = ( BOUNDED_CURVE() B_SPLINE_CURVE(14,(#101,#102,#103,#104,#105,
    #106,#107,#108,#109,#110,#111,#112,#113,#114,#115),.UNSPECIFIED.,.T.
,.F.) B_SPLINE_CURVE_WITH_KNOTS((15,15),(5.925189522322E-16,
23.247785636564),.PIECEWISE_BEZIER_KNOTS.) CURVE() 
GEOMETRIC_REPRESENTATION_ITEM() RATIONAL_B_SPLINE_CURVE((1.,
    1.000000000001,0.999999999995,1.000000000013,0.999999999975,
    1.00000000004,0.999999999949,1.000000000053,0.999999999955,
    1.000000000032,0.999999999982,1.000000000008,0.999999999997,
1.000000000001,1.)) REPRESENTATION_ITEM('') );
#101 = CARTESIAN_POINT('',(3.24589340552,0.,6.724));
#102 = CARTESIAN_POINT('',(3.245893405515,1.435680588818,6.724));
#103 = CARTESIAN_POINT('',(2.562152607064,2.901922294218,6.724));
#104 = CARTESIAN_POINT('',(1.146455210596,4.016559651815,6.724000000001)
  );
#105 = CARTESIAN_POINT('',(-0.784454179958,4.382999407625,6.723999999997
    ));
#106 = CARTESIAN_POINT('',(-2.784654217689,3.657662866028,6.724000000006
    ));
#107 = CARTESIAN_POINT('',(-4.126462855122,2.221545264241,6.723999999992
    ));
#108 = CARTESIAN_POINT('',(-4.975303988026,9.115938169255E-11,
    6.724000000009));
#109 = CARTESIAN_POINT('',(-4.126462855107,-2.221545264394,
    6.723999999992));
#110 = CARTESIAN_POINT('',(-2.7846542177,-3.657662865933,6.724000000005)
  );
#111 = CARTESIAN_POINT('',(-0.784454179962,-4.38299940767,6.723999999997
    ));
#112 = CARTESIAN_POINT('',(1.146455210606,-4.016559651795,6.724000000001
    ));
#113 = CARTESIAN_POINT('',(2.562152607058,-2.901922294226,6.724));
#114 = CARTESIAN_POINT('',(3.245893405517,-1.435680588816,6.724));
#115 = CARTESIAN_POINT('',(3.24589340552,-7.950145938888E-16,6.724));
#116 = PCURVE('',#51,#117);
#117 = DEFINITIONAL_REPRESENTATION('',(#118),#141);
#118 = B_SPLINE_CURVE_WITH_KNOTS('',11,(#119,#120,#121,#122,#123,#124,
    #125,#126,#127,#128,#129,#130,#131,#132,#133,#134,#135,#136,#137,
    #138,#139,#140),.UNSPECIFIED.,.F.,.F.,(12,10,12),(5.925189522322E-16
    ,11.623892818282,23.247785636564),.UNSPECIFIED.);
#119 = CARTESIAN_POINT('',(4.440892098501E-16,-0.500654712405));
#120 = CARTESIAN_POINT('',(0.281467936872,-0.500654712405));
#121 = CARTESIAN_POINT('',(0.566816841609,-0.500654712404));
#122 = CARTESIAN_POINT('',(0.853673781956,-0.500654712406));
#123 = CARTESIAN_POINT('',(1.141319246343,-0.500654712404));
#124 = CARTESIAN_POINT('',(1.427166164585,-0.500654712406));
#125 = CARTESIAN_POINT('',(1.713858539961,-0.500654712404));
#126 = CARTESIAN_POINT('',(1.999006343899,-0.500654712405));
#127 = CARTESIAN_POINT('',(2.284853282878,-0.500654712404));
#128 = CARTESIAN_POINT('',(2.570387589717,-0.500654712405));
#129 = CARTESIAN_POINT('',(2.855994788084,-0.500654712405));
#130 = CARTESIAN_POINT('',(3.427190519095,-0.500654712405));
#131 = CARTESIAN_POINT('',(3.712797717463,-0.500654712405));
#132 = CARTESIAN_POINT('',(3.998332024303,-0.500654712404));
#133 = CARTESIAN_POINT('',(4.284178963273,-0.500654712405));
#134 = CARTESIAN_POINT('',(4.569326767237,-0.500654712404));
#135 = CARTESIAN_POINT('',(4.856019142567,-0.500654712406));
#136 = CARTESIAN_POINT('',(5.141866060867,-0.500654712403));
#137 = CARTESIAN_POINT('',(5.429511525202,-0.500654712405));
#138 = CARTESIAN_POINT('',(5.716368465581,-0.500654712404));
#139 = CARTESIAN_POINT('',(6.001717370308,-0.500654712405));
#140 = CARTESIAN_POINT('',(6.28318530718,-0.500654712405));
#141 = ( GEOMETRIC_REPRESENTATION_CONTEXT(2) 
PARAMETRIC_REPRESENTATION_CONTEXT() REPRESENTATION_CONTEXT('2D SPACE',''
  ) );
#142 = PCURVE('',#143,#189);
#143 = ( BOUNDED_SURFACE() B_SPLINE_SURFACE(2,14,(
    (#144,#145,#146,#147,#148,#149,#150,#151,#152,#153,#154,#155,#156
      ,#157,#158)
    ,(#159,#160,#161,#162,#163,#164,#165,#166,#167,#168,#169,#170,#171
      ,#172,#173)
    ,(#174,#175,#176,#177,#178,#179,#180,#181,#182,#183,#184,#185,#186
      ,#187,#188
)),.UNSPECIFIED.,.F.,.T.,.F.) B_SPLINE_SURFACE_WITH_KNOTS((3,3),(15,15),
  (0.,23.247785636564),(5.925189522322E-16,23.247785636564),
.PIECEWISE_BEZIER_KNOTS.) GEOMETRIC_REPRESENTATION_ITEM() 
RATIONAL_B_SPLINE_SURFACE((
    (1.,1.000000000001,0.999999999995,1.000000000013,0.999999999975
      ,1.00000000004,0.999999999949,1.000000000053,0.999999999955
      ,1.000000000032,0.999999999982,1.000000000008,0.999999999997
      ,1.000000000001,1.)
    ,(0.509901951359,0.50990195136,0.509901951358,0.509901951364
      ,0.50990195135,0.509901951374,0.509901951341,0.509901951378
      ,0.509901951344,0.50990195137,0.509901951354,0.509901951362
      ,0.509901951358,0.509901951359,0.509901951359)
    ,(1.,1.000000000001,0.999999999995,1.000000000013,0.999999999975
      ,1.00000000004,0.999999999949,1.000000000053,0.999999999955
      ,1.000000000032,0.999999999982,1.000000000008,0.999999999997
,1.000000000001,1.))) REPRESENTATION_ITEM('') SURFACE() );
#144 = CARTESIAN_POINT('',(3.24589340552,0.,6.724));
#145 = CARTESIAN_POINT('',(3.245893405515,1.435680588818,6.724));
#146 = CARTESIAN_POINT('',(2.562152607064,2.901922294218,6.724));
#147 = CARTESIAN_POINT('',(1.146455210596,4.016559651815,6.724000000001)
  );
#148 = CARTESIAN_POINT('',(-0.784454179958,4.382999407625,6.723999999997
    ));
#149 = CARTESIAN_POINT('',(-2.784654217689,3.657662866028,6.724000000006
    ));
#150 = CARTESIAN_POINT('',(-4.126462855122,2.221545264241,6.723999999992
    ));
#151 = CARTESIAN_POINT('',(-4.975303988026,9.115938169255E-11,
    6.724000000009));
#152 = CARTESIAN_POINT('',(-4.126462855107,-2.221545264394,
    6.723999999992));
#153 = CARTESIAN_POINT('',(-2.7846542177,-3.657662865933,6.724000000005)
  );
#154 = CARTESIAN_POINT('',(-0.784454179962,-4.38299940767,6.723999999997
    ));
#155 = CARTESIAN_POINT('',(1.146455210606,-4.016559651795,6.724000000001
    ));
#156 = CARTESIAN_POINT('',(2.562152607058,-2.901922294226,6.724));
#157 = CARTESIAN_POINT('',(3.245893405517,-1.435680588816,6.724));
#158 = CARTESIAN_POINT('',(3.24589340552,-7.950145938888E-16,6.724));
#159 = CARTESIAN_POINT('',(4.217636961435,-4.540638698369E-16,8.5));
#160 = CARTESIAN_POINT('',(4.21763696143,1.865489330585,8.5));
#161 = CARTESIAN_POINT('',(3.329200372997,3.770689051737,8.5));
#162 = CARTESIAN_POINT('',(1.489676728962,5.219022416609,8.5));
#163 = CARTESIAN_POINT('',(-1.019301169404,5.695165550428,8.5));
#164 = CARTESIAN_POINT('',(-3.61831369242,4.752680439247,8.499999999998)
  );
#165 = CARTESIAN_POINT('',(-5.361828034181,2.886623264347,8.500000000005
    ));
#166 = CARTESIAN_POINT('',(-6.464792084276,6.779420991601E-11,
    8.499999999995));
#167 = CARTESIAN_POINT('',(-5.361828034159,-2.886623264452,
    8.500000000003));
#168 = CARTESIAN_POINT('',(-3.618313692435,-4.752680439197,
    8.499999999999));
#169 = CARTESIAN_POINT('',(-1.019301169411,-5.69516555044,8.499999999999
    ));
#170 = CARTESIAN_POINT('',(1.489676728977,-5.219022416605,8.500000000001
    ));
#171 = CARTESIAN_POINT('',(3.329200372987,-3.77068905174,8.5));
#172 = CARTESIAN_POINT('',(4.217636961432,-1.865489330583,8.5));
#173 = CARTESIAN_POINT('',(4.217636961435,-5.807420516701E-15,8.5));
#174 = CARTESIAN_POINT('',(2.193171219946,0.,8.5));
#175 = CARTESIAN_POINT('',(2.193171219942,0.970054451904,8.5));
#176 = CARTESIAN_POINT('',(1.731184193962,1.960758306903,8.500000000001)
  );
#177 = CARTESIAN_POINT('',(0.774631899052,2.713891656634,8.499999999998)
  );
#178 = CARTESIAN_POINT('',(-0.530036608083,2.96148608623,8.500000000004)
  );
#179 = CARTESIAN_POINT('',(-1.881523120056,2.471393828403,8.499999999993
    ));
#180 = CARTESIAN_POINT('',(-2.788150577791,1.501044097453,8.500000000009
    ));
#181 = CARTESIAN_POINT('',(-3.361691883795,6.911329277978E-11,
    8.49999999999));
#182 = CARTESIAN_POINT('',(-2.788150577782,-1.50104409757,8.500000000009
    ));
#183 = CARTESIAN_POINT('',(-1.881523120062,-2.471393828329,
    8.499999999994));
#184 = CARTESIAN_POINT('',(-0.530036608087,-2.961486086266,
    8.500000000004));
#185 = CARTESIAN_POINT('',(0.77463189906,-2.713891656618,8.499999999998)
  );
#186 = CARTESIAN_POINT('',(1.731184193957,-1.96075830691,8.500000000001)
  );
#187 = CARTESIAN_POINT('',(2.193171219944,-0.970054451903,8.5));
#188 = CARTESIAN_POINT('',(2.193171219946,0.,8.5));
#189 = DEFINITIONAL_REPRESENTATION('',(#190),#194);
#190 = LINE('',#191,#192);
#191 = CARTESIAN_POINT('',(0.,0.));
#192 = VECTOR('',#193,1.);
#193 = DIRECTION('',(0.,1.));
#194 = ( GEOMETRIC_REPRESENTATION_CONTEXT(2) 
PARAMETRIC_REPRESENTATION_CONTEXT() REPRESENTATION_CONTEXT('2D SPACE',''
  ) );
#195 = ADVANCED_FACE('',(#196),#143,.F.);
#196 = FACE_BOUND('',#197,.F.);
#197 = EDGE_LOOP('',(#198,#219,#269,#270));
#198 = ORIENTED_EDGE('',*,*,#199,.T.);
#199 = EDGE_CURVE('',#42,#200,#202,.T.);
#200 = VERTEX_POINT('',#201);
#201 = CARTESIAN_POINT('',(2.193171219946,0.,8.5));
#202 = SEAM_CURVE('',#203,(#207,#213),.PCURVE_S1.);
#203 = ( BOUNDED_CURVE() B_SPLINE_CURVE(2,(#204,#205,#206),
.UNSPECIFIED.,.F.,.F.) B_SPLINE_CURVE_WITH_KNOTS((3,3),(0.,
23.247785636564),.PIECEWISE_BEZIER_KNOTS.) CURVE() 
GEOMETRIC_REPRESENTATION_ITEM() RATIONAL_B_SPLINE_CURVE((1.,
0.509901951359,1.)) REPRESENTATION_ITEM('') );
#204 = CARTESIAN_POINT('',(3.24589340552,0.,6.724));
#205 = CARTESIAN_POINT('',(4.217636961435,-4.540638698369E-16,8.5));
#206 = CARTESIAN_POINT('',(2.193171219946,0.,8.5));
#207 = PCURVE('',#143,#208);
#208 = DEFINITIONAL_REPRESENTATION('',(#209),#212);
#209 = B_SPLINE_CURVE_WITH_KNOTS('',1,(#210,#211),.UNSPECIFIED.,.F.,.F.,
  (2,2),(0.,23.247785636564),.PIECEWISE_BEZIER_KNOTS.);
#210 = CARTESIAN_POINT('',(0.,5.925189522322E-16));
#211 = CARTESIAN_POINT('',(23.247785636564,5.925189522322E-16));
#212 = ( GEOMETRIC_REPRESENTATION_CONTEXT(2) 
PARAMETRIC_REPRESENTATION_CONTEXT() REPRESENTATION_CONTEXT('2D SPACE',''
  ) );
#213 = PCURVE('',#143,#214);
#214 = DEFINITIONAL_REPRESENTATION('',(#215),#218);
#215 = B_SPLINE_CURVE_WITH_KNOTS('',1,(#216,#217),.UNSPECIFIED.,.F.,.F.,
  (2,2),(0.,23.247785636564),.PIECEWISE_BEZIER_KNOTS.);
#216 = CARTESIAN_POINT('',(0.,23.247785636564));
#217 = CARTESIAN_POINT('',(23.247785636564,23.247785636564));
#218 = ( GEOMETRIC_REPRESENTATION_CONTEXT(2) 
PARAMETRIC_REPRESENTATION_CONTEXT() REPRESENTATION_CONTEXT('2D SPACE',''
  ) );
#219 = ORIENTED_EDGE('',*,*,#220,.T.);
#220 = EDGE_CURVE('',#200,#200,#221,.T.);
#221 = SURFACE_CURVE('',#222,(#238,#245),.PCURVE_S1.);
#222 = ( BOUNDED_CURVE() B_SPLINE_CURVE(14,(#223,#224,#225,#226,#227,
    #228,#229,#230,#231,#232,#233,#234,#235,#236,#237),.UNSPECIFIED.,.T.
,.F.) B_SPLINE_CURVE_WITH_KNOTS((15,15),(5.925189522322E-16,
23.247785636564),.PIECEWISE_BEZIER_KNOTS.) CURVE() 
GEOMETRIC_REPRESENTATION_ITEM() RATIONAL_B_SPLINE_CURVE((1.,
    1.000000000001,0.999999999995,1.000000000013,0.999999999975,
    1.00000000004,0.999999999949,1.000000000053,0.999999999955,
    1.000000000032,0.999999999982,1.000000000008,0.999999999997,
1.000000000001,1.)) REPRESENTATION_ITEM('') );
#223 = CARTESIAN_POINT('',(2.193171219946,0.,8.5));
#224 = CARTESIAN_POINT('',(2.193171219942,0.970054451904,8.5));
#225 = CARTESIAN_POINT('',(1.731184193962,1.960758306903,8.500000000001)
  );
#226 = CARTESIAN_POINT('',(0.774631899052,2.713891656634,8.499999999998)
  );
#227 = CARTESIAN_POINT('',(-0.530036608083,2.96148608623,8.500000000004)
  );
#228 = CARTESIAN_POINT('',(-1.881523120056,2.471393828403,8.499999999993
    ));
#229 = CARTESIAN_POINT('',(-2.788150577791,1.501044097453,8.500000000009
    ));
#230 = CARTESIAN_POINT('',(-3.361691883795,6.911329277978E-11,
    8.49999999999));
#231 = CARTESIAN_POINT('',(-2.788150577782,-1.50104409757,8.500000000009
    ));
#232 = CARTESIAN_POINT('',(-1.881523120062,-2.471393828329,
    8.499999999994));
#233 = CARTESIAN_POINT('',(-0.530036608087,-2.961486086266,
    8.500000000004));
#234 = CARTESIAN_POINT('',(0.77463189906,-2.713891656618,8.499999999998)
  );
#235 = CARTESIAN_POINT('',(1.731184193957,-1.96075830691,8.500000000001)
  );
#236 = CARTESIAN_POINT('',(2.193171219944,-0.970054451903,8.5));
#237 = CARTESIAN_POINT('',(2.193171219946,0.,8.5));
#238 = PCURVE('',#143,#239);
#239 = DEFINITIONAL_REPRESENTATION('',(#240),#244);
#240 = LINE('',#241,#242);
#241 = CARTESIAN_POINT('',(23.247785636564,0.));
#242 = VECTOR('',#243,1.);
#243 = DIRECTION('',(0.,1.));
#244 = ( GEOMETRIC_REPRESENTATION_CONTEXT(2) 
PARAMETRIC_REPRESENTATION_CONTEXT() REPRESENTATION_CONTEXT('2D SPACE',''
  ) );
#245 = PCURVE('',#246,#251);
#246 = PLANE('',#247);
#247 = AXIS2_PLACEMENT_3D('',#248,#249,#250);
#248 = CARTESIAN_POINT('',(-7.4,-7.4,8.5));
#249 = DIRECTION('',(0.,0.,1.));
#250 = DIRECTION('',(1.,0.,-0.));
#251 = DEFINITIONAL_REPRESENTATION('',(#252),#268);
#252 = B_SPLINE_CURVE_WITH_KNOTS('',14,(#253,#254,#255,#256,#257,#258,
    #259,#260,#261,#262,#263,#264,#265,#266,#267),.UNSPECIFIED.,.T.,.F.,
  (15,15),(5.925189522322E-16,23.247785636564),
  .PIECEWISE_BEZIER_KNOTS.);
#253 = CARTESIAN_POINT('',(9.593171219946,7.4));
#254 = CARTESIAN_POINT('',(9.593171219952,8.370054451911));
#255 = CARTESIAN_POINT('',(9.131184193921,9.360758306869));
#256 = CARTESIAN_POINT('',(8.174631899155,10.113891656737));
#257 = CARTESIAN_POINT('',(6.869963391743,10.361486086015));
#258 = CARTESIAN_POINT('',(5.518476880167,9.87139382872));
#259 = CARTESIAN_POINT('',(4.61184942197,8.901044097102));
#260 = CARTESIAN_POINT('',(4.038308116426,7.40000000035));
#261 = CARTESIAN_POINT('',(4.611849422001,5.898955902262));
#262 = CARTESIAN_POINT('',(5.518476880121,4.928606171756));
#263 = CARTESIAN_POINT('',(6.869963391782,4.438513913696));
#264 = CARTESIAN_POINT('',(8.174631899131,4.686108343401));
#265 = CARTESIAN_POINT('',(9.13118419393,5.439241693082));
#266 = CARTESIAN_POINT('',(9.59317121995,6.4299455481));
#267 = CARTESIAN_POINT('',(9.593171219946,7.4));
#268 = ( GEOMETRIC_REPRESENTATION_CONTEXT(2) 
PARAMETRIC_REPRESENTATION_CONTEXT() REPRESENTATION_CONTEXT('2D SPACE',''
  ) );
#269 = ORIENTED_EDGE('',*,*,#199,.F.);
#270 = ORIENTED_EDGE('',*,*,#98,.F.);
#271 = ADVANCED_FACE('',(#272),#85,.T.);
#272 = FACE_BOUND('',#273,.T.);
#273 = EDGE_LOOP('',(#274,#297,#298,#299));
#274 = ORIENTED_EDGE('',*,*,#275,.F.);
#275 = EDGE_CURVE('',#40,#276,#278,.T.);
#276 = VERTEX_POINT('',#277);
#277 = CARTESIAN_POINT('',(2.5,-6.123233995737E-16,3.8));
#278 = SEAM_CURVE('',#279,(#283,#290),.PCURVE_S1.);
#279 = LINE('',#280,#281);
#280 = CARTESIAN_POINT('',(2.5,-6.123233995736E-16,5.772363660603));
#281 = VECTOR('',#282,1.);
#282 = DIRECTION('',(5.606380580896E-14,-1.37485262777E-29,-1.));
#283 = PCURVE('',#85,#284);
#284 = DEFINITIONAL_REPRESENTATION('',(#285),#289);
#285 = LINE('',#286,#287);
#286 = CARTESIAN_POINT('',(6.28318530718,2.372363660603));
#287 = VECTOR('',#288,1.);
#288 = DIRECTION('',(-0.,-1.));
#289 = ( GEOMETRIC_REPRESENTATION_CONTEXT(2) 
PARAMETRIC_REPRESENTATION_CONTEXT() REPRESENTATION_CONTEXT('2D SPACE',''
  ) );
#290 = PCURVE('',#85,#291);
#291 = DEFINITIONAL_REPRESENTATION('',(#292),#296);
#292 = LINE('',#293,#294);
#293 = CARTESIAN_POINT('',(0.,2.372363660603));
#294 = VECTOR('',#295,1.);
#295 = DIRECTION('',(-0.,-1.));
#296 = ( GEOMETRIC_REPRESENTATION_CONTEXT(2) 
PARAMETRIC_REPRESENTATION_CONTEXT() REPRESENTATION_CONTEXT('2D SPACE',''
  ) );
#297 = ORIENTED_EDGE('',*,*,#70,.F.);
#298 = ORIENTED_EDGE('',*,*,#275,.T.);
#299 = ORIENTED_EDGE('',*,*,#300,.T.);
#300 = EDGE_CURVE('',#276,#276,#301,.T.);
#301 = SURFACE_CURVE('',#302,(#307,#314),.PCURVE_S1.);
#302 = CIRCLE('',#303,2.5);
#303 = AXIS2_PLACEMENT_3D('',#304,#305,#306);
#304 = CARTESIAN_POINT('',(0.,0.,3.8));
#305 = DIRECTION('',(0.,0.,1.));
#306 = DIRECTION('',(1.,0.,-0.));
#307 = PCURVE('',#85,#308);
#308 = DEFINITIONAL_REPRESENTATION('',(#309),#313);
#309 = LINE('',#310,#311);
#310 = CARTESIAN_POINT('',(0.,0.4));
#311 = VECTOR('',#312,1.);
#312 = DIRECTION('',(1.,0.));
#313 = ( GEOMETRIC_REPRESENTATION_CONTEXT(2) 
PARAMETRIC_REPRESENTATION_CONTEXT() REPRESENTATION_CONTEXT('2D SPACE',''
  ) );
#314 = PCURVE('',#315,#320);
#315 = PLANE('',#316);
#316 = AXIS2_PLACEMENT_3D('',#317,#318,#319);
#317 = CARTESIAN_POINT('',(0.,0.,3.8));
#318 = DIRECTION('',(0.,0.,1.));
#319 = DIRECTION('',(1.,0.,-0.));
#320 = DEFINITIONAL_REPRESENTATION('',(#321),#325);
#321 = CIRCLE('',#322,2.5);
#322 = AXIS2_PLACEMENT_2D('',#323,#324);
#323 = CARTESIAN_POINT('',(0.,0.));
#324 = DIRECTION('',(1.,0.));
#325 = ( GEOMETRIC_REPRESENTATION_CONTEXT(2) 
PARAMETRIC_REPRESENTATION_CONTEXT() REPRESENTATION_CONTEXT('2D SPACE',''
  ) );
#326 = ADVANCED_FACE('',(#327,#330,#361,#392,#423),#246,.T.);
#327 = FACE_BOUND('',#328,.T.);
#328 = EDGE_LOOP('',(#329));
#329 = ORIENTED_EDGE('',*,*,#220,.T.);
#330 = FACE_BOUND('',#331,.T.);
#331 = EDGE_LOOP('',(#332));
#332 = ORIENTED_EDGE('',*,*,#333,.F.);
#333 = EDGE_CURVE('',#334,#334,#336,.T.);
#334 = VERTEX_POINT('',#335);
#335 = CARTESIAN_POINT('',(-0.75,-1.2,8.5));
#336 = SURFACE_CURVE('',#337,(#342,#349),.PCURVE_S1.);
#337 = CIRCLE('',#338,0.45);
#338 = AXIS2_PLACEMENT_3D('',#339,#340,#341);
#339 = CARTESIAN_POINT('',(-1.2,-1.2,8.5));
#340 = DIRECTION('',(0.,0.,1.));
#341 = DIRECTION('',(1.,0.,-0.));
#342 = PCURVE('',#246,#343);
#343 = DEFINITIONAL_REPRESENTATION('',(#344),#348);
#344 = CIRCLE('',#345,0.45);
#345 = AXIS2_PLACEMENT_2D('',#346,#347);
#346 = CARTESIAN_POINT('',(6.2,6.2));
#347 = DIRECTION('',(1.,0.));
#348 = ( GEOMETRIC_REPRESENTATION_CONTEXT(2) 
PARAMETRIC_REPRESENTATION_CONTEXT() REPRESENTATION_CONTEXT('2D SPACE',''
  ) );
#349 = PCURVE('',#350,#355);
#350 = CYLINDRICAL_SURFACE('',#351,0.45);
#351 = AXIS2_PLACEMENT_3D('',#352,#353,#354);
#352 = CARTESIAN_POINT('',(-1.2,-1.2,8.));
#353 = DIRECTION('',(0.,0.,1.));
#354 = DIRECTION('',(1.,0.,-0.));
#355 = DEFINITIONAL_REPRESENTATION('',(#356),#360);
#356 = LINE('',#357,#358);
#357 = CARTESIAN_POINT('',(0.,0.5));
#358 = VECTOR('',#359,1.);
#359 = DIRECTION('',(1.,0.));
#360 = ( GEOMETRIC_REPRESENTATION_CONTEXT(2) 
PARAMETRIC_REPRESENTATION_CONTEXT() REPRESENTATION_CONTEXT('2D SPACE',''
  ) );
#361 = FACE_BOUND('',#362,.T.);
#362 = EDGE_LOOP('',(#363));
#363 = ORIENTED_EDGE('',*,*,#364,.F.);
#364 = EDGE_CURVE('',#365,#365,#367,.T.);
#365 = VERTEX_POINT('',#366);
#366 = CARTESIAN_POINT('',(1.65,-1.2,8.5));
#367 = SURFACE_CURVE('',#368,(#373,#380),.PCURVE_S1.);
#368 = CIRCLE('',#369,0.45);
#369 = AXIS2_PLACEMENT_3D('',#370,#371,#372);
#370 = CARTESIAN_POINT('',(1.2,-1.2,8.5));
#371 = DIRECTION('',(0.,0.,1.));
#372 = DIRECTION('',(1.,0.,-0.));
#373 = PCURVE('',#246,#374);
#374 = DEFINITIONAL_REPRESENTATION('',(#375),#379);
#375 = CIRCLE('',#376,0.45);
#376 = AXIS2_PLACEMENT_2D('',#377,#378);
#377 = CARTESIAN_POINT('',(8.6,6.2));
#378 = DIRECTION('',(1.,0.));
#379 = ( GEOMETRIC_REPRESENTATION_CONTEXT(2) 
PARAMETRIC_REPRESENTATION_CONTEXT() REPRESENTATION_CONTEXT('2D SPACE',''
  ) );
#380 = PCURVE('',#381,#386);
#381 = CYLINDRICAL_SURFACE('',#382,0.45);
#382 = AXIS2_PLACEMENT_3D('',#383,#384,#385);
#383 = CARTESIAN_POINT('',(1.2,-1.2,8.));
#384 = DIRECTION('',(0.,0.,1.));
#385 = DIRECTION('',(1.,0.,-0.));
#386 = DEFINITIONAL_REPRESENTATION('',(#387),#391);
#387 = LINE('',#388,#389);
#388 = CARTESIAN_POINT('',(0.,0.5));
#389 = VECTOR('',#390,1.);
#390 = DIRECTION('',(1.,0.));
#391 = ( GEOMETRIC_REPRESENTATION_CONTEXT(2) 
PARAMETRIC_REPRESENTATION_CONTEXT() REPRESENTATION_CONTEXT('2D SPACE',''
  ) );
#392 = FACE_BOUND('',#393,.T.);
#393 = EDGE_LOOP('',(#394));
#394 = ORIENTED_EDGE('',*,*,#395,.F.);
#395 = EDGE_CURVE('',#396,#396,#398,.T.);
#396 = VERTEX_POINT('',#397);
#397 = CARTESIAN_POINT('',(-0.75,1.2,8.5));
#398 = SURFACE_CURVE('',#399,(#404,#411),.PCURVE_S1.);
#399 = CIRCLE('',#400,0.45);
#400 = AXIS2_PLACEMENT_3D('',#401,#402,#403);
#401 = CARTESIAN_POINT('',(-1.2,1.2,8.5));
#402 = DIRECTION('',(0.,0.,1.));
#403 = DIRECTION('',(1.,0.,-0.));
#404 = PCURVE('',#246,#405);
#405 = DEFINITIONAL_REPRESENTATION('',(#406),#410);
#406 = CIRCLE('',#407,0.45);
#407 = AXIS2_PLACEMENT_2D('',#408,#409);
#408 = CARTESIAN_POINT('',(6.2,8.6));
#409 = DIRECTION('',(1.,0.));
#410 = ( GEOMETRIC_REPRESENTATION_CONTEXT(2) 
PARAMETRIC_REPRESENTATION_CONTEXT() REPRESENTATION_CONTEXT('2D SPACE',''
  ) );
#411 = PCURVE('',#412,#417);
#412 = CYLINDRICAL_SURFACE('',#413,0.45);
#413 = AXIS2_PLACEMENT_3D('',#414,#415,#416);
#414 = CARTESIAN_POINT('',(-1.2,1.2,8.));
#415 = DIRECTION('',(0.,0.,1.));
#416 = DIRECTION('',(1.,0.,-0.));
#417 = DEFINITIONAL_REPRESENTATION('',(#418),#422);
#418 = LINE('',#419,#420);
#419 = CARTESIAN_POINT('',(0.,0.5));
#420 = VECTOR('',#421,1.);
#421 = DIRECTION('',(1.,0.));
#422 = ( GEOMETRIC_REPRESENTATION_CONTEXT(2) 
PARAMETRIC_REPRESENTATION_CONTEXT() REPRESENTATION_CONTEXT('2D SPACE',''
  ) );
#423 = FACE_BOUND('',#424,.T.);
#424 = EDGE_LOOP('',(#425));
#425 = ORIENTED_EDGE('',*,*,#426,.F.);
#426 = EDGE_CURVE('',#427,#427,#429,.T.);
#427 = VERTEX_POINT('',#428);
#428 = CARTESIAN_POINT('',(1.65,1.2,8.5));
#429 = SURFACE_CURVE('',#430,(#435,#442),.PCURVE_S1.);
#430 = CIRCLE('',#431,0.45);
#431 = AXIS2_PLACEMENT_3D('',#432,#433,#434);
#432 = CARTESIAN_POINT('',(1.2,1.2,8.5));
#433 = DIRECTION('',(0.,0.,1.));
#434 = DIRECTION('',(1.,0.,-0.));
#435 = PCURVE('',#246,#436);
#436 = DEFINITIONAL_REPRESENTATION('',(#437),#441);
#437 = CIRCLE('',#438,0.45);
#438 = AXIS2_PLACEMENT_2D('',#439,#440);
#439 = CARTESIAN_POINT('',(8.6,8.6));
#440 = DIRECTION('',(1.,0.));
#441 = ( GEOMETRIC_REPRESENTATION_CONTEXT(2) 
PARAMETRIC_REPRESENTATION_CONTEXT() REPRESENTATION_CONTEXT('2D SPACE',''
  ) );
#442 = PCURVE('',#443,#448);
#443 = CYLINDRICAL_SURFACE('',#444,0.45);
#444 = AXIS2_PLACEMENT_3D('',#445,#446,#447);
#445 = CARTESIAN_POINT('',(1.2,1.2,8.));
#446 = DIRECTION('',(0.,0.,1.));
#447 = DIRECTION('',(1.,0.,-0.));
#448 = DEFINITIONAL_REPRESENTATION('',(#449),#453);
#449 = LINE('',#450,#451);
#450 = CARTESIAN_POINT('',(0.,0.5));
#451 = VECTOR('',#452,1.);
#452 = DIRECTION('',(1.,0.));
#453 = ( GEOMETRIC_REPRESENTATION_CONTEXT(2) 
PARAMETRIC_REPRESENTATION_CONTEXT() REPRESENTATION_CONTEXT('2D SPACE',''
  ) );
#454 = ADVANCED_FACE('',(#455,#486),#315,.T.);
#455 = FACE_BOUND('',#456,.T.);
#456 = EDGE_LOOP('',(#457));
#457 = ORIENTED_EDGE('',*,*,#458,.T.);
#458 = EDGE_CURVE('',#459,#459,#461,.T.);
#459 = VERTEX_POINT('',#460);
#460 = CARTESIAN_POINT('',(3.4,-8.327598234202E-16,3.8));
#461 = SURFACE_CURVE('',#462,(#467,#474),.PCURVE_S1.);
#462 = CIRCLE('',#463,3.4);
#463 = AXIS2_PLACEMENT_3D('',#464,#465,#466);
#464 = CARTESIAN_POINT('',(0.,0.,3.8));
#465 = DIRECTION('',(0.,0.,1.));
#466 = DIRECTION('',(1.,0.,-0.));
#467 = PCURVE('',#315,#468);
#468 = DEFINITIONAL_REPRESENTATION('',(#469),#473);
#469 = CIRCLE('',#470,3.4);
#470 = AXIS2_PLACEMENT_2D('',#471,#472);
#471 = CARTESIAN_POINT('',(0.,0.));
#472 = DIRECTION('',(1.,0.));
#473 = ( GEOMETRIC_REPRESENTATION_CONTEXT(2) 
PARAMETRIC_REPRESENTATION_CONTEXT() REPRESENTATION_CONTEXT('2D SPACE',''
  ) );
#474 = PCURVE('',#475,#480);
#475 = CONICAL_SURFACE('',#476,4.,1.310193935048);
#476 = AXIS2_PLACEMENT_3D('',#477,#478,#479);
#477 = CARTESIAN_POINT('',(0.,0.,3.64));
#478 = DIRECTION('',(-0.,-0.,-1.));
#479 = DIRECTION('',(1.,0.,-0.));
#480 = DEFINITIONAL_REPRESENTATION('',(#481),#485);
#481 = LINE('',#482,#483);
#482 = CARTESIAN_POINT('',(-0.,-0.16));
#483 = VECTOR('',#484,1.);
#484 = DIRECTION('',(-1.,-0.));
#485 = ( GEOMETRIC_REPRESENTATION_CONTEXT(2) 
PARAMETRIC_REPRESENTATION_CONTEXT() REPRESENTATION_CONTEXT('2D SPACE',''
  ) );
#486 = FACE_BOUND('',#487,.T.);
#487 = EDGE_LOOP('',(#488));
#488 = ORIENTED_EDGE('',*,*,#300,.F.);
#489 = ADVANCED_FACE('',(#490),#350,.F.);
#490 = FACE_BOUND('',#491,.F.);
#491 = EDGE_LOOP('',(#492,#493,#516,#543));
#492 = ORIENTED_EDGE('',*,*,#333,.F.);
#493 = ORIENTED_EDGE('',*,*,#494,.F.);
#494 = EDGE_CURVE('',#495,#334,#497,.T.);
#495 = VERTEX_POINT('',#496);
#496 = CARTESIAN_POINT('',(-0.75,-1.2,8.));
#497 = SEAM_CURVE('',#498,(#502,#509),.PCURVE_S1.);
#498 = LINE('',#499,#500);
#499 = CARTESIAN_POINT('',(-0.75,-1.2,8.));
#500 = VECTOR('',#501,1.);
#501 = DIRECTION('',(0.,0.,1.));
#502 = PCURVE('',#350,#503);
#503 = DEFINITIONAL_REPRESENTATION('',(#504),#508);
#504 = LINE('',#505,#506);
#505 = CARTESIAN_POINT('',(6.28318530718,-0.));
#506 = VECTOR('',#507,1.);
#507 = DIRECTION('',(0.,1.));
#508 = ( GEOMETRIC_REPRESENTATION_CONTEXT(2) 
PARAMETRIC_REPRESENTATION_CONTEXT() REPRESENTATION_CONTEXT('2D SPACE',''
  ) );
#509 = PCURVE('',#350,#510);
#510 = DEFINITIONAL_REPRESENTATION('',(#511),#515);
#511 = LINE('',#512,#513);
#512 = CARTESIAN_POINT('',(0.,-0.));
#513 = VECTOR('',#514,1.);
#514 = DIRECTION('',(0.,1.));
#515 = ( GEOMETRIC_REPRESENTATION_CONTEXT(2) 
PARAMETRIC_REPRESENTATION_CONTEXT() REPRESENTATION_CONTEXT('2D SPACE',''
  ) );
#516 = ORIENTED_EDGE('',*,*,#517,.T.);
#517 = EDGE_CURVE('',#495,#495,#518,.T.);
#518 = SURFACE_CURVE('',#519,(#524,#531),.PCURVE_S1.);
#519 = CIRCLE('',#520,0.45);
#520 = AXIS2_PLACEMENT_3D('',#521,#522,#523);
#521 = CARTESIAN_POINT('',(-1.2,-1.2,8.));
#522 = DIRECTION('',(0.,0.,1.));
#523 = DIRECTION('',(1.,0.,-0.));
#524 = PCURVE('',#350,#525);
#525 = DEFINITIONAL_REPRESENTATION('',(#526),#530);
#526 = LINE('',#527,#528);
#527 = CARTESIAN_POINT('',(0.,0.));
#528 = VECTOR('',#529,1.);
#529 = DIRECTION('',(1.,0.));
#530 = ( GEOMETRIC_REPRESENTATION_CONTEXT(2) 
PARAMETRIC_REPRESENTATION_CONTEXT() REPRESENTATION_CONTEXT('2D SPACE',''
  ) );
#531 = PCURVE('',#532,#537);
#532 = PLANE('',#533);
#533 = AXIS2_PLACEMENT_3D('',#534,#535,#536);
#534 = CARTESIAN_POINT('',(-1.2,-1.2,8.));
#535 = DIRECTION('',(0.,0.,1.));
#536 = DIRECTION('',(1.,0.,-0.));
#537 = DEFINITIONAL_REPRESENTATION('',(#538),#542);
#538 = CIRCLE('',#539,0.45);
#539 = AXIS2_PLACEMENT_2D('',#540,#541);
#540 = CARTESIAN_POINT('',(0.,0.));
#541 = DIRECTION('',(1.,0.));
#542 = ( GEOMETRIC_REPRESENTATION_CONTEXT(2) 
PARAMETRIC_REPRESENTATION_CONTEXT() REPRESENTATION_CONTEXT('2D SPACE',''
  ) );
#543 = ORIENTED_EDGE('',*,*,#494,.T.);
#544 = ADVANCED_FACE('',(#545),#381,.F.);
#545 = FACE_BOUND('',#546,.F.);
#546 = EDGE_LOOP('',(#547,#548,#571,#598));
#547 = ORIENTED_EDGE('',*,*,#364,.F.);
#548 = ORIENTED_EDGE('',*,*,#549,.F.);
#549 = EDGE_CURVE('',#550,#365,#552,.T.);
#550 = VERTEX_POINT('',#551);
#551 = CARTESIAN_POINT('',(1.65,-1.2,8.));
#552 = SEAM_CURVE('',#553,(#557,#564),.PCURVE_S1.);
#553 = LINE('',#554,#555);
#554 = CARTESIAN_POINT('',(1.65,-1.2,8.));
#555 = VECTOR('',#556,1.);
#556 = DIRECTION('',(0.,0.,1.));
#557 = PCURVE('',#381,#558);
#558 = DEFINITIONAL_REPRESENTATION('',(#559),#563);
#559 = LINE('',#560,#561);
#560 = CARTESIAN_POINT('',(6.28318530718,-0.));
#561 = VECTOR('',#562,1.);
#562 = DIRECTION('',(0.,1.));
#563 = ( GEOMETRIC_REPRESENTATION_CONTEXT(2) 
PARAMETRIC_REPRESENTATION_CONTEXT() REPRESENTATION_CONTEXT('2D SPACE',''
  ) );
#564 = PCURVE('',#381,#565);
#565 = DEFINITIONAL_REPRESENTATION('',(#566),#570);
#566 = LINE('',#567,#568);
#567 = CARTESIAN_POINT('',(0.,-0.));
#568 = VECTOR('',#569,1.);
#569 = DIRECTION('',(0.,1.));
#570 = ( GEOMETRIC_REPRESENTATION_CONTEXT(2) 
PARAMETRIC_REPRESENTATION_CONTEXT() REPRESENTATION_CONTEXT('2D SPACE',''
  ) );
#571 = ORIENTED_EDGE('',*,*,#572,.T.);
#572 = EDGE_CURVE('',#550,#550,#573,.T.);
#573 = SURFACE_CURVE('',#574,(#579,#586),.PCURVE_S1.);
#574 = CIRCLE('',#575,0.45);
#575 = AXIS2_PLACEMENT_3D('',#576,#577,#578);
#576 = CARTESIAN_POINT('',(1.2,-1.2,8.));
#577 = DIRECTION('',(0.,0.,1.));
#578 = DIRECTION('',(1.,0.,-0.));
#579 = PCURVE('',#381,#580);
#580 = DEFINITIONAL_REPRESENTATION('',(#581),#585);
#581 = LINE('',#582,#583);
#582 = CARTESIAN_POINT('',(0.,0.));
#583 = VECTOR('',#584,1.);
#584 = DIRECTION('',(1.,0.));
#585 = ( GEOMETRIC_REPRESENTATION_CONTEXT(2) 
PARAMETRIC_REPRESENTATION_CONTEXT() REPRESENTATION_CONTEXT('2D SPACE',''
  ) );
#586 = PCURVE('',#587,#592);
#587 = PLANE('',#588);
#588 = AXIS2_PLACEMENT_3D('',#589,#590,#591);
#589 = CARTESIAN_POINT('',(1.2,-1.2,8.));
#590 = DIRECTION('',(0.,0.,1.));
#591 = DIRECTION('',(1.,0.,-0.));
#592 = DEFINITIONAL_REPRESENTATION('',(#593),#597);
#593 = CIRCLE('',#594,0.45);
#594 = AXIS2_PLACEMENT_2D('',#595,#596);
#595 = CARTESIAN_POINT('',(0.,0.));
#596 = DIRECTION('',(1.,0.));
#597 = ( GEOMETRIC_REPRESENTATION_CONTEXT(2) 
PARAMETRIC_REPRESENTATION_CONTEXT() REPRESENTATION_CONTEXT('2D SPACE',''
  ) );
#598 = ORIENTED_EDGE('',*,*,#549,.T.);
#599 = ADVANCED_FACE('',(#600),#412,.F.);
#600 = FACE_BOUND('',#601,.F.);
#601 = EDGE_LOOP('',(#602,#603,#626,#653));
#602 = ORIENTED_EDGE('',*,*,#395,.F.);
#603 = ORIENTED_EDGE('',*,*,#604,.F.);
#604 = EDGE_CURVE('',#605,#396,#607,.T.);
#605 = VERTEX_POINT('',#606);
#606 = CARTESIAN_POINT('',(-0.75,1.2,8.));
#607 = SEAM_CURVE('',#608,(#612,#619),.PCURVE_S1.);
#608 = LINE('',#609,#610);
#609 = CARTESIAN_POINT('',(-0.75,1.2,8.));
#610 = VECTOR('',#611,1.);
#611 = DIRECTION('',(0.,0.,1.));
#612 = PCURVE('',#412,#613);
#613 = DEFINITIONAL_REPRESENTATION('',(#614),#618);
#614 = LINE('',#615,#616);
#615 = CARTESIAN_POINT('',(6.28318530718,-0.));
#616 = VECTOR('',#617,1.);
#617 = DIRECTION('',(0.,1.));
#618 = ( GEOMETRIC_REPRESENTATION_CONTEXT(2) 
PARAMETRIC_REPRESENTATION_CONTEXT() REPRESENTATION_CONTEXT('2D SPACE',''
  ) );
#619 = PCURVE('',#412,#620);
#620 = DEFINITIONAL_REPRESENTATION('',(#621),#625);
#621 = LINE('',#622,#623);
#622 = CARTESIAN_POINT('',(0.,-0.));
#623 = VECTOR('',#624,1.);
#624 = DIRECTION('',(0.,1.));
#625 = ( GEOMETRIC_REPRESENTATION_CONTEXT(2) 
PARAMETRIC_REPRESENTATION_CONTEXT() REPRESENTATION_CONTEXT('2D SPACE',''
  ) );
#626 = ORIENTED_EDGE('',*,*,#627,.T.);
#627 = EDGE_CURVE('',#605,#605,#628,.T.);
#628 = SURFACE_CURVE('',#629,(#634,#641),.PCURVE_S1.);
#629 = CIRCLE('',#630,0.45);
#630 = AXIS2_PLACEMENT_3D('',#631,#632,#633);
#631 = CARTESIAN_POINT('',(-1.2,1.2,8.));
#632 = DIRECTION('',(0.,0.,1.));
#633 = DIRECTION('',(1.,0.,-0.));
#634 = PCURVE('',#412,#635);
#635 = DEFINITIONAL_REPRESENTATION('',(#636),#640);
#636 = LINE('',#637,#638);
#637 = CARTESIAN_POINT('',(0.,0.));
#638 = VECTOR('',#639,1.);
#639 = DIRECTION('',(1.,0.));
#640 = ( GEOMETRIC_REPRESENTATION_CONTEXT(2) 
PARAMETRIC_REPRESENTATION_CONTEXT() REPRESENTATION_CONTEXT('2D SPACE',''
  ) );
#641 = PCURVE('',#642,#647);
#642 = PLANE('',#643);
#643 = AXIS2_PLACEMENT_3D('',#644,#645,#646);
#644 = CARTESIAN_POINT('',(-1.2,1.2,8.));
#645 = DIRECTION('',(0.,0.,1.));
#646 = DIRECTION('',(1.,0.,-0.));
#647 = DEFINITIONAL_REPRESENTATION('',(#648),#652);
#648 = CIRCLE('',#649,0.45);
#649 = AXIS2_PLACEMENT_2D('',#650,#651);
#650 = CARTESIAN_POINT('',(0.,0.));
#651 = DIRECTION('',(1.,0.));
#652 = ( GEOMETRIC_REPRESENTATION_CONTEXT(2) 
PARAMETRIC_REPRESENTATION_CONTEXT() REPRESENTATION_CONTEXT('2D SPACE',''
  ) );
#653 = ORIENTED_EDGE('',*,*,#604,.T.);
#654 = ADVANCED_FACE('',(#655),#443,.F.);
#655 = FACE_BOUND('',#656,.F.);
#656 = EDGE_LOOP('',(#657,#658,#681,#708));
#657 = ORIENTED_EDGE('',*,*,#426,.F.);
#658 = ORIENTED_EDGE('',*,*,#659,.F.);
#659 = EDGE_CURVE('',#660,#427,#662,.T.);
#660 = VERTEX_POINT('',#661);
#661 = CARTESIAN_POINT('',(1.65,1.2,8.));
#662 = SEAM_CURVE('',#663,(#667,#674),.PCURVE_S1.);
#663 = LINE('',#664,#665);
#664 = CARTESIAN_POINT('',(1.65,1.2,8.));
#665 = VECTOR('',#666,1.);
#666 = DIRECTION('',(0.,0.,1.));
#667 = PCURVE('',#443,#668);
#668 = DEFINITIONAL_REPRESENTATION('',(#669),#673);
#669 = LINE('',#670,#671);
#670 = CARTESIAN_POINT('',(6.28318530718,-0.));
#671 = VECTOR('',#672,1.);
#672 = DIRECTION('',(0.,1.));
#673 = ( GEOMETRIC_REPRESENTATION_CONTEXT(2) 
PARAMETRIC_REPRESENTATION_CONTEXT() REPRESENTATION_CONTEXT('2D SPACE',''
  ) );
#674 = PCURVE('',#443,#675);
#675 = DEFINITIONAL_REPRESENTATION('',(#676),#680);
#676 = LINE('',#677,#678);
#677 = CARTESIAN_POINT('',(0.,-0.));
#678 = VECTOR('',#679,1.);
#679 = DIRECTION('',(0.,1.));
#680 = ( GEOMETRIC_REPRESENTATION_CONTEXT(2) 
PARAMETRIC_REPRESENTATION_CONTEXT() REPRESENTATION_CONTEXT('2D SPACE',''
  ) );
#681 = ORIENTED_EDGE('',*,*,#682,.T.);
#682 = EDGE_CURVE('',#660,#660,#683,.T.);
#683 = SURFACE_CURVE('',#684,(#689,#696),.PCURVE_S1.);
#684 = CIRCLE('',#685,0.45);
#685 = AXIS2_PLACEMENT_3D('',#686,#687,#688);
#686 = CARTESIAN_POINT('',(1.2,1.2,8.));
#687 = DIRECTION('',(0.,0.,1.));
#688 = DIRECTION('',(1.,0.,-0.));
#689 = PCURVE('',#443,#690);
#690 = DEFINITIONAL_REPRESENTATION('',(#691),#695);
#691 = LINE('',#692,#693);
#692 = CARTESIAN_POINT('',(0.,0.));
#693 = VECTOR('',#694,1.);
#694 = DIRECTION('',(1.,0.));
#695 = ( GEOMETRIC_REPRESENTATION_CONTEXT(2) 
PARAMETRIC_REPRESENTATION_CONTEXT() REPRESENTATION_CONTEXT('2D SPACE',''
  ) );
#696 = PCURVE('',#697,#702);
#697 = PLANE('',#698);
#698 = AXIS2_PLACEMENT_3D('',#699,#700,#701);
#699 = CARTESIAN_POINT('',(1.2,1.2,8.));
#700 = DIRECTION('',(0.,0.,1.));
#701 = DIRECTION('',(1.,0.,-0.));
#702 = DEFINITIONAL_REPRESENTATION('',(#703),#707);
#703 = CIRCLE('',#704,0.45);
#704 = AXIS2_PLACEMENT_2D('',#705,#706);
#705 = CARTESIAN_POINT('',(0.,0.));
#706 = DIRECTION('',(1.,0.));
#707 = ( GEOMETRIC_REPRESENTATION_CONTEXT(2) 
PARAMETRIC_REPRESENTATION_CONTEXT() REPRESENTATION_CONTEXT('2D SPACE',''
  ) );
#708 = ORIENTED_EDGE('',*,*,#659,.T.);
#709 = ADVANCED_FACE('',(#710),#475,.T.);
#710 = FACE_BOUND('',#711,.T.);
#711 = EDGE_LOOP('',(#712,#735,#736,#737));
#712 = ORIENTED_EDGE('',*,*,#713,.T.);
#713 = EDGE_CURVE('',#714,#459,#716,.T.);
#714 = VERTEX_POINT('',#715);
#715 = CARTESIAN_POINT('',(4.,-9.797174393179E-16,3.64));
#716 = SEAM_CURVE('',#717,(#721,#728),.PCURVE_S1.);
#717 = LINE('',#718,#719);
#718 = CARTESIAN_POINT('',(4.,-9.797174393179E-16,3.64));
#719 = VECTOR('',#720,1.);
#720 = DIRECTION('',(-0.966234939601,2.366593052014E-16,0.25766265056));
#721 = PCURVE('',#475,#722);
#722 = DEFINITIONAL_REPRESENTATION('',(#723),#727);
#723 = LINE('',#724,#725);
#724 = CARTESIAN_POINT('',(-6.28318530718,0.));
#725 = VECTOR('',#726,1.);
#726 = DIRECTION('',(-0.,-1.));
#727 = ( GEOMETRIC_REPRESENTATION_CONTEXT(2) 
PARAMETRIC_REPRESENTATION_CONTEXT() REPRESENTATION_CONTEXT('2D SPACE',''
  ) );
#728 = PCURVE('',#475,#729);
#729 = DEFINITIONAL_REPRESENTATION('',(#730),#734);
#730 = LINE('',#731,#732);
#731 = CARTESIAN_POINT('',(0.,-0.));
#732 = VECTOR('',#733,1.);
#733 = DIRECTION('',(-0.,-1.));
#734 = ( GEOMETRIC_REPRESENTATION_CONTEXT(2) 
PARAMETRIC_REPRESENTATION_CONTEXT() REPRESENTATION_CONTEXT('2D SPACE',''
  ) );
#735 = ORIENTED_EDGE('',*,*,#458,.F.);
#736 = ORIENTED_EDGE('',*,*,#713,.F.);
#737 = ORIENTED_EDGE('',*,*,#738,.T.);
#738 = EDGE_CURVE('',#714,#714,#739,.T.);
#739 = SURFACE_CURVE('',#740,(#745,#752),.PCURVE_S1.);
#740 = CIRCLE('',#741,4.);
#741 = AXIS2_PLACEMENT_3D('',#742,#743,#744);
#742 = CARTESIAN_POINT('',(0.,0.,3.64));
#743 = DIRECTION('',(0.,0.,1.));
#744 = DIRECTION('',(1.,0.,-0.));
#745 = PCURVE('',#475,#746);
#746 = DEFINITIONAL_REPRESENTATION('',(#747),#751);
#747 = LINE('',#748,#749);
#748 = CARTESIAN_POINT('',(-0.,-0.));
#749 = VECTOR('',#750,1.);
#750 = DIRECTION('',(-1.,-0.));
#751 = ( GEOMETRIC_REPRESENTATION_CONTEXT(2) 
PARAMETRIC_REPRESENTATION_CONTEXT() REPRESENTATION_CONTEXT('2D SPACE',''
  ) );
#752 = PCURVE('',#753,#758);
#753 = PLANE('',#754);
#754 = AXIS2_PLACEMENT_3D('',#755,#756,#757);
#755 = CARTESIAN_POINT('',(0.,0.,3.64));
#756 = DIRECTION('',(0.,0.,1.));
#757 = DIRECTION('',(1.,0.,-0.));
#758 = DEFINITIONAL_REPRESENTATION('',(#759),#763);
#759 = CIRCLE('',#760,4.);
#760 = AXIS2_PLACEMENT_2D('',#761,#762);
#761 = CARTESIAN_POINT('',(0.,0.));
#762 = DIRECTION('',(1.,0.));
#763 = ( GEOMETRIC_REPRESENTATION_CONTEXT(2) 
PARAMETRIC_REPRESENTATION_CONTEXT() REPRESENTATION_CONTEXT('2D SPACE',''
  ) );
#764 = ADVANCED_FACE('',(#765),#532,.T.);
#765 = FACE_BOUND('',#766,.F.);
#766 = EDGE_LOOP('',(#767));
#767 = ORIENTED_EDGE('',*,*,#517,.F.);
#768 = ADVANCED_FACE('',(#769),#587,.T.);
#769 = FACE_BOUND('',#770,.F.);
#770 = EDGE_LOOP('',(#771));
#771 = ORIENTED_EDGE('',*,*,#572,.F.);
#772 = ADVANCED_FACE('',(#773),#642,.T.);
#773 = FACE_BOUND('',#774,.F.);
#774 = EDGE_LOOP('',(#775));
#775 = ORIENTED_EDGE('',*,*,#627,.F.);
#776 = ADVANCED_FACE('',(#777),#697,.T.);
#777 = FACE_BOUND('',#778,.F.);
#778 = EDGE_LOOP('',(#779));
#779 = ORIENTED_EDGE('',*,*,#682,.F.);
#780 = ADVANCED_FACE('',(#781,#1231),#753,.T.);
#781 = FACE_BOUND('',#782,.T.);
#782 = EDGE_LOOP('',(#783,#814,#841,#870,#897,#926,#953,#982,#1009,#1038
    ,#1065,#1094,#1121,#1150,#1177,#1206));
#783 = ORIENTED_EDGE('',*,*,#784,.T.);
#784 = EDGE_CURVE('',#785,#787,#789,.T.);
#785 = VERTEX_POINT('',#786);
#786 = CARTESIAN_POINT('',(3.62620324977,-2.310984636763,3.64));
#787 = VERTEX_POINT('',#788);
#788 = CARTESIAN_POINT('',(3.62620324977,2.310984636763,3.64));
#789 = SURFACE_CURVE('',#790,(#795,#802),.PCURVE_S1.);
#790 = CIRCLE('',#791,4.3);
#791 = AXIS2_PLACEMENT_3D('',#792,#793,#794);
#792 = CARTESIAN_POINT('',(0.,0.,3.64));
#793 = DIRECTION('',(0.,0.,1.));
#794 = DIRECTION('',(0.843303081342,-0.537438287619,0.));
#795 = PCURVE('',#753,#796);
#796 = DEFINITIONAL_REPRESENTATION('',(#797),#801);
#797 = CIRCLE('',#798,4.3);
#798 = AXIS2_PLACEMENT_2D('',#799,#800);
#799 = CARTESIAN_POINT('',(0.,0.));
#800 = DIRECTION('',(0.843303081342,-0.537438287619));
#801 = ( GEOMETRIC_REPRESENTATION_CONTEXT(2) 
PARAMETRIC_REPRESENTATION_CONTEXT() REPRESENTATION_CONTEXT('2D SPACE',''
  ) );
#802 = PCURVE('',#803,#808);
#803 = CYLINDRICAL_SURFACE('',#804,4.3);
#804 = AXIS2_PLACEMENT_3D('',#805,#806,#807);
#805 = CARTESIAN_POINT('',(0.,0.,1.4));
#806 = DIRECTION('',(0.,0.,1.));
#807 = DIRECTION('',(1.,0.,-0.));
#808 = DEFINITIONAL_REPRESENTATION('',(#809),#813);
#809 = LINE('',#810,#811);
#810 = CARTESIAN_POINT('',(5.715788861173,2.24));
#811 = VECTOR('',#812,1.);
#812 = DIRECTION('',(1.,0.));
#813 = ( GEOMETRIC_REPRESENTATION_CONTEXT(2) 
PARAMETRIC_REPRESENTATION_CONTEXT() REPRESENTATION_CONTEXT('2D SPACE',''
  ) );
#814 = ORIENTED_EDGE('',*,*,#815,.T.);
#815 = EDGE_CURVE('',#787,#816,#818,.T.);
#816 = VERTEX_POINT('',#817);
#817 = CARTESIAN_POINT('',(4.185407841001,2.870189227994,3.64));
#818 = SURFACE_CURVE('',#819,(#823,#830),.PCURVE_S1.);
#819 = LINE('',#820,#821);
#820 = CARTESIAN_POINT('',(1.470782104868,0.155563491861,3.64));
#821 = VECTOR('',#822,1.);
#822 = DIRECTION('',(0.707106781187,0.707106781187,-0.));
#823 = PCURVE('',#753,#824);
#824 = DEFINITIONAL_REPRESENTATION('',(#825),#829);
#825 = LINE('',#826,#827);
#826 = CARTESIAN_POINT('',(1.470782104868,0.155563491861));
#827 = VECTOR('',#828,1.);
#828 = DIRECTION('',(0.707106781187,0.707106781187));
#829 = ( GEOMETRIC_REPRESENTATION_CONTEXT(2) 
PARAMETRIC_REPRESENTATION_CONTEXT() REPRESENTATION_CONTEXT('2D SPACE',''
  ) );
#830 = PCURVE('',#831,#836);
#831 = PLANE('',#832);
#832 = AXIS2_PLACEMENT_3D('',#833,#834,#835);
#833 = CARTESIAN_POINT('',(2.283954903233,0.968736290226,3.4));
#834 = DIRECTION('',(-0.707106781187,0.707106781187,0.));
#835 = DIRECTION('',(0.,0.,1.));
#836 = DEFINITIONAL_REPRESENTATION('',(#837),#840);
#837 = B_SPLINE_CURVE_WITH_KNOTS('',1,(#838,#839),.UNSPECIFIED.,.F.,.F.,
  (2,2),(1.15,3.839060532806),.PIECEWISE_BEZIER_KNOTS.);
#838 = CARTESIAN_POINT('',(0.24,0.));
#839 = CARTESIAN_POINT('',(0.24,2.689060532806));
#840 = ( GEOMETRIC_REPRESENTATION_CONTEXT(2) 
PARAMETRIC_REPRESENTATION_CONTEXT() REPRESENTATION_CONTEXT('2D SPACE',''
  ) );
#841 = ORIENTED_EDGE('',*,*,#842,.T.);
#842 = EDGE_CURVE('',#816,#843,#845,.T.);
#843 = VERTEX_POINT('',#844);
#844 = CARTESIAN_POINT('',(2.870189227994,4.185407841001,3.64));
#845 = SURFACE_CURVE('',#846,(#851,#858),.PCURVE_S1.);
#846 = CIRCLE('',#847,5.075);
#847 = AXIS2_PLACEMENT_3D('',#848,#849,#850);
#848 = CARTESIAN_POINT('',(0.,0.,3.64));
#849 = DIRECTION('',(0.,0.,1.));
#850 = DIRECTION('',(1.,0.,-0.));
#851 = PCURVE('',#753,#852);
#852 = DEFINITIONAL_REPRESENTATION('',(#853),#857);
#853 = CIRCLE('',#854,5.075);
#854 = AXIS2_PLACEMENT_2D('',#855,#856);
#855 = CARTESIAN_POINT('',(0.,0.));
#856 = DIRECTION('',(1.,0.));
#857 = ( GEOMETRIC_REPRESENTATION_CONTEXT(2) 
PARAMETRIC_REPRESENTATION_CONTEXT() REPRESENTATION_CONTEXT('2D SPACE',''
  ) );
#858 = PCURVE('',#859,#864);
#859 = CYLINDRICAL_SURFACE('',#860,5.075);
#860 = AXIS2_PLACEMENT_3D('',#861,#862,#863);
#861 = CARTESIAN_POINT('',(0.,0.,2.4));
#862 = DIRECTION('',(0.,0.,1.));
#863 = DIRECTION('',(1.,0.,-0.));
#864 = DEFINITIONAL_REPRESENTATION('',(#865),#869);
#865 = LINE('',#866,#867);
#866 = CARTESIAN_POINT('',(0.,1.24));
#867 = VECTOR('',#868,1.);
#868 = DIRECTION('',(1.,0.));
#869 = ( GEOMETRIC_REPRESENTATION_CONTEXT(2) 
PARAMETRIC_REPRESENTATION_CONTEXT() REPRESENTATION_CONTEXT('2D SPACE',''
  ) );
#870 = ORIENTED_EDGE('',*,*,#871,.F.);
#871 = EDGE_CURVE('',#872,#843,#874,.T.);
#872 = VERTEX_POINT('',#873);
#873 = CARTESIAN_POINT('',(2.310984636763,3.62620324977,3.64));
#874 = SURFACE_CURVE('',#875,(#879,#886),.PCURVE_S1.);
#875 = LINE('',#876,#877);
#876 = CARTESIAN_POINT('',(0.155563491861,1.470782104868,3.64));
#877 = VECTOR('',#878,1.);
#878 = DIRECTION('',(0.707106781187,0.707106781187,-0.));
#879 = PCURVE('',#753,#880);
#880 = DEFINITIONAL_REPRESENTATION('',(#881),#885);
#881 = LINE('',#882,#883);
#882 = CARTESIAN_POINT('',(0.155563491861,1.470782104868));
#883 = VECTOR('',#884,1.);
#884 = DIRECTION('',(0.707106781187,0.707106781187));
#885 = ( GEOMETRIC_REPRESENTATION_CONTEXT(2) 
PARAMETRIC_REPRESENTATION_CONTEXT() REPRESENTATION_CONTEXT('2D SPACE',''
  ) );
#886 = PCURVE('',#887,#892);
#887 = PLANE('',#888);
#888 = AXIS2_PLACEMENT_3D('',#889,#890,#891);
#889 = CARTESIAN_POINT('',(0.968736290226,2.283954903233,3.4));
#890 = DIRECTION('',(-0.707106781187,0.707106781187,0.));
#891 = DIRECTION('',(0.,0.,1.));
#892 = DEFINITIONAL_REPRESENTATION('',(#893),#896);
#893 = B_SPLINE_CURVE_WITH_KNOTS('',1,(#894,#895),.UNSPECIFIED.,.F.,.F.,
  (2,2),(1.15,3.839060532806),.PIECEWISE_BEZIER_KNOTS.);
#894 = CARTESIAN_POINT('',(0.24,0.));
#895 = CARTESIAN_POINT('',(0.24,2.689060532806));
#896 = ( GEOMETRIC_REPRESENTATION_CONTEXT(2) 
PARAMETRIC_REPRESENTATION_CONTEXT() REPRESENTATION_CONTEXT('2D SPACE',''
  ) );
#897 = ORIENTED_EDGE('',*,*,#898,.T.);
#898 = EDGE_CURVE('',#872,#899,#901,.T.);
#899 = VERTEX_POINT('',#900);
#900 = CARTESIAN_POINT('',(-2.310984636763,3.62620324977,3.64));
#901 = SURFACE_CURVE('',#902,(#907,#914),.PCURVE_S1.);
#902 = CIRCLE('',#903,4.3);
#903 = AXIS2_PLACEMENT_3D('',#904,#905,#906);
#904 = CARTESIAN_POINT('',(0.,0.,3.64));
#905 = DIRECTION('',(0.,0.,1.));
#906 = DIRECTION('',(1.,0.,-0.));
#907 = PCURVE('',#753,#908);
#908 = DEFINITIONAL_REPRESENTATION('',(#909),#913);
#909 = CIRCLE('',#910,4.3);
#910 = AXIS2_PLACEMENT_2D('',#911,#912);
#911 = CARTESIAN_POINT('',(0.,0.));
#912 = DIRECTION('',(1.,0.));
#913 = ( GEOMETRIC_REPRESENTATION_CONTEXT(2) 
PARAMETRIC_REPRESENTATION_CONTEXT() REPRESENTATION_CONTEXT('2D SPACE',''
  ) );
#914 = PCURVE('',#915,#920);
#915 = CYLINDRICAL_SURFACE('',#916,4.3);
#916 = AXIS2_PLACEMENT_3D('',#917,#918,#919);
#917 = CARTESIAN_POINT('',(0.,0.,1.4));
#918 = DIRECTION('',(0.,0.,1.));
#919 = DIRECTION('',(1.,0.,-0.));
#920 = DEFINITIONAL_REPRESENTATION('',(#921),#925);
#921 = LINE('',#922,#923);
#922 = CARTESIAN_POINT('',(0.,2.24));
#923 = VECTOR('',#924,1.);
#924 = DIRECTION('',(1.,0.));
#925 = ( GEOMETRIC_REPRESENTATION_CONTEXT(2) 
PARAMETRIC_REPRESENTATION_CONTEXT() REPRESENTATION_CONTEXT('2D SPACE',''
  ) );
#926 = ORIENTED_EDGE('',*,*,#927,.T.);
#927 = EDGE_CURVE('',#899,#928,#930,.T.);
#928 = VERTEX_POINT('',#929);
#929 = CARTESIAN_POINT('',(-2.870189227994,4.185407841001,3.64));
#930 = SURFACE_CURVE('',#931,(#935,#942),.PCURVE_S1.);
#931 = LINE('',#932,#933);
#932 = CARTESIAN_POINT('',(-0.155563491861,1.470782104868,3.64));
#933 = VECTOR('',#934,1.);
#934 = DIRECTION('',(-0.707106781187,0.707106781187,0.));
#935 = PCURVE('',#753,#936);
#936 = DEFINITIONAL_REPRESENTATION('',(#937),#941);
#937 = LINE('',#938,#939);
#938 = CARTESIAN_POINT('',(-0.155563491861,1.470782104868));
#939 = VECTOR('',#940,1.);
#940 = DIRECTION('',(-0.707106781187,0.707106781187));
#941 = ( GEOMETRIC_REPRESENTATION_CONTEXT(2) 
PARAMETRIC_REPRESENTATION_CONTEXT() REPRESENTATION_CONTEXT('2D SPACE',''
  ) );
#942 = PCURVE('',#943,#948);
#943 = PLANE('',#944);
#944 = AXIS2_PLACEMENT_3D('',#945,#946,#947);
#945 = CARTESIAN_POINT('',(-0.968736290226,2.283954903233,3.4));
#946 = DIRECTION('',(-0.707106781187,-0.707106781187,0.));
#947 = DIRECTION('',(0.,0.,1.));
#948 = DEFINITIONAL_REPRESENTATION('',(#949),#952);
#949 = B_SPLINE_CURVE_WITH_KNOTS('',1,(#950,#951),.UNSPECIFIED.,.F.,.F.,
  (2,2),(1.15,3.839060532806),.PIECEWISE_BEZIER_KNOTS.);
#950 = CARTESIAN_POINT('',(0.24,0.));
#951 = CARTESIAN_POINT('',(0.24,2.689060532806));
#952 = ( GEOMETRIC_REPRESENTATION_CONTEXT(2) 
PARAMETRIC_REPRESENTATION_CONTEXT() REPRESENTATION_CONTEXT('2D SPACE',''
  ) );
#953 = ORIENTED_EDGE('',*,*,#954,.T.);
#954 = EDGE_CURVE('',#928,#955,#957,.T.);
#955 = VERTEX_POINT('',#956);
#956 = CARTESIAN_POINT('',(-4.185407841001,2.870189227994,3.64));
#957 = SURFACE_CURVE('',#958,(#963,#970),.PCURVE_S1.);
#958 = CIRCLE('',#959,5.075);
#959 = AXIS2_PLACEMENT_3D('',#960,#961,#962);
#960 = CARTESIAN_POINT('',(0.,0.,3.64));
#961 = DIRECTION('',(0.,0.,1.));
#962 = DIRECTION('',(1.,0.,-0.));
#963 = PCURVE('',#753,#964);
#964 = DEFINITIONAL_REPRESENTATION('',(#965),#969);
#965 = CIRCLE('',#966,5.075);
#966 = AXIS2_PLACEMENT_2D('',#967,#968);
#967 = CARTESIAN_POINT('',(0.,0.));
#968 = DIRECTION('',(1.,0.));
#969 = ( GEOMETRIC_REPRESENTATION_CONTEXT(2) 
PARAMETRIC_REPRESENTATION_CONTEXT() REPRESENTATION_CONTEXT('2D SPACE',''
  ) );
#970 = PCURVE('',#971,#976);
#971 = CYLINDRICAL_SURFACE('',#972,5.075);
#972 = AXIS2_PLACEMENT_3D('',#973,#974,#975);
#973 = CARTESIAN_POINT('',(0.,0.,2.4));
#974 = DIRECTION('',(0.,0.,1.));
#975 = DIRECTION('',(1.,0.,-0.));
#976 = DEFINITIONAL_REPRESENTATION('',(#977),#981);
#977 = LINE('',#978,#979);
#978 = CARTESIAN_POINT('',(0.,1.24));
#979 = VECTOR('',#980,1.);
#980 = DIRECTION('',(1.,0.));
#981 = ( GEOMETRIC_REPRESENTATION_CONTEXT(2) 
PARAMETRIC_REPRESENTATION_CONTEXT() REPRESENTATION_CONTEXT('2D SPACE',''
  ) );
#982 = ORIENTED_EDGE('',*,*,#983,.F.);
#983 = EDGE_CURVE('',#984,#955,#986,.T.);
#984 = VERTEX_POINT('',#985);
#985 = CARTESIAN_POINT('',(-3.62620324977,2.310984636763,3.64));
#986 = SURFACE_CURVE('',#987,(#991,#998),.PCURVE_S1.);
#987 = LINE('',#988,#989);
#988 = CARTESIAN_POINT('',(-1.470782104868,0.155563491861,3.64));
#989 = VECTOR('',#990,1.);
#990 = DIRECTION('',(-0.707106781187,0.707106781187,0.));
#991 = PCURVE('',#753,#992);
#992 = DEFINITIONAL_REPRESENTATION('',(#993),#997);
#993 = LINE('',#994,#995);
#994 = CARTESIAN_POINT('',(-1.470782104868,0.155563491861));
#995 = VECTOR('',#996,1.);
#996 = DIRECTION('',(-0.707106781187,0.707106781187));
#997 = ( GEOMETRIC_REPRESENTATION_CONTEXT(2) 
PARAMETRIC_REPRESENTATION_CONTEXT() REPRESENTATION_CONTEXT('2D SPACE',''
  ) );
#998 = PCURVE('',#999,#1004);
#999 = PLANE('',#1000);
#1000 = AXIS2_PLACEMENT_3D('',#1001,#1002,#1003);
#1001 = CARTESIAN_POINT('',(-2.283954903233,0.968736290226,3.4));
#1002 = DIRECTION('',(-0.707106781187,-0.707106781187,0.));
#1003 = DIRECTION('',(0.,0.,1.));
#1004 = DEFINITIONAL_REPRESENTATION('',(#1005),#1008);
#1005 = B_SPLINE_CURVE_WITH_KNOTS('',1,(#1006,#1007),.UNSPECIFIED.,.F.,
  .F.,(2,2),(1.15,3.839060532806),.PIECEWISE_BEZIER_KNOTS.);
#1006 = CARTESIAN_POINT('',(0.24,0.));
#1007 = CARTESIAN_POINT('',(0.24,2.689060532806));
#1008 = ( GEOMETRIC_REPRESENTATION_CONTEXT(2) 
PARAMETRIC_REPRESENTATION_CONTEXT() REPRESENTATION_CONTEXT('2D SPACE',''
  ) );
#1009 = ORIENTED_EDGE('',*,*,#1010,.T.);
#1010 = EDGE_CURVE('',#984,#1011,#1013,.T.);
#1011 = VERTEX_POINT('',#1012);
#1012 = CARTESIAN_POINT('',(-3.62620324977,-2.310984636763,3.64));
#1013 = SURFACE_CURVE('',#1014,(#1019,#1026),.PCURVE_S1.);
#1014 = CIRCLE('',#1015,4.3);
#1015 = AXIS2_PLACEMENT_3D('',#1016,#1017,#1018);
#1016 = CARTESIAN_POINT('',(0.,0.,3.64));
#1017 = DIRECTION('',(0.,0.,1.));
#1018 = DIRECTION('',(1.,0.,-0.));
#1019 = PCURVE('',#753,#1020);
#1020 = DEFINITIONAL_REPRESENTATION('',(#1021),#1025);
#1021 = CIRCLE('',#1022,4.3);
#1022 = AXIS2_PLACEMENT_2D('',#1023,#1024);
#1023 = CARTESIAN_POINT('',(0.,0.));
#1024 = DIRECTION('',(1.,0.));
#1025 = ( GEOMETRIC_REPRESENTATION_CONTEXT(2) 
PARAMETRIC_REPRESENTATION_CONTEXT() REPRESENTATION_CONTEXT('2D SPACE',''
  ) );
#1026 = PCURVE('',#1027,#1032);
#1027 = CYLINDRICAL_SURFACE('',#1028,4.3);
#1028 = AXIS2_PLACEMENT_3D('',#1029,#1030,#1031);
#1029 = CARTESIAN_POINT('',(0.,0.,1.4));
#1030 = DIRECTION('',(0.,0.,1.));
#1031 = DIRECTION('',(1.,0.,-0.));
#1032 = DEFINITIONAL_REPRESENTATION('',(#1033),#1037);
#1033 = LINE('',#1034,#1035);
#1034 = CARTESIAN_POINT('',(0.,2.24));
#1035 = VECTOR('',#1036,1.);
#1036 = DIRECTION('',(1.,0.));
#1037 = ( GEOMETRIC_REPRESENTATION_CONTEXT(2) 
PARAMETRIC_REPRESENTATION_CONTEXT() REPRESENTATION_CONTEXT('2D SPACE',''
  ) );
#1038 = ORIENTED_EDGE('',*,*,#1039,.T.);
#1039 = EDGE_CURVE('',#1011,#1040,#1042,.T.);
#1040 = VERTEX_POINT('',#1041);
#1041 = CARTESIAN_POINT('',(-4.185407841001,-2.870189227994,3.64));
#1042 = SURFACE_CURVE('',#1043,(#1047,#1054),.PCURVE_S1.);
#1043 = LINE('',#1044,#1045);
#1044 = CARTESIAN_POINT('',(-1.470782104868,-0.155563491861,3.64));
#1045 = VECTOR('',#1046,1.);
#1046 = DIRECTION('',(-0.707106781187,-0.707106781187,0.));
#1047 = PCURVE('',#753,#1048);
#1048 = DEFINITIONAL_REPRESENTATION('',(#1049),#1053);
#1049 = LINE('',#1050,#1051);
#1050 = CARTESIAN_POINT('',(-1.470782104868,-0.155563491861));
#1051 = VECTOR('',#1052,1.);
#1052 = DIRECTION('',(-0.707106781187,-0.707106781187));
#1053 = ( GEOMETRIC_REPRESENTATION_CONTEXT(2) 
PARAMETRIC_REPRESENTATION_CONTEXT() REPRESENTATION_CONTEXT('2D SPACE',''
  ) );
#1054 = PCURVE('',#1055,#1060);
#1055 = PLANE('',#1056);
#1056 = AXIS2_PLACEMENT_3D('',#1057,#1058,#1059);
#1057 = CARTESIAN_POINT('',(-2.283954903233,-0.968736290226,3.4));
#1058 = DIRECTION('',(0.707106781187,-0.707106781187,0.));
#1059 = DIRECTION('',(0.,0.,1.));
#1060 = DEFINITIONAL_REPRESENTATION('',(#1061),#1064);
#1061 = B_SPLINE_CURVE_WITH_KNOTS('',1,(#1062,#1063),.UNSPECIFIED.,.F.,
  .F.,(2,2),(1.15,3.839060532806),.PIECEWISE_BEZIER_KNOTS.);
#1062 = CARTESIAN_POINT('',(0.24,0.));
#1063 = CARTESIAN_POINT('',(0.24,2.689060532806));
#1064 = ( GEOMETRIC_REPRESENTATION_CONTEXT(2) 
PARAMETRIC_REPRESENTATION_CONTEXT() REPRESENTATION_CONTEXT('2D SPACE',''
  ) );
#1065 = ORIENTED_EDGE('',*,*,#1066,.T.);
#1066 = EDGE_CURVE('',#1040,#1067,#1069,.T.);
#1067 = VERTEX_POINT('',#1068);
#1068 = CARTESIAN_POINT('',(-2.870189227994,-4.185407841001,3.64));
#1069 = SURFACE_CURVE('',#1070,(#1075,#1082),.PCURVE_S1.);
#1070 = CIRCLE('',#1071,5.075);
#1071 = AXIS2_PLACEMENT_3D('',#1072,#1073,#1074);
#1072 = CARTESIAN_POINT('',(0.,0.,3.64));
#1073 = DIRECTION('',(0.,0.,1.));
#1074 = DIRECTION('',(1.,0.,-0.));
#1075 = PCURVE('',#753,#1076);
#1076 = DEFINITIONAL_REPRESENTATION('',(#1077),#1081);
#1077 = CIRCLE('',#1078,5.075);
#1078 = AXIS2_PLACEMENT_2D('',#1079,#1080);
#1079 = CARTESIAN_POINT('',(0.,0.));
#1080 = DIRECTION('',(1.,0.));
#1081 = ( GEOMETRIC_REPRESENTATION_CONTEXT(2) 
PARAMETRIC_REPRESENTATION_CONTEXT() REPRESENTATION_CONTEXT('2D SPACE',''
  ) );
#1082 = PCURVE('',#1083,#1088);
#1083 = CYLINDRICAL_SURFACE('',#1084,5.075);
#1084 = AXIS2_PLACEMENT_3D('',#1085,#1086,#1087);
#1085 = CARTESIAN_POINT('',(0.,0.,2.4));
#1086 = DIRECTION('',(0.,0.,1.));
#1087 = DIRECTION('',(1.,0.,-0.));
#1088 = DEFINITIONAL_REPRESENTATION('',(#1089),#1093);
#1089 = LINE('',#1090,#1091);
#1090 = CARTESIAN_POINT('',(0.,1.24));
#1091 = VECTOR('',#1092,1.);
#1092 = DIRECTION('',(1.,0.));
#1093 = ( GEOMETRIC_REPRESENTATION_CONTEXT(2) 
PARAMETRIC_REPRESENTATION_CONTEXT() REPRESENTATION_CONTEXT('2D SPACE',''
  ) );
#1094 = ORIENTED_EDGE('',*,*,#1095,.F.);
#1095 = EDGE_CURVE('',#1096,#1067,#1098,.T.);
#1096 = VERTEX_POINT('',#1097);
#1097 = CARTESIAN_POINT('',(-2.310984636763,-3.62620324977,3.64));
#1098 = SURFACE_CURVE('',#1099,(#1103,#1110),.PCURVE_S1.);
#1099 = LINE('',#1100,#1101);
#1100 = CARTESIAN_POINT('',(-0.155563491861,-1.470782104868,3.64));
#1101 = VECTOR('',#1102,1.);
#1102 = DIRECTION('',(-0.707106781187,-0.707106781187,0.));
#1103 = PCURVE('',#753,#1104);
#1104 = DEFINITIONAL_REPRESENTATION('',(#1105),#1109);
#1105 = LINE('',#1106,#1107);
#1106 = CARTESIAN_POINT('',(-0.155563491861,-1.470782104868));
#1107 = VECTOR('',#1108,1.);
#1108 = DIRECTION('',(-0.707106781187,-0.707106781187));
#1109 = ( GEOMETRIC_REPRESENTATION_CONTEXT(2) 
PARAMETRIC_REPRESENTATION_CONTEXT() REPRESENTATION_CONTEXT('2D SPACE',''
  ) );
#1110 = PCURVE('',#1111,#1116);
#1111 = PLANE('',#1112);
#1112 = AXIS2_PLACEMENT_3D('',#1113,#1114,#1115);
#1113 = CARTESIAN_POINT('',(-0.968736290226,-2.283954903233,3.4));
#1114 = DIRECTION('',(0.707106781187,-0.707106781187,0.));
#1115 = DIRECTION('',(0.,0.,1.));
#1116 = DEFINITIONAL_REPRESENTATION('',(#1117),#1120);
#1117 = B_SPLINE_CURVE_WITH_KNOTS('',1,(#1118,#1119),.UNSPECIFIED.,.F.,
  .F.,(2,2),(1.15,3.839060532806),.PIECEWISE_BEZIER_KNOTS.);
#1118 = CARTESIAN_POINT('',(0.24,0.));
#1119 = CARTESIAN_POINT('',(0.24,2.689060532806));
#1120 = ( GEOMETRIC_REPRESENTATION_CONTEXT(2) 
PARAMETRIC_REPRESENTATION_CONTEXT() REPRESENTATION_CONTEXT('2D SPACE',''
  ) );
#1121 = ORIENTED_EDGE('',*,*,#1122,.T.);
#1122 = EDGE_CURVE('',#1096,#1123,#1125,.T.);
#1123 = VERTEX_POINT('',#1124);
#1124 = CARTESIAN_POINT('',(2.310984636763,-3.62620324977,3.64));
#1125 = SURFACE_CURVE('',#1126,(#1131,#1138),.PCURVE_S1.);
#1126 = CIRCLE('',#1127,4.3);
#1127 = AXIS2_PLACEMENT_3D('',#1128,#1129,#1130);
#1128 = CARTESIAN_POINT('',(0.,0.,3.64));
#1129 = DIRECTION('',(0.,0.,1.));
#1130 = DIRECTION('',(1.,0.,-0.));
#1131 = PCURVE('',#753,#1132);
#1132 = DEFINITIONAL_REPRESENTATION('',(#1133),#1137);
#1133 = CIRCLE('',#1134,4.3);
#1134 = AXIS2_PLACEMENT_2D('',#1135,#1136);
#1135 = CARTESIAN_POINT('',(0.,0.));
#1136 = DIRECTION('',(1.,0.));
#1137 = ( GEOMETRIC_REPRESENTATION_CONTEXT(2) 
PARAMETRIC_REPRESENTATION_CONTEXT() REPRESENTATION_CONTEXT('2D SPACE',''
  ) );
#1138 = PCURVE('',#1139,#1144);
#1139 = CYLINDRICAL_SURFACE('',#1140,4.3);
#1140 = AXIS2_PLACEMENT_3D('',#1141,#1142,#1143);
#1141 = CARTESIAN_POINT('',(0.,0.,1.4));
#1142 = DIRECTION('',(0.,0.,1.));
#1143 = DIRECTION('',(1.,0.,-0.));
#1144 = DEFINITIONAL_REPRESENTATION('',(#1145),#1149);
#1145 = LINE('',#1146,#1147);
#1146 = CARTESIAN_POINT('',(0.,2.24));
#1147 = VECTOR('',#1148,1.);
#1148 = DIRECTION('',(1.,0.));
#1149 = ( GEOMETRIC_REPRESENTATION_CONTEXT(2) 
PARAMETRIC_REPRESENTATION_CONTEXT() REPRESENTATION_CONTEXT('2D SPACE',''
  ) );
#1150 = ORIENTED_EDGE('',*,*,#1151,.T.);
#1151 = EDGE_CURVE('',#1123,#1152,#1154,.T.);
#1152 = VERTEX_POINT('',#1153);
#1153 = CARTESIAN_POINT('',(2.870189227994,-4.185407841001,3.64));
#1154 = SURFACE_CURVE('',#1155,(#1159,#1166),.PCURVE_S1.);
#1155 = LINE('',#1156,#1157);
#1156 = CARTESIAN_POINT('',(0.155563491861,-1.470782104868,3.64));
#1157 = VECTOR('',#1158,1.);
#1158 = DIRECTION('',(0.707106781187,-0.707106781187,0.));
#1159 = PCURVE('',#753,#1160);
#1160 = DEFINITIONAL_REPRESENTATION('',(#1161),#1165);
#1161 = LINE('',#1162,#1163);
#1162 = CARTESIAN_POINT('',(0.155563491861,-1.470782104868));
#1163 = VECTOR('',#1164,1.);
#1164 = DIRECTION('',(0.707106781187,-0.707106781187));
#1165 = ( GEOMETRIC_REPRESENTATION_CONTEXT(2) 
PARAMETRIC_REPRESENTATION_CONTEXT() REPRESENTATION_CONTEXT('2D SPACE',''
  ) );
#1166 = PCURVE('',#1167,#1172);
#1167 = PLANE('',#1168);
#1168 = AXIS2_PLACEMENT_3D('',#1169,#1170,#1171);
#1169 = CARTESIAN_POINT('',(0.968736290226,-2.283954903233,3.4));
#1170 = DIRECTION('',(0.707106781187,0.707106781187,0.));
#1171 = DIRECTION('',(0.,0.,1.));
#1172 = DEFINITIONAL_REPRESENTATION('',(#1173),#1176);
#1173 = B_SPLINE_CURVE_WITH_KNOTS('',1,(#1174,#1175),.UNSPECIFIED.,.F.,
  .F.,(2,2),(1.15,3.839060532806),.PIECEWISE_BEZIER_KNOTS.);
#1174 = CARTESIAN_POINT('',(0.24,0.));
#1175 = CARTESIAN_POINT('',(0.24,2.689060532806));
#1176 = ( GEOMETRIC_REPRESENTATION_CONTEXT(2) 
PARAMETRIC_REPRESENTATION_CONTEXT() REPRESENTATION_CONTEXT('2D SPACE',''
  ) );
#1177 = ORIENTED_EDGE('',*,*,#1178,.T.);
#1178 = EDGE_CURVE('',#1152,#1179,#1181,.T.);
#1179 = VERTEX_POINT('',#1180);
#1180 = CARTESIAN_POINT('',(4.185407841001,-2.870189227994,3.64));
#1181 = SURFACE_CURVE('',#1182,(#1187,#1194),.PCURVE_S1.);
#1182 = CIRCLE('',#1183,5.075);
#1183 = AXIS2_PLACEMENT_3D('',#1184,#1185,#1186);
#1184 = CARTESIAN_POINT('',(0.,0.,3.64));
#1185 = DIRECTION('',(0.,0.,1.));
#1186 = DIRECTION('',(1.,0.,-0.));
#1187 = PCURVE('',#753,#1188);
#1188 = DEFINITIONAL_REPRESENTATION('',(#1189),#1193);
#1189 = CIRCLE('',#1190,5.075);
#1190 = AXIS2_PLACEMENT_2D('',#1191,#1192);
#1191 = CARTESIAN_POINT('',(0.,0.));
#1192 = DIRECTION('',(1.,0.));
#1193 = ( GEOMETRIC_REPRESENTATION_CONTEXT(2) 
PARAMETRIC_REPRESENTATION_CONTEXT() REPRESENTATION_CONTEXT('2D SPACE',''
  ) );
#1194 = PCURVE('',#1195,#1200);
#1195 = CYLINDRICAL_SURFACE('',#1196,5.075);
#1196 = AXIS2_PLACEMENT_3D('',#1197,#1198,#1199);
#1197 = CARTESIAN_POINT('',(0.,0.,2.4));
#1198 = DIRECTION('',(0.,0.,1.));
#1199 = DIRECTION('',(1.,0.,-0.));
#1200 = DEFINITIONAL_REPRESENTATION('',(#1201),#1205);
#1201 = LINE('',#1202,#1203);
#1202 = CARTESIAN_POINT('',(0.,1.24));
#1203 = VECTOR('',#1204,1.);
#1204 = DIRECTION('',(1.,0.));
#1205 = ( GEOMETRIC_REPRESENTATION_CONTEXT(2) 
PARAMETRIC_REPRESENTATION_CONTEXT() REPRESENTATION_CONTEXT('2D SPACE',''
  ) );
#1206 = ORIENTED_EDGE('',*,*,#1207,.F.);
#1207 = EDGE_CURVE('',#785,#1179,#1208,.T.);
#1208 = SURFACE_CURVE('',#1209,(#1213,#1220),.PCURVE_S1.);
#1209 = LINE('',#1210,#1211);
#1210 = CARTESIAN_POINT('',(1.470782104868,-0.155563491861,3.64));
#1211 = VECTOR('',#1212,1.);
#1212 = DIRECTION('',(0.707106781187,-0.707106781187,0.));
#1213 = PCURVE('',#753,#1214);
#1214 = DEFINITIONAL_REPRESENTATION('',(#1215),#1219);
#1215 = LINE('',#1216,#1217);
#1216 = CARTESIAN_POINT('',(1.470782104868,-0.155563491861));
#1217 = VECTOR('',#1218,1.);
#1218 = DIRECTION('',(0.707106781187,-0.707106781187));
#1219 = ( GEOMETRIC_REPRESENTATION_CONTEXT(2) 
PARAMETRIC_REPRESENTATION_CONTEXT() REPRESENTATION_CONTEXT('2D SPACE',''
  ) );
#1220 = PCURVE('',#1221,#1226);
#1221 = PLANE('',#1222);
#1222 = AXIS2_PLACEMENT_3D('',#1223,#1224,#1225);
#1223 = CARTESIAN_POINT('',(2.283954903233,-0.968736290226,3.4));
#1224 = DIRECTION('',(0.707106781187,0.707106781187,0.));
#1225 = DIRECTION('',(0.,0.,1.));
#1226 = DEFINITIONAL_REPRESENTATION('',(#1227),#1230);
#1227 = B_SPLINE_CURVE_WITH_KNOTS('',1,(#1228,#1229),.UNSPECIFIED.,.F.,
  .F.,(2,2),(1.15,3.839060532806),.PIECEWISE_BEZIER_KNOTS.);
#1228 = CARTESIAN_POINT('',(0.24,0.));
#1229 = CARTESIAN_POINT('',(0.24,2.689060532806));
#1230 = ( GEOMETRIC_REPRESENTATION_CONTEXT(2) 
PARAMETRIC_REPRESENTATION_CONTEXT() REPRESENTATION_CONTEXT('2D SPACE',''
  ) );
#1231 = FACE_BOUND('',#1232,.T.);
#1232 = EDGE_LOOP('',(#1233));
#1233 = ORIENTED_EDGE('',*,*,#738,.F.);
#1234 = ADVANCED_FACE('',(#1235),#803,.T.);
#1235 = FACE_BOUND('',#1236,.T.);
#1236 = EDGE_LOOP('',(#1237,#1268,#1287,#1288));
#1237 = ORIENTED_EDGE('',*,*,#1238,.T.);
#1238 = EDGE_CURVE('',#1239,#1241,#1243,.T.);
#1239 = VERTEX_POINT('',#1240);
#1240 = CARTESIAN_POINT('',(3.62620324977,-2.310984636763,3.4));
#1241 = VERTEX_POINT('',#1242);
#1242 = CARTESIAN_POINT('',(3.62620324977,2.310984636763,3.4));
#1243 = SURFACE_CURVE('',#1244,(#1249,#1256),.PCURVE_S1.);
#1244 = CIRCLE('',#1245,4.3);
#1245 = AXIS2_PLACEMENT_3D('',#1246,#1247,#1248);
#1246 = CARTESIAN_POINT('',(0.,0.,3.4));
#1247 = DIRECTION('',(0.,0.,1.));
#1248 = DIRECTION('',(0.843303081342,-0.537438287619,0.));
#1249 = PCURVE('',#803,#1250);
#1250 = DEFINITIONAL_REPRESENTATION('',(#1251),#1255);
#1251 = LINE('',#1252,#1253);
#1252 = CARTESIAN_POINT('',(5.715788861173,2.));
#1253 = VECTOR('',#1254,1.);
#1254 = DIRECTION('',(1.,0.));
#1255 = ( GEOMETRIC_REPRESENTATION_CONTEXT(2) 
PARAMETRIC_REPRESENTATION_CONTEXT() REPRESENTATION_CONTEXT('2D SPACE',''
  ) );
#1256 = PCURVE('',#1257,#1262);
#1257 = PLANE('',#1258);
#1258 = AXIS2_PLACEMENT_3D('',#1259,#1260,#1261);
#1259 = CARTESIAN_POINT('',(0.,0.,3.4));
#1260 = DIRECTION('',(0.,0.,1.));
#1261 = DIRECTION('',(1.,0.,-0.));
#1262 = DEFINITIONAL_REPRESENTATION('',(#1263),#1267);
#1263 = CIRCLE('',#1264,4.3);
#1264 = AXIS2_PLACEMENT_2D('',#1265,#1266);
#1265 = CARTESIAN_POINT('',(0.,0.));
#1266 = DIRECTION('',(0.843303081342,-0.537438287619));
#1267 = ( GEOMETRIC_REPRESENTATION_CONTEXT(2) 
PARAMETRIC_REPRESENTATION_CONTEXT() REPRESENTATION_CONTEXT('2D SPACE',''
  ) );
#1268 = ORIENTED_EDGE('',*,*,#1269,.T.);
#1269 = EDGE_CURVE('',#1241,#787,#1270,.T.);
#1270 = SURFACE_CURVE('',#1271,(#1275,#1281),.PCURVE_S1.);
#1271 = LINE('',#1272,#1273);
#1272 = CARTESIAN_POINT('',(3.62620324977,2.310984636763,1.4));
#1273 = VECTOR('',#1274,1.);
#1274 = DIRECTION('',(0.,0.,1.));
#1275 = PCURVE('',#803,#1276);
#1276 = DEFINITIONAL_REPRESENTATION('',(#1277),#1280);
#1277 = B_SPLINE_CURVE_WITH_KNOTS('',1,(#1278,#1279),.UNSPECIFIED.,.F.,
  .F.,(2,2),(2.,2.24),.PIECEWISE_BEZIER_KNOTS.);
#1278 = CARTESIAN_POINT('',(6.850581753186,2.));
#1279 = CARTESIAN_POINT('',(6.850581753186,2.24));
#1280 = ( GEOMETRIC_REPRESENTATION_CONTEXT(2) 
PARAMETRIC_REPRESENTATION_CONTEXT() REPRESENTATION_CONTEXT('2D SPACE',''
  ) );
#1281 = PCURVE('',#831,#1282);
#1282 = DEFINITIONAL_REPRESENTATION('',(#1283),#1286);
#1283 = B_SPLINE_CURVE_WITH_KNOTS('',1,(#1284,#1285),.UNSPECIFIED.,.F.,
  .F.,(2,2),(1.9999976,2.2400024),.PIECEWISE_BEZIER_KNOTS.);
#1284 = CARTESIAN_POINT('',(-2.400000000069E-06,1.898225815746));
#1285 = CARTESIAN_POINT('',(0.2400024,1.898225815746));
#1286 = ( GEOMETRIC_REPRESENTATION_CONTEXT(2) 
PARAMETRIC_REPRESENTATION_CONTEXT() REPRESENTATION_CONTEXT('2D SPACE',''
  ) );
#1287 = ORIENTED_EDGE('',*,*,#784,.F.);
#1288 = ORIENTED_EDGE('',*,*,#1289,.F.);
#1289 = EDGE_CURVE('',#1239,#785,#1290,.T.);
#1290 = SURFACE_CURVE('',#1291,(#1295,#1301),.PCURVE_S1.);
#1291 = LINE('',#1292,#1293);
#1292 = CARTESIAN_POINT('',(3.62620324977,-2.310984636763,1.4));
#1293 = VECTOR('',#1294,1.);
#1294 = DIRECTION('',(0.,0.,1.));
#1295 = PCURVE('',#803,#1296);
#1296 = DEFINITIONAL_REPRESENTATION('',(#1297),#1300);
#1297 = B_SPLINE_CURVE_WITH_KNOTS('',1,(#1298,#1299),.UNSPECIFIED.,.F.,
  .F.,(2,2),(2.,2.24),.PIECEWISE_BEZIER_KNOTS.);
#1298 = CARTESIAN_POINT('',(5.715788861173,2.));
#1299 = CARTESIAN_POINT('',(5.715788861173,2.24));
#1300 = ( GEOMETRIC_REPRESENTATION_CONTEXT(2) 
PARAMETRIC_REPRESENTATION_CONTEXT() REPRESENTATION_CONTEXT('2D SPACE',''
  ) );
#1301 = PCURVE('',#1221,#1302);
#1302 = DEFINITIONAL_REPRESENTATION('',(#1303),#1306);
#1303 = B_SPLINE_CURVE_WITH_KNOTS('',1,(#1304,#1305),.UNSPECIFIED.,.F.,
  .F.,(2,2),(1.9999976,2.2400024),.PIECEWISE_BEZIER_KNOTS.);
#1304 = CARTESIAN_POINT('',(-2.400000000069E-06,1.898225815746));
#1305 = CARTESIAN_POINT('',(0.2400024,1.898225815746));
#1306 = ( GEOMETRIC_REPRESENTATION_CONTEXT(2) 
PARAMETRIC_REPRESENTATION_CONTEXT() REPRESENTATION_CONTEXT('2D SPACE',''
  ) );
#1307 = ADVANCED_FACE('',(#1308),#831,.F.);
#1308 = FACE_BOUND('',#1309,.F.);
#1309 = EDGE_LOOP('',(#1310,#1333,#1334,#1335));
#1310 = ORIENTED_EDGE('',*,*,#1311,.F.);
#1311 = EDGE_CURVE('',#1241,#1312,#1314,.T.);
#1312 = VERTEX_POINT('',#1313);
#1313 = CARTESIAN_POINT('',(4.185407841001,2.870189227994,3.4));
#1314 = SURFACE_CURVE('',#1315,(#1319,#1326),.PCURVE_S1.);
#1315 = LINE('',#1316,#1317);
#1316 = CARTESIAN_POINT('',(2.283954903233,0.968736290226,3.4));
#1317 = VECTOR('',#1318,1.);
#1318 = DIRECTION('',(0.707106781187,0.707106781187,0.));
#1319 = PCURVE('',#831,#1320);
#1320 = DEFINITIONAL_REPRESENTATION('',(#1321),#1325);
#1321 = LINE('',#1322,#1323);
#1322 = CARTESIAN_POINT('',(0.,0.));
#1323 = VECTOR('',#1324,1.);
#1324 = DIRECTION('',(0.,1.));
#1325 = ( GEOMETRIC_REPRESENTATION_CONTEXT(2) 
PARAMETRIC_REPRESENTATION_CONTEXT() REPRESENTATION_CONTEXT('2D SPACE',''
  ) );
#1326 = PCURVE('',#1257,#1327);
#1327 = DEFINITIONAL_REPRESENTATION('',(#1328),#1332);
#1328 = LINE('',#1329,#1330);
#1329 = CARTESIAN_POINT('',(2.283954903233,0.968736290226));
#1330 = VECTOR('',#1331,1.);
#1331 = DIRECTION('',(0.707106781187,0.707106781187));
#1332 = ( GEOMETRIC_REPRESENTATION_CONTEXT(2) 
PARAMETRIC_REPRESENTATION_CONTEXT() REPRESENTATION_CONTEXT('2D SPACE',''
  ) );
#1333 = ORIENTED_EDGE('',*,*,#1269,.T.);
#1334 = ORIENTED_EDGE('',*,*,#815,.T.);
#1335 = ORIENTED_EDGE('',*,*,#1336,.F.);
#1336 = EDGE_CURVE('',#1312,#816,#1337,.T.);
#1337 = SURFACE_CURVE('',#1338,(#1342,#1348),.PCURVE_S1.);
#1338 = LINE('',#1339,#1340);
#1339 = CARTESIAN_POINT('',(4.185407841001,2.870189227994,2.4));
#1340 = VECTOR('',#1341,1.);
#1341 = DIRECTION('',(0.,0.,1.));
#1342 = PCURVE('',#831,#1343);
#1343 = DEFINITIONAL_REPRESENTATION('',(#1344),#1347);
#1344 = B_SPLINE_CURVE_WITH_KNOTS('',1,(#1345,#1346),.UNSPECIFIED.,.F.,
  .F.,(2,2),(0.96,1.44),.PIECEWISE_BEZIER_KNOTS.);
#1345 = CARTESIAN_POINT('',(-4.E-02,2.689060532806));
#1346 = CARTESIAN_POINT('',(0.44,2.689060532806));
#1347 = ( GEOMETRIC_REPRESENTATION_CONTEXT(2) 
PARAMETRIC_REPRESENTATION_CONTEXT() REPRESENTATION_CONTEXT('2D SPACE',''
  ) );
#1348 = PCURVE('',#859,#1349);
#1349 = DEFINITIONAL_REPRESENTATION('',(#1350),#1353);
#1350 = B_SPLINE_CURVE_WITH_KNOTS('',1,(#1351,#1352),.UNSPECIFIED.,.F.,
  .F.,(2,2),(0.96,1.44),.PIECEWISE_BEZIER_KNOTS.);
#1351 = CARTESIAN_POINT('',(0.601105489069,0.96));
#1352 = CARTESIAN_POINT('',(0.601105489069,1.44));
#1353 = ( GEOMETRIC_REPRESENTATION_CONTEXT(2) 
PARAMETRIC_REPRESENTATION_CONTEXT() REPRESENTATION_CONTEXT('2D SPACE',''
  ) );
#1354 = ADVANCED_FACE('',(#1355),#859,.T.);
#1355 = FACE_BOUND('',#1356,.T.);
#1356 = EDGE_LOOP('',(#1357,#1385,#1404,#1405));
#1357 = ORIENTED_EDGE('',*,*,#1358,.F.);
#1358 = EDGE_CURVE('',#1359,#1312,#1361,.T.);
#1359 = VERTEX_POINT('',#1360);
#1360 = CARTESIAN_POINT('',(2.870189227994,4.185407841001,3.4));
#1361 = SURFACE_CURVE('',#1362,(#1367,#1374),.PCURVE_S1.);
#1362 = CIRCLE('',#1363,5.075);
#1363 = AXIS2_PLACEMENT_3D('',#1364,#1365,#1366);
#1364 = CARTESIAN_POINT('',(0.,0.,3.4));
#1365 = DIRECTION('',(0.,0.,-1.));
#1366 = DIRECTION('',(0.565554527683,0.824710904631,0.));
#1367 = PCURVE('',#859,#1368);
#1368 = DEFINITIONAL_REPRESENTATION('',(#1369),#1373);
#1369 = LINE('',#1370,#1371);
#1370 = CARTESIAN_POINT('',(0.969690837726,1.));
#1371 = VECTOR('',#1372,1.);
#1372 = DIRECTION('',(-1.,-0.));
#1373 = ( GEOMETRIC_REPRESENTATION_CONTEXT(2) 
PARAMETRIC_REPRESENTATION_CONTEXT() REPRESENTATION_CONTEXT('2D SPACE',''
  ) );
#1374 = PCURVE('',#1257,#1375);
#1375 = DEFINITIONAL_REPRESENTATION('',(#1376),#1384);
#1376 = ( BOUNDED_CURVE() B_SPLINE_CURVE(2,(#1377,#1378,#1379,#1380,
#1381,#1382,#1383),.UNSPECIFIED.,.T.,.F.) B_SPLINE_CURVE_WITH_KNOTS((1,2
    ,2,2,2,1),(-2.094395102393,0.,2.094395102393,4.188790204786,
6.28318530718,8.377580409573),.UNSPECIFIED.) CURVE() 
GEOMETRIC_REPRESENTATION_ITEM() RATIONAL_B_SPLINE_CURVE((1.,0.5,1.,0.5,
1.,0.5,1.)) REPRESENTATION_ITEM('') );
#1377 = CARTESIAN_POINT('',(2.870189227994,4.185407841001));
#1378 = CARTESIAN_POINT('',(10.119528259004,-0.785905729221));
#1379 = CARTESIAN_POINT('',(2.189574901508,-4.578360705611));
#1380 = CARTESIAN_POINT('',(-5.740378455987,-8.370815682001));
#1381 = CARTESIAN_POINT('',(-5.059764129502,0.392952864611));
#1382 = CARTESIAN_POINT('',(-4.379149803017,9.156721411222));
#1383 = CARTESIAN_POINT('',(2.870189227994,4.185407841001));
#1384 = ( GEOMETRIC_REPRESENTATION_CONTEXT(2) 
PARAMETRIC_REPRESENTATION_CONTEXT() REPRESENTATION_CONTEXT('2D SPACE',''
  ) );
#1385 = ORIENTED_EDGE('',*,*,#1386,.T.);
#1386 = EDGE_CURVE('',#1359,#843,#1387,.T.);
#1387 = SURFACE_CURVE('',#1388,(#1392,#1398),.PCURVE_S1.);
#1388 = LINE('',#1389,#1390);
#1389 = CARTESIAN_POINT('',(2.870189227994,4.185407841001,2.4));
#1390 = VECTOR('',#1391,1.);
#1391 = DIRECTION('',(0.,0.,1.));
#1392 = PCURVE('',#859,#1393);
#1393 = DEFINITIONAL_REPRESENTATION('',(#1394),#1397);
#1394 = B_SPLINE_CURVE_WITH_KNOTS('',1,(#1395,#1396),.UNSPECIFIED.,.F.,
  .F.,(2,2),(0.96,1.44),.PIECEWISE_BEZIER_KNOTS.);
#1395 = CARTESIAN_POINT('',(0.969690837726,0.96));
#1396 = CARTESIAN_POINT('',(0.969690837726,1.44));
#1397 = ( GEOMETRIC_REPRESENTATION_CONTEXT(2) 
PARAMETRIC_REPRESENTATION_CONTEXT() REPRESENTATION_CONTEXT('2D SPACE',''
  ) );
#1398 = PCURVE('',#887,#1399);
#1399 = DEFINITIONAL_REPRESENTATION('',(#1400),#1403);
#1400 = B_SPLINE_CURVE_WITH_KNOTS('',1,(#1401,#1402),.UNSPECIFIED.,.F.,
  .F.,(2,2),(0.96,1.44),.PIECEWISE_BEZIER_KNOTS.);
#1401 = CARTESIAN_POINT('',(-4.E-02,2.689060532806));
#1402 = CARTESIAN_POINT('',(0.44,2.689060532806));
#1403 = ( GEOMETRIC_REPRESENTATION_CONTEXT(2) 
PARAMETRIC_REPRESENTATION_CONTEXT() REPRESENTATION_CONTEXT('2D SPACE',''
  ) );
#1404 = ORIENTED_EDGE('',*,*,#842,.F.);
#1405 = ORIENTED_EDGE('',*,*,#1336,.F.);
#1406 = ADVANCED_FACE('',(#1407),#887,.T.);
#1407 = FACE_BOUND('',#1408,.T.);
#1408 = EDGE_LOOP('',(#1409,#1432,#1451,#1452));
#1409 = ORIENTED_EDGE('',*,*,#1410,.F.);
#1410 = EDGE_CURVE('',#1411,#1359,#1413,.T.);
#1411 = VERTEX_POINT('',#1412);
#1412 = CARTESIAN_POINT('',(2.310984636763,3.62620324977,3.4));
#1413 = SURFACE_CURVE('',#1414,(#1418,#1425),.PCURVE_S1.);
#1414 = LINE('',#1415,#1416);
#1415 = CARTESIAN_POINT('',(0.968736290226,2.283954903233,3.4));
#1416 = VECTOR('',#1417,1.);
#1417 = DIRECTION('',(0.707106781187,0.707106781187,0.));
#1418 = PCURVE('',#887,#1419);
#1419 = DEFINITIONAL_REPRESENTATION('',(#1420),#1424);
#1420 = LINE('',#1421,#1422);
#1421 = CARTESIAN_POINT('',(0.,0.));
#1422 = VECTOR('',#1423,1.);
#1423 = DIRECTION('',(0.,1.));
#1424 = ( GEOMETRIC_REPRESENTATION_CONTEXT(2) 
PARAMETRIC_REPRESENTATION_CONTEXT() REPRESENTATION_CONTEXT('2D SPACE',''
  ) );
#1425 = PCURVE('',#1257,#1426);
#1426 = DEFINITIONAL_REPRESENTATION('',(#1427),#1431);
#1427 = LINE('',#1428,#1429);
#1428 = CARTESIAN_POINT('',(0.968736290226,2.283954903233));
#1429 = VECTOR('',#1430,1.);
#1430 = DIRECTION('',(0.707106781187,0.707106781187));
#1431 = ( GEOMETRIC_REPRESENTATION_CONTEXT(2) 
PARAMETRIC_REPRESENTATION_CONTEXT() REPRESENTATION_CONTEXT('2D SPACE',''
  ) );
#1432 = ORIENTED_EDGE('',*,*,#1433,.T.);
#1433 = EDGE_CURVE('',#1411,#872,#1434,.T.);
#1434 = SURFACE_CURVE('',#1435,(#1439,#1445),.PCURVE_S1.);
#1435 = LINE('',#1436,#1437);
#1436 = CARTESIAN_POINT('',(2.310984636763,3.62620324977,1.4));
#1437 = VECTOR('',#1438,1.);
#1438 = DIRECTION('',(0.,0.,1.));
#1439 = PCURVE('',#887,#1440);
#1440 = DEFINITIONAL_REPRESENTATION('',(#1441),#1444);
#1441 = B_SPLINE_CURVE_WITH_KNOTS('',1,(#1442,#1443),.UNSPECIFIED.,.F.,
  .F.,(2,2),(1.9999976,2.2400024),.PIECEWISE_BEZIER_KNOTS.);
#1442 = CARTESIAN_POINT('',(-2.400000000069E-06,1.898225815746));
#1443 = CARTESIAN_POINT('',(0.2400024,1.898225815746));
#1444 = ( GEOMETRIC_REPRESENTATION_CONTEXT(2) 
PARAMETRIC_REPRESENTATION_CONTEXT() REPRESENTATION_CONTEXT('2D SPACE',''
  ) );
#1445 = PCURVE('',#915,#1446);
#1446 = DEFINITIONAL_REPRESENTATION('',(#1447),#1450);
#1447 = B_SPLINE_CURVE_WITH_KNOTS('',1,(#1448,#1449),.UNSPECIFIED.,.F.,
  .F.,(2,2),(1.9999976,2.2400024),.PIECEWISE_BEZIER_KNOTS.);
#1448 = CARTESIAN_POINT('',(1.003399880788,1.9999976));
#1449 = CARTESIAN_POINT('',(1.003399880788,2.2400024));
#1450 = ( GEOMETRIC_REPRESENTATION_CONTEXT(2) 
PARAMETRIC_REPRESENTATION_CONTEXT() REPRESENTATION_CONTEXT('2D SPACE',''
  ) );
#1451 = ORIENTED_EDGE('',*,*,#871,.T.);
#1452 = ORIENTED_EDGE('',*,*,#1386,.F.);
#1453 = ADVANCED_FACE('',(#1454),#915,.T.);
#1454 = FACE_BOUND('',#1455,.T.);
#1455 = EDGE_LOOP('',(#1456,#1457,#1458,#1482));
#1456 = ORIENTED_EDGE('',*,*,#898,.F.);
#1457 = ORIENTED_EDGE('',*,*,#1433,.F.);
#1458 = ORIENTED_EDGE('',*,*,#1459,.T.);
#1459 = EDGE_CURVE('',#1411,#1460,#1462,.T.);
#1460 = VERTEX_POINT('',#1461);
#1461 = CARTESIAN_POINT('',(-2.310984636763,3.62620324977,3.4));
#1462 = SURFACE_CURVE('',#1463,(#1468,#1475),.PCURVE_S1.);
#1463 = CIRCLE('',#1464,4.3);
#1464 = AXIS2_PLACEMENT_3D('',#1465,#1466,#1467);
#1465 = CARTESIAN_POINT('',(0.,0.,3.4));
#1466 = DIRECTION('',(0.,0.,1.));
#1467 = DIRECTION('',(1.,0.,-0.));
#1468 = PCURVE('',#915,#1469);
#1469 = DEFINITIONAL_REPRESENTATION('',(#1470),#1474);
#1470 = LINE('',#1471,#1472);
#1471 = CARTESIAN_POINT('',(0.,2.));
#1472 = VECTOR('',#1473,1.);
#1473 = DIRECTION('',(1.,0.));
#1474 = ( GEOMETRIC_REPRESENTATION_CONTEXT(2) 
PARAMETRIC_REPRESENTATION_CONTEXT() REPRESENTATION_CONTEXT('2D SPACE',''
  ) );
#1475 = PCURVE('',#1257,#1476);
#1476 = DEFINITIONAL_REPRESENTATION('',(#1477),#1481);
#1477 = CIRCLE('',#1478,4.3);
#1478 = AXIS2_PLACEMENT_2D('',#1479,#1480);
#1479 = CARTESIAN_POINT('',(0.,0.));
#1480 = DIRECTION('',(1.,0.));
#1481 = ( GEOMETRIC_REPRESENTATION_CONTEXT(2) 
PARAMETRIC_REPRESENTATION_CONTEXT() REPRESENTATION_CONTEXT('2D SPACE',''
  ) );
#1482 = ORIENTED_EDGE('',*,*,#1483,.T.);
#1483 = EDGE_CURVE('',#1460,#899,#1484,.T.);
#1484 = SURFACE_CURVE('',#1485,(#1489,#1495),.PCURVE_S1.);
#1485 = LINE('',#1486,#1487);
#1486 = CARTESIAN_POINT('',(-2.310984636763,3.62620324977,1.4));
#1487 = VECTOR('',#1488,1.);
#1488 = DIRECTION('',(0.,0.,1.));
#1489 = PCURVE('',#915,#1490);
#1490 = DEFINITIONAL_REPRESENTATION('',(#1491),#1494);
#1491 = B_SPLINE_CURVE_WITH_KNOTS('',1,(#1492,#1493),.UNSPECIFIED.,.F.,
  .F.,(2,2),(1.9999976,2.2400024),.PIECEWISE_BEZIER_KNOTS.);
#1492 = CARTESIAN_POINT('',(2.138192772802,1.9999976));
#1493 = CARTESIAN_POINT('',(2.138192772802,2.2400024));
#1494 = ( GEOMETRIC_REPRESENTATION_CONTEXT(2) 
PARAMETRIC_REPRESENTATION_CONTEXT() REPRESENTATION_CONTEXT('2D SPACE',''
  ) );
#1495 = PCURVE('',#943,#1496);
#1496 = DEFINITIONAL_REPRESENTATION('',(#1497),#1500);
#1497 = B_SPLINE_CURVE_WITH_KNOTS('',1,(#1498,#1499),.UNSPECIFIED.,.F.,
  .F.,(2,2),(1.9999976,2.2400024),.PIECEWISE_BEZIER_KNOTS.);
#1498 = CARTESIAN_POINT('',(-2.400000000069E-06,1.898225815746));
#1499 = CARTESIAN_POINT('',(0.2400024,1.898225815746));
#1500 = ( GEOMETRIC_REPRESENTATION_CONTEXT(2) 
PARAMETRIC_REPRESENTATION_CONTEXT() REPRESENTATION_CONTEXT('2D SPACE',''
  ) );
#1501 = ADVANCED_FACE('',(#1502),#943,.F.);
#1502 = FACE_BOUND('',#1503,.F.);
#1503 = EDGE_LOOP('',(#1504,#1527,#1528,#1529));
#1504 = ORIENTED_EDGE('',*,*,#1505,.F.);
#1505 = EDGE_CURVE('',#1460,#1506,#1508,.T.);
#1506 = VERTEX_POINT('',#1507);
#1507 = CARTESIAN_POINT('',(-2.870189227994,4.185407841001,3.4));
#1508 = SURFACE_CURVE('',#1509,(#1513,#1520),.PCURVE_S1.);
#1509 = LINE('',#1510,#1511);
#1510 = CARTESIAN_POINT('',(-0.968736290226,2.283954903233,3.4));
#1511 = VECTOR('',#1512,1.);
#1512 = DIRECTION('',(-0.707106781187,0.707106781187,0.));
#1513 = PCURVE('',#943,#1514);
#1514 = DEFINITIONAL_REPRESENTATION('',(#1515),#1519);
#1515 = LINE('',#1516,#1517);
#1516 = CARTESIAN_POINT('',(0.,0.));
#1517 = VECTOR('',#1518,1.);
#1518 = DIRECTION('',(0.,1.));
#1519 = ( GEOMETRIC_REPRESENTATION_CONTEXT(2) 
PARAMETRIC_REPRESENTATION_CONTEXT() REPRESENTATION_CONTEXT('2D SPACE',''
  ) );
#1520 = PCURVE('',#1257,#1521);
#1521 = DEFINITIONAL_REPRESENTATION('',(#1522),#1526);
#1522 = LINE('',#1523,#1524);
#1523 = CARTESIAN_POINT('',(-0.968736290226,2.283954903233));
#1524 = VECTOR('',#1525,1.);
#1525 = DIRECTION('',(-0.707106781187,0.707106781187));
#1526 = ( GEOMETRIC_REPRESENTATION_CONTEXT(2) 
PARAMETRIC_REPRESENTATION_CONTEXT() REPRESENTATION_CONTEXT('2D SPACE',''
  ) );
#1527 = ORIENTED_EDGE('',*,*,#1483,.T.);
#1528 = ORIENTED_EDGE('',*,*,#927,.T.);
#1529 = ORIENTED_EDGE('',*,*,#1530,.F.);
#1530 = EDGE_CURVE('',#1506,#928,#1531,.T.);
#1531 = SURFACE_CURVE('',#1532,(#1536,#1542),.PCURVE_S1.);
#1532 = LINE('',#1533,#1534);
#1533 = CARTESIAN_POINT('',(-2.870189227994,4.185407841001,2.4));
#1534 = VECTOR('',#1535,1.);
#1535 = DIRECTION('',(0.,0.,1.));
#1536 = PCURVE('',#943,#1537);
#1537 = DEFINITIONAL_REPRESENTATION('',(#1538),#1541);
#1538 = B_SPLINE_CURVE_WITH_KNOTS('',1,(#1539,#1540),.UNSPECIFIED.,.F.,
  .F.,(2,2),(0.96,1.44),.PIECEWISE_BEZIER_KNOTS.);
#1539 = CARTESIAN_POINT('',(-4.E-02,2.689060532806));
#1540 = CARTESIAN_POINT('',(0.44,2.689060532806));
#1541 = ( GEOMETRIC_REPRESENTATION_CONTEXT(2) 
PARAMETRIC_REPRESENTATION_CONTEXT() REPRESENTATION_CONTEXT('2D SPACE',''
  ) );
#1542 = PCURVE('',#971,#1543);
#1543 = DEFINITIONAL_REPRESENTATION('',(#1544),#1547);
#1544 = B_SPLINE_CURVE_WITH_KNOTS('',1,(#1545,#1546),.UNSPECIFIED.,.F.,
  .F.,(2,2),(0.96,1.44),.PIECEWISE_BEZIER_KNOTS.);
#1545 = CARTESIAN_POINT('',(2.171901815864,0.96));
#1546 = CARTESIAN_POINT('',(2.171901815864,1.44));
#1547 = ( GEOMETRIC_REPRESENTATION_CONTEXT(2) 
PARAMETRIC_REPRESENTATION_CONTEXT() REPRESENTATION_CONTEXT('2D SPACE',''
  ) );
#1548 = ADVANCED_FACE('',(#1549),#971,.T.);
#1549 = FACE_BOUND('',#1550,.T.);
#1550 = EDGE_LOOP('',(#1551,#1579,#1598,#1599));
#1551 = ORIENTED_EDGE('',*,*,#1552,.F.);
#1552 = EDGE_CURVE('',#1553,#1506,#1555,.T.);
#1553 = VERTEX_POINT('',#1554);
#1554 = CARTESIAN_POINT('',(-4.185407841001,2.870189227994,3.4));
#1555 = SURFACE_CURVE('',#1556,(#1561,#1568),.PCURVE_S1.);
#1556 = CIRCLE('',#1557,5.075);
#1557 = AXIS2_PLACEMENT_3D('',#1558,#1559,#1560);
#1558 = CARTESIAN_POINT('',(0.,0.,3.4));
#1559 = DIRECTION('',(0.,0.,-1.));
#1560 = DIRECTION('',(-0.824710904631,0.565554527683,0.));
#1561 = PCURVE('',#971,#1562);
#1562 = DEFINITIONAL_REPRESENTATION('',(#1563),#1567);
#1563 = LINE('',#1564,#1565);
#1564 = CARTESIAN_POINT('',(2.540487164521,1.));
#1565 = VECTOR('',#1566,1.);
#1566 = DIRECTION('',(-1.,-0.));
#1567 = ( GEOMETRIC_REPRESENTATION_CONTEXT(2) 
PARAMETRIC_REPRESENTATION_CONTEXT() REPRESENTATION_CONTEXT('2D SPACE',''
  ) );
#1568 = PCURVE('',#1257,#1569);
#1569 = DEFINITIONAL_REPRESENTATION('',(#1570),#1578);
#1570 = ( BOUNDED_CURVE() B_SPLINE_CURVE(2,(#1571,#1572,#1573,#1574,
#1575,#1576,#1577),.UNSPECIFIED.,.T.,.F.) B_SPLINE_CURVE_WITH_KNOTS((1,2
    ,2,2,2,1),(-2.094395102393,0.,2.094395102393,4.188790204786,
6.28318530718,8.377580409573),.UNSPECIFIED.) CURVE() 
GEOMETRIC_REPRESENTATION_ITEM() RATIONAL_B_SPLINE_CURVE((1.,0.5,1.,0.5,
1.,0.5,1.)) REPRESENTATION_ITEM('') );
#1571 = CARTESIAN_POINT('',(-4.185407841001,2.870189227994));
#1572 = CARTESIAN_POINT('',(0.785905729221,10.119528259004));
#1573 = CARTESIAN_POINT('',(4.578360705611,2.189574901508));
#1574 = CARTESIAN_POINT('',(8.370815682001,-5.740378455987));
#1575 = CARTESIAN_POINT('',(-0.392952864611,-5.059764129502));
#1576 = CARTESIAN_POINT('',(-9.156721411222,-4.379149803017));
#1577 = CARTESIAN_POINT('',(-4.185407841001,2.870189227994));
#1578 = ( GEOMETRIC_REPRESENTATION_CONTEXT(2) 
PARAMETRIC_REPRESENTATION_CONTEXT() REPRESENTATION_CONTEXT('2D SPACE',''
  ) );
#1579 = ORIENTED_EDGE('',*,*,#1580,.T.);
#1580 = EDGE_CURVE('',#1553,#955,#1581,.T.);
#1581 = SURFACE_CURVE('',#1582,(#1586,#1592),.PCURVE_S1.);
#1582 = LINE('',#1583,#1584);
#1583 = CARTESIAN_POINT('',(-4.185407841001,2.870189227994,2.4));
#1584 = VECTOR('',#1585,1.);
#1585 = DIRECTION('',(0.,0.,1.));
#1586 = PCURVE('',#971,#1587);
#1587 = DEFINITIONAL_REPRESENTATION('',(#1588),#1591);
#1588 = B_SPLINE_CURVE_WITH_KNOTS('',1,(#1589,#1590),.UNSPECIFIED.,.F.,
  .F.,(2,2),(0.96,1.44),.PIECEWISE_BEZIER_KNOTS.);
#1589 = CARTESIAN_POINT('',(2.540487164521,0.96));
#1590 = CARTESIAN_POINT('',(2.540487164521,1.44));
#1591 = ( GEOMETRIC_REPRESENTATION_CONTEXT(2) 
PARAMETRIC_REPRESENTATION_CONTEXT() REPRESENTATION_CONTEXT('2D SPACE',''
  ) );
#1592 = PCURVE('',#999,#1593);
#1593 = DEFINITIONAL_REPRESENTATION('',(#1594),#1597);
#1594 = B_SPLINE_CURVE_WITH_KNOTS('',1,(#1595,#1596),.UNSPECIFIED.,.F.,
  .F.,(2,2),(0.96,1.44),.PIECEWISE_BEZIER_KNOTS.);
#1595 = CARTESIAN_POINT('',(-4.E-02,2.689060532806));
#1596 = CARTESIAN_POINT('',(0.44,2.689060532806));
#1597 = ( GEOMETRIC_REPRESENTATION_CONTEXT(2) 
PARAMETRIC_REPRESENTATION_CONTEXT() REPRESENTATION_CONTEXT('2D SPACE',''
  ) );
#1598 = ORIENTED_EDGE('',*,*,#954,.F.);
#1599 = ORIENTED_EDGE('',*,*,#1530,.F.);
#1600 = ADVANCED_FACE('',(#1601),#999,.T.);
#1601 = FACE_BOUND('',#1602,.T.);
#1602 = EDGE_LOOP('',(#1603,#1626,#1645,#1646));
#1603 = ORIENTED_EDGE('',*,*,#1604,.F.);
#1604 = EDGE_CURVE('',#1605,#1553,#1607,.T.);
#1605 = VERTEX_POINT('',#1606);
#1606 = CARTESIAN_POINT('',(-3.62620324977,2.310984636763,3.4));
#1607 = SURFACE_CURVE('',#1608,(#1612,#1619),.PCURVE_S1.);
#1608 = LINE('',#1609,#1610);
#1609 = CARTESIAN_POINT('',(-2.283954903233,0.968736290226,3.4));
#1610 = VECTOR('',#1611,1.);
#1611 = DIRECTION('',(-0.707106781187,0.707106781187,0.));
#1612 = PCURVE('',#999,#1613);
#1613 = DEFINITIONAL_REPRESENTATION('',(#1614),#1618);
#1614 = LINE('',#1615,#1616);
#1615 = CARTESIAN_POINT('',(0.,0.));
#1616 = VECTOR('',#1617,1.);
#1617 = DIRECTION('',(0.,1.));
#1618 = ( GEOMETRIC_REPRESENTATION_CONTEXT(2) 
PARAMETRIC_REPRESENTATION_CONTEXT() REPRESENTATION_CONTEXT('2D SPACE',''
  ) );
#1619 = PCURVE('',#1257,#1620);
#1620 = DEFINITIONAL_REPRESENTATION('',(#1621),#1625);
#1621 = LINE('',#1622,#1623);
#1622 = CARTESIAN_POINT('',(-2.283954903233,0.968736290226));
#1623 = VECTOR('',#1624,1.);
#1624 = DIRECTION('',(-0.707106781187,0.707106781187));
#1625 = ( GEOMETRIC_REPRESENTATION_CONTEXT(2) 
PARAMETRIC_REPRESENTATION_CONTEXT() REPRESENTATION_CONTEXT('2D SPACE',''
  ) );
#1626 = ORIENTED_EDGE('',*,*,#1627,.T.);
#1627 = EDGE_CURVE('',#1605,#984,#1628,.T.);
#1628 = SURFACE_CURVE('',#1629,(#1633,#1639),.PCURVE_S1.);
#1629 = LINE('',#1630,#1631);
#1630 = CARTESIAN_POINT('',(-3.62620324977,2.310984636763,1.4));
#1631 = VECTOR('',#1632,1.);
#1632 = DIRECTION('',(0.,0.,1.));
#1633 = PCURVE('',#999,#1634);
#1634 = DEFINITIONAL_REPRESENTATION('',(#1635),#1638);
#1635 = B_SPLINE_CURVE_WITH_KNOTS('',1,(#1636,#1637),.UNSPECIFIED.,.F.,
  .F.,(2,2),(1.9999976,2.2400024),.PIECEWISE_BEZIER_KNOTS.);
#1636 = CARTESIAN_POINT('',(-2.400000000069E-06,1.898225815746));
#1637 = CARTESIAN_POINT('',(0.2400024,1.898225815746));
#1638 = ( GEOMETRIC_REPRESENTATION_CONTEXT(2) 
PARAMETRIC_REPRESENTATION_CONTEXT() REPRESENTATION_CONTEXT('2D SPACE',''
  ) );
#1639 = PCURVE('',#1027,#1640);
#1640 = DEFINITIONAL_REPRESENTATION('',(#1641),#1644);
#1641 = B_SPLINE_CURVE_WITH_KNOTS('',1,(#1642,#1643),.UNSPECIFIED.,.F.,
  .F.,(2,2),(1.9999976,2.2400024),.PIECEWISE_BEZIER_KNOTS.);
#1642 = CARTESIAN_POINT('',(2.574196207583,1.9999976));
#1643 = CARTESIAN_POINT('',(2.574196207583,2.2400024));
#1644 = ( GEOMETRIC_REPRESENTATION_CONTEXT(2) 
PARAMETRIC_REPRESENTATION_CONTEXT() REPRESENTATION_CONTEXT('2D SPACE',''
  ) );
#1645 = ORIENTED_EDGE('',*,*,#983,.T.);
#1646 = ORIENTED_EDGE('',*,*,#1580,.F.);
#1647 = ADVANCED_FACE('',(#1648),#1027,.T.);
#1648 = FACE_BOUND('',#1649,.T.);
#1649 = EDGE_LOOP('',(#1650,#1651,#1652,#1676));
#1650 = ORIENTED_EDGE('',*,*,#1010,.F.);
#1651 = ORIENTED_EDGE('',*,*,#1627,.F.);
#1652 = ORIENTED_EDGE('',*,*,#1653,.T.);
#1653 = EDGE_CURVE('',#1605,#1654,#1656,.T.);
#1654 = VERTEX_POINT('',#1655);
#1655 = CARTESIAN_POINT('',(-3.62620324977,-2.310984636763,3.4));
#1656 = SURFACE_CURVE('',#1657,(#1662,#1669),.PCURVE_S1.);
#1657 = CIRCLE('',#1658,4.3);
#1658 = AXIS2_PLACEMENT_3D('',#1659,#1660,#1661);
#1659 = CARTESIAN_POINT('',(0.,0.,3.4));
#1660 = DIRECTION('',(0.,0.,1.));
#1661 = DIRECTION('',(1.,0.,-0.));
#1662 = PCURVE('',#1027,#1663);
#1663 = DEFINITIONAL_REPRESENTATION('',(#1664),#1668);
#1664 = LINE('',#1665,#1666);
#1665 = CARTESIAN_POINT('',(0.,2.));
#1666 = VECTOR('',#1667,1.);
#1667 = DIRECTION('',(1.,0.));
#1668 = ( GEOMETRIC_REPRESENTATION_CONTEXT(2) 
PARAMETRIC_REPRESENTATION_CONTEXT() REPRESENTATION_CONTEXT('2D SPACE',''
  ) );
#1669 = PCURVE('',#1257,#1670);
#1670 = DEFINITIONAL_REPRESENTATION('',(#1671),#1675);
#1671 = CIRCLE('',#1672,4.3);
#1672 = AXIS2_PLACEMENT_2D('',#1673,#1674);
#1673 = CARTESIAN_POINT('',(0.,0.));
#1674 = DIRECTION('',(1.,0.));
#1675 = ( GEOMETRIC_REPRESENTATION_CONTEXT(2) 
PARAMETRIC_REPRESENTATION_CONTEXT() REPRESENTATION_CONTEXT('2D SPACE',''
  ) );
#1676 = ORIENTED_EDGE('',*,*,#1677,.T.);
#1677 = EDGE_CURVE('',#1654,#1011,#1678,.T.);
#1678 = SURFACE_CURVE('',#1679,(#1683,#1689),.PCURVE_S1.);
#1679 = LINE('',#1680,#1681);
#1680 = CARTESIAN_POINT('',(-3.62620324977,-2.310984636763,1.4));
#1681 = VECTOR('',#1682,1.);
#1682 = DIRECTION('',(0.,0.,1.));
#1683 = PCURVE('',#1027,#1684);
#1684 = DEFINITIONAL_REPRESENTATION('',(#1685),#1688);
#1685 = B_SPLINE_CURVE_WITH_KNOTS('',1,(#1686,#1687),.UNSPECIFIED.,.F.,
  .F.,(2,2),(1.9999976,2.2400024),.PIECEWISE_BEZIER_KNOTS.);
#1686 = CARTESIAN_POINT('',(3.708989099597,1.9999976));
#1687 = CARTESIAN_POINT('',(3.708989099597,2.2400024));
#1688 = ( GEOMETRIC_REPRESENTATION_CONTEXT(2) 
PARAMETRIC_REPRESENTATION_CONTEXT() REPRESENTATION_CONTEXT('2D SPACE',''
  ) );
#1689 = PCURVE('',#1055,#1690);
#1690 = DEFINITIONAL_REPRESENTATION('',(#1691),#1694);
#1691 = B_SPLINE_CURVE_WITH_KNOTS('',1,(#1692,#1693),.UNSPECIFIED.,.F.,
  .F.,(2,2),(1.9999976,2.2400024),.PIECEWISE_BEZIER_KNOTS.);
#1692 = CARTESIAN_POINT('',(-2.400000000069E-06,1.898225815746));
#1693 = CARTESIAN_POINT('',(0.2400024,1.898225815746));
#1694 = ( GEOMETRIC_REPRESENTATION_CONTEXT(2) 
PARAMETRIC_REPRESENTATION_CONTEXT() REPRESENTATION_CONTEXT('2D SPACE',''
  ) );
#1695 = ADVANCED_FACE('',(#1696),#1055,.F.);
#1696 = FACE_BOUND('',#1697,.F.);
#1697 = EDGE_LOOP('',(#1698,#1721,#1722,#1723));
#1698 = ORIENTED_EDGE('',*,*,#1699,.F.);
#1699 = EDGE_CURVE('',#1654,#1700,#1702,.T.);
#1700 = VERTEX_POINT('',#1701);
#1701 = CARTESIAN_POINT('',(-4.185407841001,-2.870189227994,3.4));
#1702 = SURFACE_CURVE('',#1703,(#1707,#1714),.PCURVE_S1.);
#1703 = LINE('',#1704,#1705);
#1704 = CARTESIAN_POINT('',(-2.283954903233,-0.968736290226,3.4));
#1705 = VECTOR('',#1706,1.);
#1706 = DIRECTION('',(-0.707106781187,-0.707106781187,0.));
#1707 = PCURVE('',#1055,#1708);
#1708 = DEFINITIONAL_REPRESENTATION('',(#1709),#1713);
#1709 = LINE('',#1710,#1711);
#1710 = CARTESIAN_POINT('',(0.,0.));
#1711 = VECTOR('',#1712,1.);
#1712 = DIRECTION('',(0.,1.));
#1713 = ( GEOMETRIC_REPRESENTATION_CONTEXT(2) 
PARAMETRIC_REPRESENTATION_CONTEXT() REPRESENTATION_CONTEXT('2D SPACE',''
  ) );
#1714 = PCURVE('',#1257,#1715);
#1715 = DEFINITIONAL_REPRESENTATION('',(#1716),#1720);
#1716 = LINE('',#1717,#1718);
#1717 = CARTESIAN_POINT('',(-2.283954903233,-0.968736290226));
#1718 = VECTOR('',#1719,1.);
#1719 = DIRECTION('',(-0.707106781187,-0.707106781187));
#1720 = ( GEOMETRIC_REPRESENTATION_CONTEXT(2) 
PARAMETRIC_REPRESENTATION_CONTEXT() REPRESENTATION_CONTEXT('2D SPACE',''
  ) );
#1721 = ORIENTED_EDGE('',*,*,#1677,.T.);
#1722 = ORIENTED_EDGE('',*,*,#1039,.T.);
#1723 = ORIENTED_EDGE('',*,*,#1724,.F.);
#1724 = EDGE_CURVE('',#1700,#1040,#1725,.T.);
#1725 = SURFACE_CURVE('',#1726,(#1730,#1736),.PCURVE_S1.);
#1726 = LINE('',#1727,#1728);
#1727 = CARTESIAN_POINT('',(-4.185407841001,-2.870189227994,2.4));
#1728 = VECTOR('',#1729,1.);
#1729 = DIRECTION('',(0.,0.,1.));
#1730 = PCURVE('',#1055,#1731);
#1731 = DEFINITIONAL_REPRESENTATION('',(#1732),#1735);
#1732 = B_SPLINE_CURVE_WITH_KNOTS('',1,(#1733,#1734),.UNSPECIFIED.,.F.,
  .F.,(2,2),(0.96,1.44),.PIECEWISE_BEZIER_KNOTS.);
#1733 = CARTESIAN_POINT('',(-4.E-02,2.689060532806));
#1734 = CARTESIAN_POINT('',(0.44,2.689060532806));
#1735 = ( GEOMETRIC_REPRESENTATION_CONTEXT(2) 
PARAMETRIC_REPRESENTATION_CONTEXT() REPRESENTATION_CONTEXT('2D SPACE',''
  ) );
#1736 = PCURVE('',#1083,#1737);
#1737 = DEFINITIONAL_REPRESENTATION('',(#1738),#1741);
#1738 = B_SPLINE_CURVE_WITH_KNOTS('',1,(#1739,#1740),.UNSPECIFIED.,.F.,
  .F.,(2,2),(0.96,1.44),.PIECEWISE_BEZIER_KNOTS.);
#1739 = CARTESIAN_POINT('',(3.742698142659,0.96));
#1740 = CARTESIAN_POINT('',(3.742698142659,1.44));
#1741 = ( GEOMETRIC_REPRESENTATION_CONTEXT(2) 
PARAMETRIC_REPRESENTATION_CONTEXT() REPRESENTATION_CONTEXT('2D SPACE',''
  ) );
#1742 = ADVANCED_FACE('',(#1743),#1083,.T.);
#1743 = FACE_BOUND('',#1744,.T.);
#1744 = EDGE_LOOP('',(#1745,#1773,#1792,#1793));
#1745 = ORIENTED_EDGE('',*,*,#1746,.F.);
#1746 = EDGE_CURVE('',#1747,#1700,#1749,.T.);
#1747 = VERTEX_POINT('',#1748);
#1748 = CARTESIAN_POINT('',(-2.870189227994,-4.185407841001,3.4));
#1749 = SURFACE_CURVE('',#1750,(#1755,#1762),.PCURVE_S1.);
#1750 = CIRCLE('',#1751,5.075);
#1751 = AXIS2_PLACEMENT_3D('',#1752,#1753,#1754);
#1752 = CARTESIAN_POINT('',(0.,0.,3.4));
#1753 = DIRECTION('',(0.,0.,-1.));
#1754 = DIRECTION('',(-0.565554527683,-0.824710904631,-0.));
#1755 = PCURVE('',#1083,#1756);
#1756 = DEFINITIONAL_REPRESENTATION('',(#1757),#1761);
#1757 = LINE('',#1758,#1759);
#1758 = CARTESIAN_POINT('',(4.111283491315,1.));
#1759 = VECTOR('',#1760,1.);
#1760 = DIRECTION('',(-1.,-0.));
#1761 = ( GEOMETRIC_REPRESENTATION_CONTEXT(2) 
PARAMETRIC_REPRESENTATION_CONTEXT() REPRESENTATION_CONTEXT('2D SPACE',''
  ) );
#1762 = PCURVE('',#1257,#1763);
#1763 = DEFINITIONAL_REPRESENTATION('',(#1764),#1772);
#1764 = ( BOUNDED_CURVE() B_SPLINE_CURVE(2,(#1765,#1766,#1767,#1768,
#1769,#1770,#1771),.UNSPECIFIED.,.T.,.F.) B_SPLINE_CURVE_WITH_KNOTS((1,2
    ,2,2,2,1),(-2.094395102393,0.,2.094395102393,4.188790204786,
6.28318530718,8.377580409573),.UNSPECIFIED.) CURVE() 
GEOMETRIC_REPRESENTATION_ITEM() RATIONAL_B_SPLINE_CURVE((1.,0.5,1.,0.5,
1.,0.5,1.)) REPRESENTATION_ITEM('') );
#1765 = CARTESIAN_POINT('',(-2.870189227994,-4.185407841001));
#1766 = CARTESIAN_POINT('',(-10.119528259,0.785905729221));
#1767 = CARTESIAN_POINT('',(-2.189574901508,4.578360705611));
#1768 = CARTESIAN_POINT('',(5.740378455987,8.370815682001));
#1769 = CARTESIAN_POINT('',(5.059764129502,-0.392952864611));
#1770 = CARTESIAN_POINT('',(4.379149803017,-9.156721411222));
#1771 = CARTESIAN_POINT('',(-2.870189227994,-4.185407841001));
#1772 = ( GEOMETRIC_REPRESENTATION_CONTEXT(2) 
PARAMETRIC_REPRESENTATION_CONTEXT() REPRESENTATION_CONTEXT('2D SPACE',''
  ) );
#1773 = ORIENTED_EDGE('',*,*,#1774,.T.);
#1774 = EDGE_CURVE('',#1747,#1067,#1775,.T.);
#1775 = SURFACE_CURVE('',#1776,(#1780,#1786),.PCURVE_S1.);
#1776 = LINE('',#1777,#1778);
#1777 = CARTESIAN_POINT('',(-2.870189227994,-4.185407841001,2.4));
#1778 = VECTOR('',#1779,1.);
#1779 = DIRECTION('',(0.,0.,1.));
#1780 = PCURVE('',#1083,#1781);
#1781 = DEFINITIONAL_REPRESENTATION('',(#1782),#1785);
#1782 = B_SPLINE_CURVE_WITH_KNOTS('',1,(#1783,#1784),.UNSPECIFIED.,.F.,
  .F.,(2,2),(0.96,1.44),.PIECEWISE_BEZIER_KNOTS.);
#1783 = CARTESIAN_POINT('',(4.111283491315,0.96));
#1784 = CARTESIAN_POINT('',(4.111283491315,1.44));
#1785 = ( GEOMETRIC_REPRESENTATION_CONTEXT(2) 
PARAMETRIC_REPRESENTATION_CONTEXT() REPRESENTATION_CONTEXT('2D SPACE',''
  ) );
#1786 = PCURVE('',#1111,#1787);
#1787 = DEFINITIONAL_REPRESENTATION('',(#1788),#1791);
#1788 = B_SPLINE_CURVE_WITH_KNOTS('',1,(#1789,#1790),.UNSPECIFIED.,.F.,
  .F.,(2,2),(0.96,1.44),.PIECEWISE_BEZIER_KNOTS.);
#1789 = CARTESIAN_POINT('',(-4.E-02,2.689060532806));
#1790 = CARTESIAN_POINT('',(0.44,2.689060532806));
#1791 = ( GEOMETRIC_REPRESENTATION_CONTEXT(2) 
PARAMETRIC_REPRESENTATION_CONTEXT() REPRESENTATION_CONTEXT('2D SPACE',''
  ) );
#1792 = ORIENTED_EDGE('',*,*,#1066,.F.);
#1793 = ORIENTED_EDGE('',*,*,#1724,.F.);
#1794 = ADVANCED_FACE('',(#1795),#1111,.T.);
#1795 = FACE_BOUND('',#1796,.T.);
#1796 = EDGE_LOOP('',(#1797,#1820,#1839,#1840));
#1797 = ORIENTED_EDGE('',*,*,#1798,.F.);
#1798 = EDGE_CURVE('',#1799,#1747,#1801,.T.);
#1799 = VERTEX_POINT('',#1800);
#1800 = CARTESIAN_POINT('',(-2.310984636763,-3.62620324977,3.4));
#1801 = SURFACE_CURVE('',#1802,(#1806,#1813),.PCURVE_S1.);
#1802 = LINE('',#1803,#1804);
#1803 = CARTESIAN_POINT('',(-0.968736290226,-2.283954903233,3.4));
#1804 = VECTOR('',#1805,1.);
#1805 = DIRECTION('',(-0.707106781187,-0.707106781187,0.));
#1806 = PCURVE('',#1111,#1807);
#1807 = DEFINITIONAL_REPRESENTATION('',(#1808),#1812);
#1808 = LINE('',#1809,#1810);
#1809 = CARTESIAN_POINT('',(0.,0.));
#1810 = VECTOR('',#1811,1.);
#1811 = DIRECTION('',(0.,1.));
#1812 = ( GEOMETRIC_REPRESENTATION_CONTEXT(2) 
PARAMETRIC_REPRESENTATION_CONTEXT() REPRESENTATION_CONTEXT('2D SPACE',''
  ) );
#1813 = PCURVE('',#1257,#1814);
#1814 = DEFINITIONAL_REPRESENTATION('',(#1815),#1819);
#1815 = LINE('',#1816,#1817);
#1816 = CARTESIAN_POINT('',(-0.968736290226,-2.283954903233));
#1817 = VECTOR('',#1818,1.);
#1818 = DIRECTION('',(-0.707106781187,-0.707106781187));
#1819 = ( GEOMETRIC_REPRESENTATION_CONTEXT(2) 
PARAMETRIC_REPRESENTATION_CONTEXT() REPRESENTATION_CONTEXT('2D SPACE',''
  ) );
#1820 = ORIENTED_EDGE('',*,*,#1821,.T.);
#1821 = EDGE_CURVE('',#1799,#1096,#1822,.T.);
#1822 = SURFACE_CURVE('',#1823,(#1827,#1833),.PCURVE_S1.);
#1823 = LINE('',#1824,#1825);
#1824 = CARTESIAN_POINT('',(-2.310984636763,-3.62620324977,1.4));
#1825 = VECTOR('',#1826,1.);
#1826 = DIRECTION('',(0.,0.,1.));
#1827 = PCURVE('',#1111,#1828);
#1828 = DEFINITIONAL_REPRESENTATION('',(#1829),#1832);
#1829 = B_SPLINE_CURVE_WITH_KNOTS('',1,(#1830,#1831),.UNSPECIFIED.,.F.,
  .F.,(2,2),(1.9999976,2.2400024),.PIECEWISE_BEZIER_KNOTS.);
#1830 = CARTESIAN_POINT('',(-2.400000000069E-06,1.898225815746));
#1831 = CARTESIAN_POINT('',(0.2400024,1.898225815746));
#1832 = ( GEOMETRIC_REPRESENTATION_CONTEXT(2) 
PARAMETRIC_REPRESENTATION_CONTEXT() REPRESENTATION_CONTEXT('2D SPACE',''
  ) );
#1833 = PCURVE('',#1139,#1834);
#1834 = DEFINITIONAL_REPRESENTATION('',(#1835),#1838);
#1835 = B_SPLINE_CURVE_WITH_KNOTS('',1,(#1836,#1837),.UNSPECIFIED.,.F.,
  .F.,(2,2),(1.9999976,2.2400024),.PIECEWISE_BEZIER_KNOTS.);
#1836 = CARTESIAN_POINT('',(4.144992534378,1.9999976));
#1837 = CARTESIAN_POINT('',(4.144992534378,2.2400024));
#1838 = ( GEOMETRIC_REPRESENTATION_CONTEXT(2) 
PARAMETRIC_REPRESENTATION_CONTEXT() REPRESENTATION_CONTEXT('2D SPACE',''
  ) );
#1839 = ORIENTED_EDGE('',*,*,#1095,.T.);
#1840 = ORIENTED_EDGE('',*,*,#1774,.F.);
#1841 = ADVANCED_FACE('',(#1842),#1139,.T.);
#1842 = FACE_BOUND('',#1843,.T.);
#1843 = EDGE_LOOP('',(#1844,#1865,#1866,#1867));
#1844 = ORIENTED_EDGE('',*,*,#1845,.T.);
#1845 = EDGE_CURVE('',#1846,#1123,#1848,.T.);
#1846 = VERTEX_POINT('',#1847);
#1847 = CARTESIAN_POINT('',(2.310984636763,-3.62620324977,3.4));
#1848 = SURFACE_CURVE('',#1849,(#1853,#1859),.PCURVE_S1.);
#1849 = LINE('',#1850,#1851);
#1850 = CARTESIAN_POINT('',(2.310984636763,-3.62620324977,1.4));
#1851 = VECTOR('',#1852,1.);
#1852 = DIRECTION('',(0.,0.,1.));
#1853 = PCURVE('',#1139,#1854);
#1854 = DEFINITIONAL_REPRESENTATION('',(#1855),#1858);
#1855 = B_SPLINE_CURVE_WITH_KNOTS('',1,(#1856,#1857),.UNSPECIFIED.,.F.,
  .F.,(2,2),(1.9999976,2.2400024),.PIECEWISE_BEZIER_KNOTS.);
#1856 = CARTESIAN_POINT('',(5.279785426391,1.9999976));
#1857 = CARTESIAN_POINT('',(5.279785426391,2.2400024));
#1858 = ( GEOMETRIC_REPRESENTATION_CONTEXT(2) 
PARAMETRIC_REPRESENTATION_CONTEXT() REPRESENTATION_CONTEXT('2D SPACE',''
  ) );
#1859 = PCURVE('',#1167,#1860);
#1860 = DEFINITIONAL_REPRESENTATION('',(#1861),#1864);
#1861 = B_SPLINE_CURVE_WITH_KNOTS('',1,(#1862,#1863),.UNSPECIFIED.,.F.,
  .F.,(2,2),(1.9999976,2.2400024),.PIECEWISE_BEZIER_KNOTS.);
#1862 = CARTESIAN_POINT('',(-2.400000000069E-06,1.898225815746));
#1863 = CARTESIAN_POINT('',(0.2400024,1.898225815746));
#1864 = ( GEOMETRIC_REPRESENTATION_CONTEXT(2) 
PARAMETRIC_REPRESENTATION_CONTEXT() REPRESENTATION_CONTEXT('2D SPACE',''
  ) );
#1865 = ORIENTED_EDGE('',*,*,#1122,.F.);
#1866 = ORIENTED_EDGE('',*,*,#1821,.F.);
#1867 = ORIENTED_EDGE('',*,*,#1868,.T.);
#1868 = EDGE_CURVE('',#1799,#1846,#1869,.T.);
#1869 = SURFACE_CURVE('',#1870,(#1875,#1882),.PCURVE_S1.);
#1870 = CIRCLE('',#1871,4.3);
#1871 = AXIS2_PLACEMENT_3D('',#1872,#1873,#1874);
#1872 = CARTESIAN_POINT('',(0.,0.,3.4));
#1873 = DIRECTION('',(0.,0.,1.));
#1874 = DIRECTION('',(1.,0.,-0.));
#1875 = PCURVE('',#1139,#1876);
#1876 = DEFINITIONAL_REPRESENTATION('',(#1877),#1881);
#1877 = LINE('',#1878,#1879);
#1878 = CARTESIAN_POINT('',(0.,2.));
#1879 = VECTOR('',#1880,1.);
#1880 = DIRECTION('',(1.,0.));
#1881 = ( GEOMETRIC_REPRESENTATION_CONTEXT(2) 
PARAMETRIC_REPRESENTATION_CONTEXT() REPRESENTATION_CONTEXT('2D SPACE',''
  ) );
#1882 = PCURVE('',#1257,#1883);
#1883 = DEFINITIONAL_REPRESENTATION('',(#1884),#1888);
#1884 = CIRCLE('',#1885,4.3);
#1885 = AXIS2_PLACEMENT_2D('',#1886,#1887);
#1886 = CARTESIAN_POINT('',(0.,0.));
#1887 = DIRECTION('',(1.,0.));
#1888 = ( GEOMETRIC_REPRESENTATION_CONTEXT(2) 
PARAMETRIC_REPRESENTATION_CONTEXT() REPRESENTATION_CONTEXT('2D SPACE',''
  ) );
#1889 = ADVANCED_FACE('',(#1890),#1167,.F.);
#1890 = FACE_BOUND('',#1891,.F.);
#1891 = EDGE_LOOP('',(#1892,#1915,#1916,#1917));
#1892 = ORIENTED_EDGE('',*,*,#1893,.F.);
#1893 = EDGE_CURVE('',#1846,#1894,#1896,.T.);
#1894 = VERTEX_POINT('',#1895);
#1895 = CARTESIAN_POINT('',(2.870189227994,-4.185407841001,3.4));
#1896 = SURFACE_CURVE('',#1897,(#1901,#1908),.PCURVE_S1.);
#1897 = LINE('',#1898,#1899);
#1898 = CARTESIAN_POINT('',(0.968736290226,-2.283954903233,3.4));
#1899 = VECTOR('',#1900,1.);
#1900 = DIRECTION('',(0.707106781187,-0.707106781187,0.));
#1901 = PCURVE('',#1167,#1902);
#1902 = DEFINITIONAL_REPRESENTATION('',(#1903),#1907);
#1903 = LINE('',#1904,#1905);
#1904 = CARTESIAN_POINT('',(0.,0.));
#1905 = VECTOR('',#1906,1.);
#1906 = DIRECTION('',(0.,1.));
#1907 = ( GEOMETRIC_REPRESENTATION_CONTEXT(2) 
PARAMETRIC_REPRESENTATION_CONTEXT() REPRESENTATION_CONTEXT('2D SPACE',''
  ) );
#1908 = PCURVE('',#1257,#1909);
#1909 = DEFINITIONAL_REPRESENTATION('',(#1910),#1914);
#1910 = LINE('',#1911,#1912);
#1911 = CARTESIAN_POINT('',(0.968736290226,-2.283954903233));
#1912 = VECTOR('',#1913,1.);
#1913 = DIRECTION('',(0.707106781187,-0.707106781187));
#1914 = ( GEOMETRIC_REPRESENTATION_CONTEXT(2) 
PARAMETRIC_REPRESENTATION_CONTEXT() REPRESENTATION_CONTEXT('2D SPACE',''
  ) );
#1915 = ORIENTED_EDGE('',*,*,#1845,.T.);
#1916 = ORIENTED_EDGE('',*,*,#1151,.T.);
#1917 = ORIENTED_EDGE('',*,*,#1918,.F.);
#1918 = EDGE_CURVE('',#1894,#1152,#1919,.T.);
#1919 = SURFACE_CURVE('',#1920,(#1924,#1930),.PCURVE_S1.);
#1920 = LINE('',#1921,#1922);
#1921 = CARTESIAN_POINT('',(2.870189227994,-4.185407841001,2.4));
#1922 = VECTOR('',#1923,1.);
#1923 = DIRECTION('',(0.,0.,1.));
#1924 = PCURVE('',#1167,#1925);
#1925 = DEFINITIONAL_REPRESENTATION('',(#1926),#1929);
#1926 = B_SPLINE_CURVE_WITH_KNOTS('',1,(#1927,#1928),.UNSPECIFIED.,.F.,
  .F.,(2,2),(0.96,1.44),.PIECEWISE_BEZIER_KNOTS.);
#1927 = CARTESIAN_POINT('',(-4.E-02,2.689060532806));
#1928 = CARTESIAN_POINT('',(0.44,2.689060532806));
#1929 = ( GEOMETRIC_REPRESENTATION_CONTEXT(2) 
PARAMETRIC_REPRESENTATION_CONTEXT() REPRESENTATION_CONTEXT('2D SPACE',''
  ) );
#1930 = PCURVE('',#1195,#1931);
#1931 = DEFINITIONAL_REPRESENTATION('',(#1932),#1935);
#1932 = B_SPLINE_CURVE_WITH_KNOTS('',1,(#1933,#1934),.UNSPECIFIED.,.F.,
  .F.,(2,2),(0.96,1.44),.PIECEWISE_BEZIER_KNOTS.);
#1933 = CARTESIAN_POINT('',(5.313494469454,0.96));
#1934 = CARTESIAN_POINT('',(5.313494469454,1.44));
#1935 = ( GEOMETRIC_REPRESENTATION_CONTEXT(2) 
PARAMETRIC_REPRESENTATION_CONTEXT() REPRESENTATION_CONTEXT('2D SPACE',''
  ) );
#1936 = ADVANCED_FACE('',(#1937),#1195,.T.);
#1937 = FACE_BOUND('',#1938,.T.);
#1938 = EDGE_LOOP('',(#1939,#1967,#1986,#1987));
#1939 = ORIENTED_EDGE('',*,*,#1940,.F.);
#1940 = EDGE_CURVE('',#1941,#1894,#1943,.T.);
#1941 = VERTEX_POINT('',#1942);
#1942 = CARTESIAN_POINT('',(4.185407841001,-2.870189227994,3.4));
#1943 = SURFACE_CURVE('',#1944,(#1949,#1956),.PCURVE_S1.);
#1944 = CIRCLE('',#1945,5.075);
#1945 = AXIS2_PLACEMENT_3D('',#1946,#1947,#1948);
#1946 = CARTESIAN_POINT('',(0.,0.,3.4));
#1947 = DIRECTION('',(0.,0.,-1.));
#1948 = DIRECTION('',(0.824710904631,-0.565554527683,0.));
#1949 = PCURVE('',#1195,#1950);
#1950 = DEFINITIONAL_REPRESENTATION('',(#1951),#1955);
#1951 = LINE('',#1952,#1953);
#1952 = CARTESIAN_POINT('',(5.68207981811,1.));
#1953 = VECTOR('',#1954,1.);
#1954 = DIRECTION('',(-1.,-0.));
#1955 = ( GEOMETRIC_REPRESENTATION_CONTEXT(2) 
PARAMETRIC_REPRESENTATION_CONTEXT() REPRESENTATION_CONTEXT('2D SPACE',''
  ) );
#1956 = PCURVE('',#1257,#1957);
#1957 = DEFINITIONAL_REPRESENTATION('',(#1958),#1966);
#1958 = ( BOUNDED_CURVE() B_SPLINE_CURVE(2,(#1959,#1960,#1961,#1962,
#1963,#1964,#1965),.UNSPECIFIED.,.T.,.F.) B_SPLINE_CURVE_WITH_KNOTS((1,2
    ,2,2,2,1),(-2.094395102393,0.,2.094395102393,4.188790204786,
6.28318530718,8.377580409573),.UNSPECIFIED.) CURVE() 
GEOMETRIC_REPRESENTATION_ITEM() RATIONAL_B_SPLINE_CURVE((1.,0.5,1.,0.5,
1.,0.5,1.)) REPRESENTATION_ITEM('') );
#1959 = CARTESIAN_POINT('',(4.185407841001,-2.870189227994));
#1960 = CARTESIAN_POINT('',(-0.785905729221,-10.119528259));
#1961 = CARTESIAN_POINT('',(-4.578360705611,-2.189574901508));
#1962 = CARTESIAN_POINT('',(-8.370815682001,5.740378455987));
#1963 = CARTESIAN_POINT('',(0.392952864611,5.059764129502));
#1964 = CARTESIAN_POINT('',(9.156721411222,4.379149803017));
#1965 = CARTESIAN_POINT('',(4.185407841001,-2.870189227994));
#1966 = ( GEOMETRIC_REPRESENTATION_CONTEXT(2) 
PARAMETRIC_REPRESENTATION_CONTEXT() REPRESENTATION_CONTEXT('2D SPACE',''
  ) );
#1967 = ORIENTED_EDGE('',*,*,#1968,.T.);
#1968 = EDGE_CURVE('',#1941,#1179,#1969,.T.);
#1969 = SURFACE_CURVE('',#1970,(#1974,#1980),.PCURVE_S1.);
#1970 = LINE('',#1971,#1972);
#1971 = CARTESIAN_POINT('',(4.185407841001,-2.870189227994,2.4));
#1972 = VECTOR('',#1973,1.);
#1973 = DIRECTION('',(0.,0.,1.));
#1974 = PCURVE('',#1195,#1975);
#1975 = DEFINITIONAL_REPRESENTATION('',(#1976),#1979);
#1976 = B_SPLINE_CURVE_WITH_KNOTS('',1,(#1977,#1978),.UNSPECIFIED.,.F.,
  .F.,(2,2),(0.96,1.44),.PIECEWISE_BEZIER_KNOTS.);
#1977 = CARTESIAN_POINT('',(5.68207981811,0.96));
#1978 = CARTESIAN_POINT('',(5.68207981811,1.44));
#1979 = ( GEOMETRIC_REPRESENTATION_CONTEXT(2) 
PARAMETRIC_REPRESENTATION_CONTEXT() REPRESENTATION_CONTEXT('2D SPACE',''
  ) );
#1980 = PCURVE('',#1221,#1981);
#1981 = DEFINITIONAL_REPRESENTATION('',(#1982),#1985);
#1982 = B_SPLINE_CURVE_WITH_KNOTS('',1,(#1983,#1984),.UNSPECIFIED.,.F.,
  .F.,(2,2),(0.96,1.44),.PIECEWISE_BEZIER_KNOTS.);
#1983 = CARTESIAN_POINT('',(-4.E-02,2.689060532806));
#1984 = CARTESIAN_POINT('',(0.44,2.689060532806));
#1985 = ( GEOMETRIC_REPRESENTATION_CONTEXT(2) 
PARAMETRIC_REPRESENTATION_CONTEXT() REPRESENTATION_CONTEXT('2D SPACE',''
  ) );
#1986 = ORIENTED_EDGE('',*,*,#1178,.F.);
#1987 = ORIENTED_EDGE('',*,*,#1918,.F.);
#1988 = ADVANCED_FACE('',(#1989),#1221,.T.);
#1989 = FACE_BOUND('',#1990,.T.);
#1990 = EDGE_LOOP('',(#1991,#2012,#2013,#2014));
#1991 = ORIENTED_EDGE('',*,*,#1992,.F.);
#1992 = EDGE_CURVE('',#1239,#1941,#1993,.T.);
#1993 = SURFACE_CURVE('',#1994,(#1998,#2005),.PCURVE_S1.);
#1994 = LINE('',#1995,#1996);
#1995 = CARTESIAN_POINT('',(2.283954903233,-0.968736290226,3.4));
#1996 = VECTOR('',#1997,1.);
#1997 = DIRECTION('',(0.707106781187,-0.707106781187,0.));
#1998 = PCURVE('',#1221,#1999);
#1999 = DEFINITIONAL_REPRESENTATION('',(#2000),#2004);
#2000 = LINE('',#2001,#2002);
#2001 = CARTESIAN_POINT('',(0.,0.));
#2002 = VECTOR('',#2003,1.);
#2003 = DIRECTION('',(0.,1.));
#2004 = ( GEOMETRIC_REPRESENTATION_CONTEXT(2) 
PARAMETRIC_REPRESENTATION_CONTEXT() REPRESENTATION_CONTEXT('2D SPACE',''
  ) );
#2005 = PCURVE('',#1257,#2006);
#2006 = DEFINITIONAL_REPRESENTATION('',(#2007),#2011);
#2007 = LINE('',#2008,#2009);
#2008 = CARTESIAN_POINT('',(2.283954903233,-0.968736290226));
#2009 = VECTOR('',#2010,1.);
#2010 = DIRECTION('',(0.707106781187,-0.707106781187));
#2011 = ( GEOMETRIC_REPRESENTATION_CONTEXT(2) 
PARAMETRIC_REPRESENTATION_CONTEXT() REPRESENTATION_CONTEXT('2D SPACE',''
  ) );
#2012 = ORIENTED_EDGE('',*,*,#1289,.T.);
#2013 = ORIENTED_EDGE('',*,*,#1207,.T.);
#2014 = ORIENTED_EDGE('',*,*,#1968,.F.);
#2015 = ADVANCED_FACE('',(#2016,#2034),#1257,.F.);
#2016 = FACE_BOUND('',#2017,.F.);
#2017 = EDGE_LOOP('',(#2018,#2019,#2020,#2021,#2022,#2023,#2024,#2025,
    #2026,#2027,#2028,#2029,#2030,#2031,#2032,#2033));
#2018 = ORIENTED_EDGE('',*,*,#1238,.T.);
#2019 = ORIENTED_EDGE('',*,*,#1311,.T.);
#2020 = ORIENTED_EDGE('',*,*,#1358,.F.);
#2021 = ORIENTED_EDGE('',*,*,#1410,.F.);
#2022 = ORIENTED_EDGE('',*,*,#1459,.T.);
#2023 = ORIENTED_EDGE('',*,*,#1505,.T.);
#2024 = ORIENTED_EDGE('',*,*,#1552,.F.);
#2025 = ORIENTED_EDGE('',*,*,#1604,.F.);
#2026 = ORIENTED_EDGE('',*,*,#1653,.T.);
#2027 = ORIENTED_EDGE('',*,*,#1699,.T.);
#2028 = ORIENTED_EDGE('',*,*,#1746,.F.);
#2029 = ORIENTED_EDGE('',*,*,#1798,.F.);
#2030 = ORIENTED_EDGE('',*,*,#1868,.T.);
#2031 = ORIENTED_EDGE('',*,*,#1893,.T.);
#2032 = ORIENTED_EDGE('',*,*,#1940,.F.);
#2033 = ORIENTED_EDGE('',*,*,#1992,.F.);
#2034 = FACE_BOUND('',#2035,.F.);
#2035 = EDGE_LOOP('',(#2036,#2064,#2090,#2116));
#2036 = ORIENTED_EDGE('',*,*,#2037,.F.);
#2037 = EDGE_CURVE('',#2038,#2040,#2042,.T.);
#2038 = VERTEX_POINT('',#2039);
#2039 = CARTESIAN_POINT('',(1.2,-1.2,3.4));
#2040 = VERTEX_POINT('',#2041);
#2041 = CARTESIAN_POINT('',(1.2,1.2,3.4));
#2042 = SURFACE_CURVE('',#2043,(#2047,#2053),.PCURVE_S1.);
#2043 = LINE('',#2044,#2045);
#2044 = CARTESIAN_POINT('',(1.2,-0.6,3.4));
#2045 = VECTOR('',#2046,1.);
#2046 = DIRECTION('',(-0.,1.,0.));
#2047 = PCURVE('',#1257,#2048);
#2048 = DEFINITIONAL_REPRESENTATION('',(#2049),#2052);
#2049 = B_SPLINE_CURVE_WITH_KNOTS('',1,(#2050,#2051),.UNSPECIFIED.,.F.,
  .F.,(2,2),(-0.6,1.8),.PIECEWISE_BEZIER_KNOTS.);
#2050 = CARTESIAN_POINT('',(1.2,-1.2));
#2051 = CARTESIAN_POINT('',(1.2,1.2));
#2052 = ( GEOMETRIC_REPRESENTATION_CONTEXT(2) 
PARAMETRIC_REPRESENTATION_CONTEXT() REPRESENTATION_CONTEXT('2D SPACE',''
  ) );
#2053 = PCURVE('',#2054,#2059);
#2054 = PLANE('',#2055);
#2055 = AXIS2_PLACEMENT_3D('',#2056,#2057,#2058);
#2056 = CARTESIAN_POINT('',(1.2,-1.2,2.4));
#2057 = DIRECTION('',(1.,0.,-0.));
#2058 = DIRECTION('',(0.,0.,1.));
#2059 = DEFINITIONAL_REPRESENTATION('',(#2060),#2063);
#2060 = B_SPLINE_CURVE_WITH_KNOTS('',1,(#2061,#2062),.UNSPECIFIED.,.F.,
  .F.,(2,2),(-0.6,1.8),.PIECEWISE_BEZIER_KNOTS.);
#2061 = CARTESIAN_POINT('',(1.,0.));
#2062 = CARTESIAN_POINT('',(1.,-2.4));
#2063 = ( GEOMETRIC_REPRESENTATION_CONTEXT(2) 
PARAMETRIC_REPRESENTATION_CONTEXT() REPRESENTATION_CONTEXT('2D SPACE',''
  ) );
#2064 = ORIENTED_EDGE('',*,*,#2065,.T.);
#2065 = EDGE_CURVE('',#2038,#2066,#2068,.T.);
#2066 = VERTEX_POINT('',#2067);
#2067 = CARTESIAN_POINT('',(-1.2,-1.2,3.4));
#2068 = SURFACE_CURVE('',#2069,(#2073,#2079),.PCURVE_S1.);
#2069 = LINE('',#2070,#2071);
#2070 = CARTESIAN_POINT('',(-0.6,-1.2,3.4));
#2071 = VECTOR('',#2072,1.);
#2072 = DIRECTION('',(-1.,-0.,0.));
#2073 = PCURVE('',#1257,#2074);
#2074 = DEFINITIONAL_REPRESENTATION('',(#2075),#2078);
#2075 = B_SPLINE_CURVE_WITH_KNOTS('',1,(#2076,#2077),.UNSPECIFIED.,.F.,
  .F.,(2,2),(-1.8,0.6),.PIECEWISE_BEZIER_KNOTS.);
#2076 = CARTESIAN_POINT('',(1.2,-1.2));
#2077 = CARTESIAN_POINT('',(-1.2,-1.2));
#2078 = ( GEOMETRIC_REPRESENTATION_CONTEXT(2) 
PARAMETRIC_REPRESENTATION_CONTEXT() REPRESENTATION_CONTEXT('2D SPACE',''
  ) );
#2079 = PCURVE('',#2080,#2085);
#2080 = PLANE('',#2081);
#2081 = AXIS2_PLACEMENT_3D('',#2082,#2083,#2084);
#2082 = CARTESIAN_POINT('',(-1.2,-1.2,2.4));
#2083 = DIRECTION('',(-0.,1.,0.));
#2084 = DIRECTION('',(0.,0.,1.));
#2085 = DEFINITIONAL_REPRESENTATION('',(#2086),#2089);
#2086 = B_SPLINE_CURVE_WITH_KNOTS('',1,(#2087,#2088),.UNSPECIFIED.,.F.,
  .F.,(2,2),(-1.8,0.6),.PIECEWISE_BEZIER_KNOTS.);
#2087 = CARTESIAN_POINT('',(1.,2.4));
#2088 = CARTESIAN_POINT('',(1.,0.));
#2089 = ( GEOMETRIC_REPRESENTATION_CONTEXT(2) 
PARAMETRIC_REPRESENTATION_CONTEXT() REPRESENTATION_CONTEXT('2D SPACE',''
  ) );
#2090 = ORIENTED_EDGE('',*,*,#2091,.T.);
#2091 = EDGE_CURVE('',#2066,#2092,#2094,.T.);
#2092 = VERTEX_POINT('',#2093);
#2093 = CARTESIAN_POINT('',(-1.2,1.2,3.4));
#2094 = SURFACE_CURVE('',#2095,(#2099,#2105),.PCURVE_S1.);
#2095 = LINE('',#2096,#2097);
#2096 = CARTESIAN_POINT('',(-1.2,-0.6,3.4));
#2097 = VECTOR('',#2098,1.);
#2098 = DIRECTION('',(-0.,1.,0.));
#2099 = PCURVE('',#1257,#2100);
#2100 = DEFINITIONAL_REPRESENTATION('',(#2101),#2104);
#2101 = B_SPLINE_CURVE_WITH_KNOTS('',1,(#2102,#2103),.UNSPECIFIED.,.F.,
  .F.,(2,2),(-0.6,1.8),.PIECEWISE_BEZIER_KNOTS.);
#2102 = CARTESIAN_POINT('',(-1.2,-1.2));
#2103 = CARTESIAN_POINT('',(-1.2,1.2));
#2104 = ( GEOMETRIC_REPRESENTATION_CONTEXT(2) 
PARAMETRIC_REPRESENTATION_CONTEXT() REPRESENTATION_CONTEXT('2D SPACE',''
  ) );
#2105 = PCURVE('',#2106,#2111);
#2106 = PLANE('',#2107);
#2107 = AXIS2_PLACEMENT_3D('',#2108,#2109,#2110);
#2108 = CARTESIAN_POINT('',(-1.2,-1.2,2.4));
#2109 = DIRECTION('',(1.,0.,-0.));
#2110 = DIRECTION('',(0.,0.,1.));
#2111 = DEFINITIONAL_REPRESENTATION('',(#2112),#2115);
#2112 = B_SPLINE_CURVE_WITH_KNOTS('',1,(#2113,#2114),.UNSPECIFIED.,.F.,
  .F.,(2,2),(-0.6,1.8),.PIECEWISE_BEZIER_KNOTS.);
#2113 = CARTESIAN_POINT('',(1.,0.));
#2114 = CARTESIAN_POINT('',(1.,-2.4));
#2115 = ( GEOMETRIC_REPRESENTATION_CONTEXT(2) 
PARAMETRIC_REPRESENTATION_CONTEXT() REPRESENTATION_CONTEXT('2D SPACE',''
  ) );
#2116 = ORIENTED_EDGE('',*,*,#2117,.F.);
#2117 = EDGE_CURVE('',#2040,#2092,#2118,.T.);
#2118 = SURFACE_CURVE('',#2119,(#2123,#2129),.PCURVE_S1.);
#2119 = LINE('',#2120,#2121);
#2120 = CARTESIAN_POINT('',(-0.6,1.2,3.4));
#2121 = VECTOR('',#2122,1.);
#2122 = DIRECTION('',(-1.,-0.,0.));
#2123 = PCURVE('',#1257,#2124);
#2124 = DEFINITIONAL_REPRESENTATION('',(#2125),#2128);
#2125 = B_SPLINE_CURVE_WITH_KNOTS('',1,(#2126,#2127),.UNSPECIFIED.,.F.,
  .F.,(2,2),(-1.8,0.6),.PIECEWISE_BEZIER_KNOTS.);
#2126 = CARTESIAN_POINT('',(1.2,1.2));
#2127 = CARTESIAN_POINT('',(-1.2,1.2));
#2128 = ( GEOMETRIC_REPRESENTATION_CONTEXT(2) 
PARAMETRIC_REPRESENTATION_CONTEXT() REPRESENTATION_CONTEXT('2D SPACE',''
  ) );
#2129 = PCURVE('',#2130,#2135);
#2130 = PLANE('',#2131);
#2131 = AXIS2_PLACEMENT_3D('',#2132,#2133,#2134);
#2132 = CARTESIAN_POINT('',(-1.2,1.2,2.4));
#2133 = DIRECTION('',(-0.,1.,0.));
#2134 = DIRECTION('',(0.,0.,1.));
#2135 = DEFINITIONAL_REPRESENTATION('',(#2136),#2139);
#2136 = B_SPLINE_CURVE_WITH_KNOTS('',1,(#2137,#2138),.UNSPECIFIED.,.F.,
  .F.,(2,2),(-1.8,0.6),.PIECEWISE_BEZIER_KNOTS.);
#2137 = CARTESIAN_POINT('',(1.,2.4));
#2138 = CARTESIAN_POINT('',(1.,0.));
#2139 = ( GEOMETRIC_REPRESENTATION_CONTEXT(2) 
PARAMETRIC_REPRESENTATION_CONTEXT() REPRESENTATION_CONTEXT('2D SPACE',''
  ) );
#2140 = ADVANCED_FACE('',(#2141),#2054,.F.);
#2141 = FACE_BOUND('',#2142,.F.);
#2142 = EDGE_LOOP('',(#2143,#2166,#2167,#2190));
#2143 = ORIENTED_EDGE('',*,*,#2144,.F.);
#2144 = EDGE_CURVE('',#2038,#2145,#2147,.T.);
#2145 = VERTEX_POINT('',#2146);
#2146 = CARTESIAN_POINT('',(1.2,-1.2,3.41));
#2147 = SURFACE_CURVE('',#2148,(#2152,#2159),.PCURVE_S1.);
#2148 = LINE('',#2149,#2150);
#2149 = CARTESIAN_POINT('',(1.2,-1.2,2.4));
#2150 = VECTOR('',#2151,1.);
#2151 = DIRECTION('',(0.,0.,1.));
#2152 = PCURVE('',#2054,#2153);
#2153 = DEFINITIONAL_REPRESENTATION('',(#2154),#2158);
#2154 = LINE('',#2155,#2156);
#2155 = CARTESIAN_POINT('',(0.,0.));
#2156 = VECTOR('',#2157,1.);
#2157 = DIRECTION('',(1.,0.));
#2158 = ( GEOMETRIC_REPRESENTATION_CONTEXT(2) 
PARAMETRIC_REPRESENTATION_CONTEXT() REPRESENTATION_CONTEXT('2D SPACE',''
  ) );
#2159 = PCURVE('',#2080,#2160);
#2160 = DEFINITIONAL_REPRESENTATION('',(#2161),#2165);
#2161 = LINE('',#2162,#2163);
#2162 = CARTESIAN_POINT('',(0.,2.4));
#2163 = VECTOR('',#2164,1.);
#2164 = DIRECTION('',(1.,0.));
#2165 = ( GEOMETRIC_REPRESENTATION_CONTEXT(2) 
PARAMETRIC_REPRESENTATION_CONTEXT() REPRESENTATION_CONTEXT('2D SPACE',''
  ) );
#2166 = ORIENTED_EDGE('',*,*,#2037,.T.);
#2167 = ORIENTED_EDGE('',*,*,#2168,.F.);
#2168 = EDGE_CURVE('',#2169,#2040,#2171,.T.);
#2169 = VERTEX_POINT('',#2170);
#2170 = CARTESIAN_POINT('',(1.2,1.2,3.41));
#2171 = SURFACE_CURVE('',#2172,(#2176,#2183),.PCURVE_S1.);
#2172 = LINE('',#2173,#2174);
#2173 = CARTESIAN_POINT('',(1.2,1.2,3.41));
#2174 = VECTOR('',#2175,1.);
#2175 = DIRECTION('',(0.,0.,-1.));
#2176 = PCURVE('',#2054,#2177);
#2177 = DEFINITIONAL_REPRESENTATION('',(#2178),#2182);
#2178 = LINE('',#2179,#2180);
#2179 = CARTESIAN_POINT('',(1.01,-2.4));
#2180 = VECTOR('',#2181,1.);
#2181 = DIRECTION('',(-1.,0.));
#2182 = ( GEOMETRIC_REPRESENTATION_CONTEXT(2) 
PARAMETRIC_REPRESENTATION_CONTEXT() REPRESENTATION_CONTEXT('2D SPACE',''
  ) );
#2183 = PCURVE('',#2130,#2184);
#2184 = DEFINITIONAL_REPRESENTATION('',(#2185),#2189);
#2185 = LINE('',#2186,#2187);
#2186 = CARTESIAN_POINT('',(1.01,2.4));
#2187 = VECTOR('',#2188,1.);
#2188 = DIRECTION('',(-1.,0.));
#2189 = ( GEOMETRIC_REPRESENTATION_CONTEXT(2) 
PARAMETRIC_REPRESENTATION_CONTEXT() REPRESENTATION_CONTEXT('2D SPACE',''
  ) );
#2190 = ORIENTED_EDGE('',*,*,#2191,.F.);
#2191 = EDGE_CURVE('',#2145,#2169,#2192,.T.);
#2192 = SURFACE_CURVE('',#2193,(#2197,#2204),.PCURVE_S1.);
#2193 = LINE('',#2194,#2195);
#2194 = CARTESIAN_POINT('',(1.2,-1.2,3.41));
#2195 = VECTOR('',#2196,1.);
#2196 = DIRECTION('',(-0.,1.,0.));
#2197 = PCURVE('',#2054,#2198);
#2198 = DEFINITIONAL_REPRESENTATION('',(#2199),#2203);
#2199 = LINE('',#2200,#2201);
#2200 = CARTESIAN_POINT('',(1.01,0.));
#2201 = VECTOR('',#2202,1.);
#2202 = DIRECTION('',(0.,-1.));
#2203 = ( GEOMETRIC_REPRESENTATION_CONTEXT(2) 
PARAMETRIC_REPRESENTATION_CONTEXT() REPRESENTATION_CONTEXT('2D SPACE',''
  ) );
#2204 = PCURVE('',#2205,#2210);
#2205 = PLANE('',#2206);
#2206 = AXIS2_PLACEMENT_3D('',#2207,#2208,#2209);
#2207 = CARTESIAN_POINT('',(-1.2,-1.2,3.41));
#2208 = DIRECTION('',(0.,0.,1.));
#2209 = DIRECTION('',(1.,0.,-0.));
#2210 = DEFINITIONAL_REPRESENTATION('',(#2211),#2215);
#2211 = LINE('',#2212,#2213);
#2212 = CARTESIAN_POINT('',(2.4,0.));
#2213 = VECTOR('',#2214,1.);
#2214 = DIRECTION('',(0.,1.));
#2215 = ( GEOMETRIC_REPRESENTATION_CONTEXT(2) 
PARAMETRIC_REPRESENTATION_CONTEXT() REPRESENTATION_CONTEXT('2D SPACE',''
  ) );
#2216 = ADVANCED_FACE('',(#2217),#2130,.F.);
#2217 = FACE_BOUND('',#2218,.F.);
#2218 = EDGE_LOOP('',(#2219,#2242,#2243,#2244));
#2219 = ORIENTED_EDGE('',*,*,#2220,.T.);
#2220 = EDGE_CURVE('',#2221,#2169,#2223,.T.);
#2221 = VERTEX_POINT('',#2222);
#2222 = CARTESIAN_POINT('',(-1.2,1.2,3.41));
#2223 = SURFACE_CURVE('',#2224,(#2228,#2235),.PCURVE_S1.);
#2224 = LINE('',#2225,#2226);
#2225 = CARTESIAN_POINT('',(-1.2,1.2,3.41));
#2226 = VECTOR('',#2227,1.);
#2227 = DIRECTION('',(1.,0.,-0.));
#2228 = PCURVE('',#2130,#2229);
#2229 = DEFINITIONAL_REPRESENTATION('',(#2230),#2234);
#2230 = LINE('',#2231,#2232);
#2231 = CARTESIAN_POINT('',(1.01,0.));
#2232 = VECTOR('',#2233,1.);
#2233 = DIRECTION('',(0.,1.));
#2234 = ( GEOMETRIC_REPRESENTATION_CONTEXT(2) 
PARAMETRIC_REPRESENTATION_CONTEXT() REPRESENTATION_CONTEXT('2D SPACE',''
  ) );
#2235 = PCURVE('',#2205,#2236);
#2236 = DEFINITIONAL_REPRESENTATION('',(#2237),#2241);
#2237 = LINE('',#2238,#2239);
#2238 = CARTESIAN_POINT('',(0.,2.4));
#2239 = VECTOR('',#2240,1.);
#2240 = DIRECTION('',(1.,0.));
#2241 = ( GEOMETRIC_REPRESENTATION_CONTEXT(2) 
PARAMETRIC_REPRESENTATION_CONTEXT() REPRESENTATION_CONTEXT('2D SPACE',''
  ) );
#2242 = ORIENTED_EDGE('',*,*,#2168,.T.);
#2243 = ORIENTED_EDGE('',*,*,#2117,.T.);
#2244 = ORIENTED_EDGE('',*,*,#2245,.F.);
#2245 = EDGE_CURVE('',#2221,#2092,#2246,.T.);
#2246 = SURFACE_CURVE('',#2247,(#2251,#2258),.PCURVE_S1.);
#2247 = LINE('',#2248,#2249);
#2248 = CARTESIAN_POINT('',(-1.2,1.2,3.41));
#2249 = VECTOR('',#2250,1.);
#2250 = DIRECTION('',(0.,0.,-1.));
#2251 = PCURVE('',#2130,#2252);
#2252 = DEFINITIONAL_REPRESENTATION('',(#2253),#2257);
#2253 = LINE('',#2254,#2255);
#2254 = CARTESIAN_POINT('',(1.01,0.));
#2255 = VECTOR('',#2256,1.);
#2256 = DIRECTION('',(-1.,0.));
#2257 = ( GEOMETRIC_REPRESENTATION_CONTEXT(2) 
PARAMETRIC_REPRESENTATION_CONTEXT() REPRESENTATION_CONTEXT('2D SPACE',''
  ) );
#2258 = PCURVE('',#2106,#2259);
#2259 = DEFINITIONAL_REPRESENTATION('',(#2260),#2264);
#2260 = LINE('',#2261,#2262);
#2261 = CARTESIAN_POINT('',(1.01,-2.4));
#2262 = VECTOR('',#2263,1.);
#2263 = DIRECTION('',(-1.,0.));
#2264 = ( GEOMETRIC_REPRESENTATION_CONTEXT(2) 
PARAMETRIC_REPRESENTATION_CONTEXT() REPRESENTATION_CONTEXT('2D SPACE',''
  ) );
#2265 = ADVANCED_FACE('',(#2266),#2106,.T.);
#2266 = FACE_BOUND('',#2267,.T.);
#2267 = EDGE_LOOP('',(#2268,#2291,#2292,#2293));
#2268 = ORIENTED_EDGE('',*,*,#2269,.F.);
#2269 = EDGE_CURVE('',#2066,#2270,#2272,.T.);
#2270 = VERTEX_POINT('',#2271);
#2271 = CARTESIAN_POINT('',(-1.2,-1.2,3.41));
#2272 = SURFACE_CURVE('',#2273,(#2277,#2284),.PCURVE_S1.);
#2273 = LINE('',#2274,#2275);
#2274 = CARTESIAN_POINT('',(-1.2,-1.2,2.4));
#2275 = VECTOR('',#2276,1.);
#2276 = DIRECTION('',(0.,0.,1.));
#2277 = PCURVE('',#2106,#2278);
#2278 = DEFINITIONAL_REPRESENTATION('',(#2279),#2283);
#2279 = LINE('',#2280,#2281);
#2280 = CARTESIAN_POINT('',(0.,0.));
#2281 = VECTOR('',#2282,1.);
#2282 = DIRECTION('',(1.,0.));
#2283 = ( GEOMETRIC_REPRESENTATION_CONTEXT(2) 
PARAMETRIC_REPRESENTATION_CONTEXT() REPRESENTATION_CONTEXT('2D SPACE',''
  ) );
#2284 = PCURVE('',#2080,#2285);
#2285 = DEFINITIONAL_REPRESENTATION('',(#2286),#2290);
#2286 = LINE('',#2287,#2288);
#2287 = CARTESIAN_POINT('',(0.,0.));
#2288 = VECTOR('',#2289,1.);
#2289 = DIRECTION('',(1.,0.));
#2290 = ( GEOMETRIC_REPRESENTATION_CONTEXT(2) 
PARAMETRIC_REPRESENTATION_CONTEXT() REPRESENTATION_CONTEXT('2D SPACE',''
  ) );
#2291 = ORIENTED_EDGE('',*,*,#2091,.T.);
#2292 = ORIENTED_EDGE('',*,*,#2245,.F.);
#2293 = ORIENTED_EDGE('',*,*,#2294,.F.);
#2294 = EDGE_CURVE('',#2270,#2221,#2295,.T.);
#2295 = SURFACE_CURVE('',#2296,(#2300,#2307),.PCURVE_S1.);
#2296 = LINE('',#2297,#2298);
#2297 = CARTESIAN_POINT('',(-1.2,-1.2,3.41));
#2298 = VECTOR('',#2299,1.);
#2299 = DIRECTION('',(-0.,1.,0.));
#2300 = PCURVE('',#2106,#2301);
#2301 = DEFINITIONAL_REPRESENTATION('',(#2302),#2306);
#2302 = LINE('',#2303,#2304);
#2303 = CARTESIAN_POINT('',(1.01,0.));
#2304 = VECTOR('',#2305,1.);
#2305 = DIRECTION('',(0.,-1.));
#2306 = ( GEOMETRIC_REPRESENTATION_CONTEXT(2) 
PARAMETRIC_REPRESENTATION_CONTEXT() REPRESENTATION_CONTEXT('2D SPACE',''
  ) );
#2307 = PCURVE('',#2205,#2308);
#2308 = DEFINITIONAL_REPRESENTATION('',(#2309),#2313);
#2309 = LINE('',#2310,#2311);
#2310 = CARTESIAN_POINT('',(0.,0.));
#2311 = VECTOR('',#2312,1.);
#2312 = DIRECTION('',(0.,1.));
#2313 = ( GEOMETRIC_REPRESENTATION_CONTEXT(2) 
PARAMETRIC_REPRESENTATION_CONTEXT() REPRESENTATION_CONTEXT('2D SPACE',''
  ) );
#2314 = ADVANCED_FACE('',(#2315),#2080,.T.);
#2315 = FACE_BOUND('',#2316,.T.);
#2316 = EDGE_LOOP('',(#2317,#2318,#2319,#2320));
#2317 = ORIENTED_EDGE('',*,*,#2144,.F.);
#2318 = ORIENTED_EDGE('',*,*,#2065,.T.);
#2319 = ORIENTED_EDGE('',*,*,#2269,.T.);
#2320 = ORIENTED_EDGE('',*,*,#2321,.T.);
#2321 = EDGE_CURVE('',#2270,#2145,#2322,.T.);
#2322 = SURFACE_CURVE('',#2323,(#2327,#2334),.PCURVE_S1.);
#2323 = LINE('',#2324,#2325);
#2324 = CARTESIAN_POINT('',(-1.2,-1.2,3.41));
#2325 = VECTOR('',#2326,1.);
#2326 = DIRECTION('',(1.,0.,-0.));
#2327 = PCURVE('',#2080,#2328);
#2328 = DEFINITIONAL_REPRESENTATION('',(#2329),#2333);
#2329 = LINE('',#2330,#2331);
#2330 = CARTESIAN_POINT('',(1.01,0.));
#2331 = VECTOR('',#2332,1.);
#2332 = DIRECTION('',(0.,1.));
#2333 = ( GEOMETRIC_REPRESENTATION_CONTEXT(2) 
PARAMETRIC_REPRESENTATION_CONTEXT() REPRESENTATION_CONTEXT('2D SPACE',''
  ) );
#2334 = PCURVE('',#2205,#2335);
#2335 = DEFINITIONAL_REPRESENTATION('',(#2336),#2340);
#2336 = LINE('',#2337,#2338);
#2337 = CARTESIAN_POINT('',(0.,0.));
#2338 = VECTOR('',#2339,1.);
#2339 = DIRECTION('',(1.,0.));
#2340 = ( GEOMETRIC_REPRESENTATION_CONTEXT(2) 
PARAMETRIC_REPRESENTATION_CONTEXT() REPRESENTATION_CONTEXT('2D SPACE',''
  ) );
#2341 = ADVANCED_FACE('',(#2342,#2348),#2205,.F.);
#2342 = FACE_BOUND('',#2343,.F.);
#2343 = EDGE_LOOP('',(#2344,#2345,#2346,#2347));
#2344 = ORIENTED_EDGE('',*,*,#2294,.F.);
#2345 = ORIENTED_EDGE('',*,*,#2321,.T.);
#2346 = ORIENTED_EDGE('',*,*,#2191,.T.);
#2347 = ORIENTED_EDGE('',*,*,#2220,.F.);
#2348 = FACE_BOUND('',#2349,.F.);
#2349 = EDGE_LOOP('',(#2350,#2377,#2402,#2427));
#2350 = ORIENTED_EDGE('',*,*,#2351,.T.);
#2351 = EDGE_CURVE('',#2352,#2354,#2356,.T.);
#2352 = VERTEX_POINT('',#2353);
#2353 = CARTESIAN_POINT('',(1.19,-1.19,3.41));
#2354 = VERTEX_POINT('',#2355);
#2355 = CARTESIAN_POINT('',(-1.19,-1.19,3.41));
#2356 = SURFACE_CURVE('',#2357,(#2360,#2366),.PCURVE_S1.);
#2357 = B_SPLINE_CURVE_WITH_KNOTS('',1,(#2358,#2359),.UNSPECIFIED.,.F.,
  .F.,(2,2),(0.,1.),.PIECEWISE_BEZIER_KNOTS.);
#2358 = CARTESIAN_POINT('',(1.19,-1.19,3.41));
#2359 = CARTESIAN_POINT('',(-1.19,-1.19,3.41));
#2360 = PCURVE('',#2205,#2361);
#2361 = DEFINITIONAL_REPRESENTATION('',(#2362),#2365);
#2362 = B_SPLINE_CURVE_WITH_KNOTS('',1,(#2363,#2364),.UNSPECIFIED.,.F.,
  .F.,(2,2),(0.,1.),.PIECEWISE_BEZIER_KNOTS.);
#2363 = CARTESIAN_POINT('',(2.39,1.E-02));
#2364 = CARTESIAN_POINT('',(1.E-02,1.E-02));
#2365 = ( GEOMETRIC_REPRESENTATION_CONTEXT(2) 
PARAMETRIC_REPRESENTATION_CONTEXT() REPRESENTATION_CONTEXT('2D SPACE',''
  ) );
#2366 = PCURVE('',#2367,#2372);
#2367 = B_SPLINE_SURFACE_WITH_KNOTS('',1,1,(
    (#2368,#2369)
    ,(#2370,#2371
    )),.UNSPECIFIED.,.F.,.F.,.F.,(2,2),(2,2),(-1.2,1.2),(0.,1.),
  .PIECEWISE_BEZIER_KNOTS.);
#2368 = CARTESIAN_POINT('',(-1.2,-1.2,3.4));
#2369 = CARTESIAN_POINT('',(-0.95,-0.95,3.65));
#2370 = CARTESIAN_POINT('',(1.2,-1.2,3.4));
#2371 = CARTESIAN_POINT('',(0.95,-0.95,3.65));
#2372 = DEFINITIONAL_REPRESENTATION('',(#2373),#2376);
#2373 = B_SPLINE_CURVE_WITH_KNOTS('',1,(#2374,#2375),.UNSPECIFIED.,.F.,
  .F.,(2,2),(0.,1.),.PIECEWISE_BEZIER_KNOTS.);
#2374 = CARTESIAN_POINT('',(1.2,4.E-02));
#2375 = CARTESIAN_POINT('',(-1.2,4.E-02));
#2376 = ( GEOMETRIC_REPRESENTATION_CONTEXT(2) 
PARAMETRIC_REPRESENTATION_CONTEXT() REPRESENTATION_CONTEXT('2D SPACE',''
  ) );
#2377 = ORIENTED_EDGE('',*,*,#2378,.T.);
#2378 = EDGE_CURVE('',#2354,#2379,#2381,.T.);
#2379 = VERTEX_POINT('',#2380);
#2380 = CARTESIAN_POINT('',(-1.19,1.19,3.41));
#2381 = SURFACE_CURVE('',#2382,(#2385,#2391),.PCURVE_S1.);
#2382 = B_SPLINE_CURVE_WITH_KNOTS('',1,(#2383,#2384),.UNSPECIFIED.,.F.,
  .F.,(2,2),(0.,1.),.PIECEWISE_BEZIER_KNOTS.);
#2383 = CARTESIAN_POINT('',(-1.19,-1.19,3.41));
#2384 = CARTESIAN_POINT('',(-1.19,1.19,3.41));
#2385 = PCURVE('',#2205,#2386);
#2386 = DEFINITIONAL_REPRESENTATION('',(#2387),#2390);
#2387 = B_SPLINE_CURVE_WITH_KNOTS('',1,(#2388,#2389),.UNSPECIFIED.,.F.,
  .F.,(2,2),(0.,1.),.PIECEWISE_BEZIER_KNOTS.);
#2388 = CARTESIAN_POINT('',(1.E-02,1.E-02));
#2389 = CARTESIAN_POINT('',(1.E-02,2.39));
#2390 = ( GEOMETRIC_REPRESENTATION_CONTEXT(2) 
PARAMETRIC_REPRESENTATION_CONTEXT() REPRESENTATION_CONTEXT('2D SPACE',''
  ) );
#2391 = PCURVE('',#2392,#2397);
#2392 = B_SPLINE_SURFACE_WITH_KNOTS('',1,1,(
    (#2393,#2394)
    ,(#2395,#2396
    )),.UNSPECIFIED.,.F.,.F.,.F.,(2,2),(2,2),(-1.2,1.2),(0.,1.),
  .PIECEWISE_BEZIER_KNOTS.);
#2393 = CARTESIAN_POINT('',(-1.2,1.2,3.4));
#2394 = CARTESIAN_POINT('',(-0.95,0.95,3.65));
#2395 = CARTESIAN_POINT('',(-1.2,-1.2,3.4));
#2396 = CARTESIAN_POINT('',(-0.95,-0.95,3.65));
#2397 = DEFINITIONAL_REPRESENTATION('',(#2398),#2401);
#2398 = B_SPLINE_CURVE_WITH_KNOTS('',1,(#2399,#2400),.UNSPECIFIED.,.F.,
  .F.,(2,2),(0.,1.),.PIECEWISE_BEZIER_KNOTS.);
#2399 = CARTESIAN_POINT('',(1.2,4.E-02));
#2400 = CARTESIAN_POINT('',(-1.2,4.E-02));
#2401 = ( GEOMETRIC_REPRESENTATION_CONTEXT(2) 
PARAMETRIC_REPRESENTATION_CONTEXT() REPRESENTATION_CONTEXT('2D SPACE',''
  ) );
#2402 = ORIENTED_EDGE('',*,*,#2403,.T.);
#2403 = EDGE_CURVE('',#2379,#2404,#2406,.T.);
#2404 = VERTEX_POINT('',#2405);
#2405 = CARTESIAN_POINT('',(1.19,1.19,3.41));
#2406 = SURFACE_CURVE('',#2407,(#2410,#2416),.PCURVE_S1.);
#2407 = B_SPLINE_CURVE_WITH_KNOTS('',1,(#2408,#2409),.UNSPECIFIED.,.F.,
  .F.,(2,2),(0.,1.),.PIECEWISE_BEZIER_KNOTS.);
#2408 = CARTESIAN_POINT('',(-1.19,1.19,3.41));
#2409 = CARTESIAN_POINT('',(1.19,1.19,3.41));
#2410 = PCURVE('',#2205,#2411);
#2411 = DEFINITIONAL_REPRESENTATION('',(#2412),#2415);
#2412 = B_SPLINE_CURVE_WITH_KNOTS('',1,(#2413,#2414),.UNSPECIFIED.,.F.,
  .F.,(2,2),(0.,1.),.PIECEWISE_BEZIER_KNOTS.);
#2413 = CARTESIAN_POINT('',(1.E-02,2.39));
#2414 = CARTESIAN_POINT('',(2.39,2.39));
#2415 = ( GEOMETRIC_REPRESENTATION_CONTEXT(2) 
PARAMETRIC_REPRESENTATION_CONTEXT() REPRESENTATION_CONTEXT('2D SPACE',''
  ) );
#2416 = PCURVE('',#2417,#2422);
#2417 = B_SPLINE_SURFACE_WITH_KNOTS('',1,1,(
    (#2418,#2419)
    ,(#2420,#2421
    )),.UNSPECIFIED.,.F.,.F.,.F.,(2,2),(2,2),(-1.2,1.2),(0.,1.),
  .PIECEWISE_BEZIER_KNOTS.);
#2418 = CARTESIAN_POINT('',(1.2,1.2,3.4));
#2419 = CARTESIAN_POINT('',(0.95,0.95,3.65));
#2420 = CARTESIAN_POINT('',(-1.2,1.2,3.4));
#2421 = CARTESIAN_POINT('',(-0.95,0.95,3.65));
#2422 = DEFINITIONAL_REPRESENTATION('',(#2423),#2426);
#2423 = B_SPLINE_CURVE_WITH_KNOTS('',1,(#2424,#2425),.UNSPECIFIED.,.F.,
  .F.,(2,2),(0.,1.),.PIECEWISE_BEZIER_KNOTS.);
#2424 = CARTESIAN_POINT('',(1.2,4.E-02));
#2425 = CARTESIAN_POINT('',(-1.2,4.E-02));
#2426 = ( GEOMETRIC_REPRESENTATION_CONTEXT(2) 
PARAMETRIC_REPRESENTATION_CONTEXT() REPRESENTATION_CONTEXT('2D SPACE',''
  ) );
#2427 = ORIENTED_EDGE('',*,*,#2428,.T.);
#2428 = EDGE_CURVE('',#2404,#2352,#2429,.T.);
#2429 = SURFACE_CURVE('',#2430,(#2433,#2439),.PCURVE_S1.);
#2430 = B_SPLINE_CURVE_WITH_KNOTS('',1,(#2431,#2432),.UNSPECIFIED.,.F.,
  .F.,(2,2),(0.,1.),.PIECEWISE_BEZIER_KNOTS.);
#2431 = CARTESIAN_POINT('',(1.19,1.19,3.41));
#2432 = CARTESIAN_POINT('',(1.19,-1.19,3.41));
#2433 = PCURVE('',#2205,#2434);
#2434 = DEFINITIONAL_REPRESENTATION('',(#2435),#2438);
#2435 = B_SPLINE_CURVE_WITH_KNOTS('',1,(#2436,#2437),.UNSPECIFIED.,.F.,
  .F.,(2,2),(0.,1.),.PIECEWISE_BEZIER_KNOTS.);
#2436 = CARTESIAN_POINT('',(2.39,2.39));
#2437 = CARTESIAN_POINT('',(2.39,1.E-02));
#2438 = ( GEOMETRIC_REPRESENTATION_CONTEXT(2) 
PARAMETRIC_REPRESENTATION_CONTEXT() REPRESENTATION_CONTEXT('2D SPACE',''
  ) );
#2439 = PCURVE('',#2440,#2445);
#2440 = B_SPLINE_SURFACE_WITH_KNOTS('',1,1,(
    (#2441,#2442)
    ,(#2443,#2444
    )),.UNSPECIFIED.,.F.,.F.,.F.,(2,2),(2,2),(-1.2,1.2),(0.,1.),
  .PIECEWISE_BEZIER_KNOTS.);
#2441 = CARTESIAN_POINT('',(1.2,-1.2,3.4));
#2442 = CARTESIAN_POINT('',(0.95,-0.95,3.65));
#2443 = CARTESIAN_POINT('',(1.2,1.2,3.4));
#2444 = CARTESIAN_POINT('',(0.95,0.95,3.65));
#2445 = DEFINITIONAL_REPRESENTATION('',(#2446),#2449);
#2446 = B_SPLINE_CURVE_WITH_KNOTS('',1,(#2447,#2448),.UNSPECIFIED.,.F.,
  .F.,(2,2),(0.,1.),.PIECEWISE_BEZIER_KNOTS.);
#2447 = CARTESIAN_POINT('',(1.2,4.E-02));
#2448 = CARTESIAN_POINT('',(-1.2,4.E-02));
#2449 = ( GEOMETRIC_REPRESENTATION_CONTEXT(2) 
PARAMETRIC_REPRESENTATION_CONTEXT() REPRESENTATION_CONTEXT('2D SPACE',''
  ) );
#2450 = ADVANCED_FACE('',(#2451),#2367,.F.);
#2451 = FACE_BOUND('',#2452,.F.);
#2452 = EDGE_LOOP('',(#2453,#2475,#2476,#2498));
#2453 = ORIENTED_EDGE('',*,*,#2454,.F.);
#2454 = EDGE_CURVE('',#2354,#2455,#2457,.T.);
#2455 = VERTEX_POINT('',#2456);
#2456 = CARTESIAN_POINT('',(-0.95,-0.95,3.65));
#2457 = SURFACE_CURVE('',#2458,(#2461,#2468),.PCURVE_S1.);
#2458 = B_SPLINE_CURVE_WITH_KNOTS('',1,(#2459,#2460),.UNSPECIFIED.,.F.,
  .F.,(2,2),(0.,1.),.PIECEWISE_BEZIER_KNOTS.);
#2459 = CARTESIAN_POINT('',(-1.2,-1.2,3.4));
#2460 = CARTESIAN_POINT('',(-0.95,-0.95,3.65));
#2461 = PCURVE('',#2367,#2462);
#2462 = DEFINITIONAL_REPRESENTATION('',(#2463),#2467);
#2463 = LINE('',#2464,#2465);
#2464 = CARTESIAN_POINT('',(-1.2,0.));
#2465 = VECTOR('',#2466,1.);
#2466 = DIRECTION('',(0.,1.));
#2467 = ( GEOMETRIC_REPRESENTATION_CONTEXT(2) 
PARAMETRIC_REPRESENTATION_CONTEXT() REPRESENTATION_CONTEXT('2D SPACE',''
  ) );
#2468 = PCURVE('',#2392,#2469);
#2469 = DEFINITIONAL_REPRESENTATION('',(#2470),#2474);
#2470 = LINE('',#2471,#2472);
#2471 = CARTESIAN_POINT('',(1.2,0.));
#2472 = VECTOR('',#2473,1.);
#2473 = DIRECTION('',(0.,1.));
#2474 = ( GEOMETRIC_REPRESENTATION_CONTEXT(2) 
PARAMETRIC_REPRESENTATION_CONTEXT() REPRESENTATION_CONTEXT('2D SPACE',''
  ) );
#2475 = ORIENTED_EDGE('',*,*,#2351,.F.);
#2476 = ORIENTED_EDGE('',*,*,#2477,.T.);
#2477 = EDGE_CURVE('',#2352,#2478,#2480,.T.);
#2478 = VERTEX_POINT('',#2479);
#2479 = CARTESIAN_POINT('',(0.95,-0.95,3.65));
#2480 = SURFACE_CURVE('',#2481,(#2484,#2491),.PCURVE_S1.);
#2481 = B_SPLINE_CURVE_WITH_KNOTS('',1,(#2482,#2483),.UNSPECIFIED.,.F.,
  .F.,(2,2),(0.,1.),.PIECEWISE_BEZIER_KNOTS.);
#2482 = CARTESIAN_POINT('',(1.2,-1.2,3.4));
#2483 = CARTESIAN_POINT('',(0.95,-0.95,3.65));
#2484 = PCURVE('',#2367,#2485);
#2485 = DEFINITIONAL_REPRESENTATION('',(#2486),#2490);
#2486 = LINE('',#2487,#2488);
#2487 = CARTESIAN_POINT('',(1.2,0.));
#2488 = VECTOR('',#2489,1.);
#2489 = DIRECTION('',(0.,1.));
#2490 = ( GEOMETRIC_REPRESENTATION_CONTEXT(2) 
PARAMETRIC_REPRESENTATION_CONTEXT() REPRESENTATION_CONTEXT('2D SPACE',''
  ) );
#2491 = PCURVE('',#2440,#2492);
#2492 = DEFINITIONAL_REPRESENTATION('',(#2493),#2497);
#2493 = LINE('',#2494,#2495);
#2494 = CARTESIAN_POINT('',(-1.2,0.));
#2495 = VECTOR('',#2496,1.);
#2496 = DIRECTION('',(0.,1.));
#2497 = ( GEOMETRIC_REPRESENTATION_CONTEXT(2) 
PARAMETRIC_REPRESENTATION_CONTEXT() REPRESENTATION_CONTEXT('2D SPACE',''
  ) );
#2498 = ORIENTED_EDGE('',*,*,#2499,.F.);
#2499 = EDGE_CURVE('',#2455,#2478,#2500,.T.);
#2500 = SURFACE_CURVE('',#2501,(#2505,#2511),.PCURVE_S1.);
#2501 = LINE('',#2502,#2503);
#2502 = CARTESIAN_POINT('',(0.,-0.95,3.65));
#2503 = VECTOR('',#2504,1.);
#2504 = DIRECTION('',(1.,0.,0.));
#2505 = PCURVE('',#2367,#2506);
#2506 = DEFINITIONAL_REPRESENTATION('',(#2507),#2510);
#2507 = B_SPLINE_CURVE_WITH_KNOTS('',1,(#2508,#2509),.UNSPECIFIED.,.F.,
  .F.,(2,2),(-0.95,0.95),.PIECEWISE_BEZIER_KNOTS.);
#2508 = CARTESIAN_POINT('',(-1.2,1.));
#2509 = CARTESIAN_POINT('',(1.2,1.));
#2510 = ( GEOMETRIC_REPRESENTATION_CONTEXT(2) 
PARAMETRIC_REPRESENTATION_CONTEXT() REPRESENTATION_CONTEXT('2D SPACE',''
  ) );
#2511 = PCURVE('',#2512,#2517);
#2512 = PLANE('',#2513);
#2513 = AXIS2_PLACEMENT_3D('',#2514,#2515,#2516);
#2514 = CARTESIAN_POINT('',(-0.95,-0.95,2.4));
#2515 = DIRECTION('',(-0.,1.,0.));
#2516 = DIRECTION('',(0.,0.,1.));
#2517 = DEFINITIONAL_REPRESENTATION('',(#2518),#2522);
#2518 = LINE('',#2519,#2520);
#2519 = CARTESIAN_POINT('',(1.25,0.95));
#2520 = VECTOR('',#2521,1.);
#2521 = DIRECTION('',(0.,1.));
#2522 = ( GEOMETRIC_REPRESENTATION_CONTEXT(2) 
PARAMETRIC_REPRESENTATION_CONTEXT() REPRESENTATION_CONTEXT('2D SPACE',''
  ) );
#2523 = ADVANCED_FACE('',(#2524),#2440,.F.);
#2524 = FACE_BOUND('',#2525,.F.);
#2525 = EDGE_LOOP('',(#2526,#2527,#2528,#2550));
#2526 = ORIENTED_EDGE('',*,*,#2477,.F.);
#2527 = ORIENTED_EDGE('',*,*,#2428,.F.);
#2528 = ORIENTED_EDGE('',*,*,#2529,.T.);
#2529 = EDGE_CURVE('',#2404,#2530,#2532,.T.);
#2530 = VERTEX_POINT('',#2531);
#2531 = CARTESIAN_POINT('',(0.95,0.95,3.65));
#2532 = SURFACE_CURVE('',#2533,(#2536,#2543),.PCURVE_S1.);
#2533 = B_SPLINE_CURVE_WITH_KNOTS('',1,(#2534,#2535),.UNSPECIFIED.,.F.,
  .F.,(2,2),(0.,1.),.PIECEWISE_BEZIER_KNOTS.);
#2534 = CARTESIAN_POINT('',(1.2,1.2,3.4));
#2535 = CARTESIAN_POINT('',(0.95,0.95,3.65));
#2536 = PCURVE('',#2440,#2537);
#2537 = DEFINITIONAL_REPRESENTATION('',(#2538),#2542);
#2538 = LINE('',#2539,#2540);
#2539 = CARTESIAN_POINT('',(1.2,0.));
#2540 = VECTOR('',#2541,1.);
#2541 = DIRECTION('',(0.,1.));
#2542 = ( GEOMETRIC_REPRESENTATION_CONTEXT(2) 
PARAMETRIC_REPRESENTATION_CONTEXT() REPRESENTATION_CONTEXT('2D SPACE',''
  ) );
#2543 = PCURVE('',#2417,#2544);
#2544 = DEFINITIONAL_REPRESENTATION('',(#2545),#2549);
#2545 = LINE('',#2546,#2547);
#2546 = CARTESIAN_POINT('',(-1.2,0.));
#2547 = VECTOR('',#2548,1.);
#2548 = DIRECTION('',(0.,1.));
#2549 = ( GEOMETRIC_REPRESENTATION_CONTEXT(2) 
PARAMETRIC_REPRESENTATION_CONTEXT() REPRESENTATION_CONTEXT('2D SPACE',''
  ) );
#2550 = ORIENTED_EDGE('',*,*,#2551,.F.);
#2551 = EDGE_CURVE('',#2478,#2530,#2552,.T.);
#2552 = SURFACE_CURVE('',#2553,(#2557,#2563),.PCURVE_S1.);
#2553 = LINE('',#2554,#2555);
#2554 = CARTESIAN_POINT('',(0.95,0.,3.65));
#2555 = VECTOR('',#2556,1.);
#2556 = DIRECTION('',(0.,1.,0.));
#2557 = PCURVE('',#2440,#2558);
#2558 = DEFINITIONAL_REPRESENTATION('',(#2559),#2562);
#2559 = B_SPLINE_CURVE_WITH_KNOTS('',1,(#2560,#2561),.UNSPECIFIED.,.F.,
  .F.,(2,2),(-0.95,0.95),.PIECEWISE_BEZIER_KNOTS.);
#2560 = CARTESIAN_POINT('',(-1.2,1.));
#2561 = CARTESIAN_POINT('',(1.2,1.));
#2562 = ( GEOMETRIC_REPRESENTATION_CONTEXT(2) 
PARAMETRIC_REPRESENTATION_CONTEXT() REPRESENTATION_CONTEXT('2D SPACE',''
  ) );
#2563 = PCURVE('',#2564,#2569);
#2564 = PLANE('',#2565);
#2565 = AXIS2_PLACEMENT_3D('',#2566,#2567,#2568);
#2566 = CARTESIAN_POINT('',(0.95,-0.95,2.4));
#2567 = DIRECTION('',(1.,0.,-0.));
#2568 = DIRECTION('',(0.,0.,1.));
#2569 = DEFINITIONAL_REPRESENTATION('',(#2570),#2574);
#2570 = LINE('',#2571,#2572);
#2571 = CARTESIAN_POINT('',(1.25,-0.95));
#2572 = VECTOR('',#2573,1.);
#2573 = DIRECTION('',(0.,-1.));
#2574 = ( GEOMETRIC_REPRESENTATION_CONTEXT(2) 
PARAMETRIC_REPRESENTATION_CONTEXT() REPRESENTATION_CONTEXT('2D SPACE',''
  ) );
#2575 = ADVANCED_FACE('',(#2576),#2417,.F.);
#2576 = FACE_BOUND('',#2577,.F.);
#2577 = EDGE_LOOP('',(#2578,#2579,#2601,#2626));
#2578 = ORIENTED_EDGE('',*,*,#2403,.F.);
#2579 = ORIENTED_EDGE('',*,*,#2580,.T.);
#2580 = EDGE_CURVE('',#2379,#2581,#2583,.T.);
#2581 = VERTEX_POINT('',#2582);
#2582 = CARTESIAN_POINT('',(-0.95,0.95,3.65));
#2583 = SURFACE_CURVE('',#2584,(#2587,#2594),.PCURVE_S1.);
#2584 = B_SPLINE_CURVE_WITH_KNOTS('',1,(#2585,#2586),.UNSPECIFIED.,.F.,
  .F.,(2,2),(0.,1.),.PIECEWISE_BEZIER_KNOTS.);
#2585 = CARTESIAN_POINT('',(-1.2,1.2,3.4));
#2586 = CARTESIAN_POINT('',(-0.95,0.95,3.65));
#2587 = PCURVE('',#2417,#2588);
#2588 = DEFINITIONAL_REPRESENTATION('',(#2589),#2593);
#2589 = LINE('',#2590,#2591);
#2590 = CARTESIAN_POINT('',(1.2,0.));
#2591 = VECTOR('',#2592,1.);
#2592 = DIRECTION('',(0.,1.));
#2593 = ( GEOMETRIC_REPRESENTATION_CONTEXT(2) 
PARAMETRIC_REPRESENTATION_CONTEXT() REPRESENTATION_CONTEXT('2D SPACE',''
  ) );
#2594 = PCURVE('',#2392,#2595);
#2595 = DEFINITIONAL_REPRESENTATION('',(#2596),#2600);
#2596 = LINE('',#2597,#2598);
#2597 = CARTESIAN_POINT('',(-1.2,0.));
#2598 = VECTOR('',#2599,1.);
#2599 = DIRECTION('',(0.,1.));
#2600 = ( GEOMETRIC_REPRESENTATION_CONTEXT(2) 
PARAMETRIC_REPRESENTATION_CONTEXT() REPRESENTATION_CONTEXT('2D SPACE',''
  ) );
#2601 = ORIENTED_EDGE('',*,*,#2602,.T.);
#2602 = EDGE_CURVE('',#2581,#2530,#2603,.T.);
#2603 = SURFACE_CURVE('',#2604,(#2608,#2614),.PCURVE_S1.);
#2604 = LINE('',#2605,#2606);
#2605 = CARTESIAN_POINT('',(0.,0.95,3.65));
#2606 = VECTOR('',#2607,1.);
#2607 = DIRECTION('',(1.,0.,0.));
#2608 = PCURVE('',#2417,#2609);
#2609 = DEFINITIONAL_REPRESENTATION('',(#2610),#2613);
#2610 = B_SPLINE_CURVE_WITH_KNOTS('',1,(#2611,#2612),.UNSPECIFIED.,.F.,
  .F.,(2,2),(-0.95,0.95),.PIECEWISE_BEZIER_KNOTS.);
#2611 = CARTESIAN_POINT('',(1.2,1.));
#2612 = CARTESIAN_POINT('',(-1.2,1.));
#2613 = ( GEOMETRIC_REPRESENTATION_CONTEXT(2) 
PARAMETRIC_REPRESENTATION_CONTEXT() REPRESENTATION_CONTEXT('2D SPACE',''
  ) );
#2614 = PCURVE('',#2615,#2620);
#2615 = PLANE('',#2616);
#2616 = AXIS2_PLACEMENT_3D('',#2617,#2618,#2619);
#2617 = CARTESIAN_POINT('',(-0.95,0.95,2.4));
#2618 = DIRECTION('',(-0.,1.,0.));
#2619 = DIRECTION('',(0.,0.,1.));
#2620 = DEFINITIONAL_REPRESENTATION('',(#2621),#2625);
#2621 = LINE('',#2622,#2623);
#2622 = CARTESIAN_POINT('',(1.25,0.95));
#2623 = VECTOR('',#2624,1.);
#2624 = DIRECTION('',(0.,1.));
#2625 = ( GEOMETRIC_REPRESENTATION_CONTEXT(2) 
PARAMETRIC_REPRESENTATION_CONTEXT() REPRESENTATION_CONTEXT('2D SPACE',''
  ) );
#2626 = ORIENTED_EDGE('',*,*,#2529,.F.);
#2627 = ADVANCED_FACE('',(#2628),#2392,.F.);
#2628 = FACE_BOUND('',#2629,.F.);
#2629 = EDGE_LOOP('',(#2630,#2631,#2632,#2657));
#2630 = ORIENTED_EDGE('',*,*,#2378,.F.);
#2631 = ORIENTED_EDGE('',*,*,#2454,.T.);
#2632 = ORIENTED_EDGE('',*,*,#2633,.T.);
#2633 = EDGE_CURVE('',#2455,#2581,#2634,.T.);
#2634 = SURFACE_CURVE('',#2635,(#2639,#2645),.PCURVE_S1.);
#2635 = LINE('',#2636,#2637);
#2636 = CARTESIAN_POINT('',(-0.95,0.,3.65));
#2637 = VECTOR('',#2638,1.);
#2638 = DIRECTION('',(0.,1.,0.));
#2639 = PCURVE('',#2392,#2640);
#2640 = DEFINITIONAL_REPRESENTATION('',(#2641),#2644);
#2641 = B_SPLINE_CURVE_WITH_KNOTS('',1,(#2642,#2643),.UNSPECIFIED.,.F.,
  .F.,(2,2),(-0.95,0.95),.PIECEWISE_BEZIER_KNOTS.);
#2642 = CARTESIAN_POINT('',(1.2,1.));
#2643 = CARTESIAN_POINT('',(-1.2,1.));
#2644 = ( GEOMETRIC_REPRESENTATION_CONTEXT(2) 
PARAMETRIC_REPRESENTATION_CONTEXT() REPRESENTATION_CONTEXT('2D SPACE',''
  ) );
#2645 = PCURVE('',#2646,#2651);
#2646 = PLANE('',#2647);
#2647 = AXIS2_PLACEMENT_3D('',#2648,#2649,#2650);
#2648 = CARTESIAN_POINT('',(-0.95,-0.95,2.4));
#2649 = DIRECTION('',(1.,0.,-0.));
#2650 = DIRECTION('',(0.,0.,1.));
#2651 = DEFINITIONAL_REPRESENTATION('',(#2652),#2656);
#2652 = LINE('',#2653,#2654);
#2653 = CARTESIAN_POINT('',(1.25,-0.95));
#2654 = VECTOR('',#2655,1.);
#2655 = DIRECTION('',(0.,-1.));
#2656 = ( GEOMETRIC_REPRESENTATION_CONTEXT(2) 
PARAMETRIC_REPRESENTATION_CONTEXT() REPRESENTATION_CONTEXT('2D SPACE',''
  ) );
#2657 = ORIENTED_EDGE('',*,*,#2580,.F.);
#2658 = ADVANCED_FACE('',(#2659),#2512,.T.);
#2659 = FACE_BOUND('',#2660,.T.);
#2660 = EDGE_LOOP('',(#2661,#2684,#2685,#2708));
#2661 = ORIENTED_EDGE('',*,*,#2662,.F.);
#2662 = EDGE_CURVE('',#2478,#2663,#2665,.T.);
#2663 = VERTEX_POINT('',#2664);
#2664 = CARTESIAN_POINT('',(0.95,-0.95,4.7));
#2665 = SURFACE_CURVE('',#2666,(#2670,#2677),.PCURVE_S1.);
#2666 = LINE('',#2667,#2668);
#2667 = CARTESIAN_POINT('',(0.95,-0.95,2.4));
#2668 = VECTOR('',#2669,1.);
#2669 = DIRECTION('',(0.,0.,1.));
#2670 = PCURVE('',#2512,#2671);
#2671 = DEFINITIONAL_REPRESENTATION('',(#2672),#2676);
#2672 = LINE('',#2673,#2674);
#2673 = CARTESIAN_POINT('',(0.,1.9));
#2674 = VECTOR('',#2675,1.);
#2675 = DIRECTION('',(1.,0.));
#2676 = ( GEOMETRIC_REPRESENTATION_CONTEXT(2) 
PARAMETRIC_REPRESENTATION_CONTEXT() REPRESENTATION_CONTEXT('2D SPACE',''
  ) );
#2677 = PCURVE('',#2564,#2678);
#2678 = DEFINITIONAL_REPRESENTATION('',(#2679),#2683);
#2679 = LINE('',#2680,#2681);
#2680 = CARTESIAN_POINT('',(0.,0.));
#2681 = VECTOR('',#2682,1.);
#2682 = DIRECTION('',(1.,0.));
#2683 = ( GEOMETRIC_REPRESENTATION_CONTEXT(2) 
PARAMETRIC_REPRESENTATION_CONTEXT() REPRESENTATION_CONTEXT('2D SPACE',''
  ) );
#2684 = ORIENTED_EDGE('',*,*,#2499,.F.);
#2685 = ORIENTED_EDGE('',*,*,#2686,.T.);
#2686 = EDGE_CURVE('',#2455,#2687,#2689,.T.);
#2687 = VERTEX_POINT('',#2688);
#2688 = CARTESIAN_POINT('',(-0.95,-0.95,4.7));
#2689 = SURFACE_CURVE('',#2690,(#2694,#2701),.PCURVE_S1.);
#2690 = LINE('',#2691,#2692);
#2691 = CARTESIAN_POINT('',(-0.95,-0.95,2.4));
#2692 = VECTOR('',#2693,1.);
#2693 = DIRECTION('',(0.,0.,1.));
#2694 = PCURVE('',#2512,#2695);
#2695 = DEFINITIONAL_REPRESENTATION('',(#2696),#2700);
#2696 = LINE('',#2697,#2698);
#2697 = CARTESIAN_POINT('',(0.,0.));
#2698 = VECTOR('',#2699,1.);
#2699 = DIRECTION('',(1.,0.));
#2700 = ( GEOMETRIC_REPRESENTATION_CONTEXT(2) 
PARAMETRIC_REPRESENTATION_CONTEXT() REPRESENTATION_CONTEXT('2D SPACE',''
  ) );
#2701 = PCURVE('',#2646,#2702);
#2702 = DEFINITIONAL_REPRESENTATION('',(#2703),#2707);
#2703 = LINE('',#2704,#2705);
#2704 = CARTESIAN_POINT('',(0.,0.));
#2705 = VECTOR('',#2706,1.);
#2706 = DIRECTION('',(1.,0.));
#2707 = ( GEOMETRIC_REPRESENTATION_CONTEXT(2) 
PARAMETRIC_REPRESENTATION_CONTEXT() REPRESENTATION_CONTEXT('2D SPACE',''
  ) );
#2708 = ORIENTED_EDGE('',*,*,#2709,.T.);
#2709 = EDGE_CURVE('',#2687,#2663,#2710,.T.);
#2710 = SURFACE_CURVE('',#2711,(#2715,#2722),.PCURVE_S1.);
#2711 = LINE('',#2712,#2713);
#2712 = CARTESIAN_POINT('',(-0.95,-0.95,4.7));
#2713 = VECTOR('',#2714,1.);
#2714 = DIRECTION('',(1.,0.,-0.));
#2715 = PCURVE('',#2512,#2716);
#2716 = DEFINITIONAL_REPRESENTATION('',(#2717),#2721);
#2717 = LINE('',#2718,#2719);
#2718 = CARTESIAN_POINT('',(2.3,0.));
#2719 = VECTOR('',#2720,1.);
#2720 = DIRECTION('',(0.,1.));
#2721 = ( GEOMETRIC_REPRESENTATION_CONTEXT(2) 
PARAMETRIC_REPRESENTATION_CONTEXT() REPRESENTATION_CONTEXT('2D SPACE',''
  ) );
#2722 = PCURVE('',#2723,#2728);
#2723 = B_SPLINE_SURFACE_WITH_KNOTS('',1,1,(
    (#2724,#2725)
    ,(#2726,#2727
    )),.UNSPECIFIED.,.F.,.F.,.F.,(2,2),(2,2),(-0.95,0.95),(0.,1.),
  .PIECEWISE_BEZIER_KNOTS.);
#2724 = CARTESIAN_POINT('',(-0.95,-0.95,4.7));
#2725 = CARTESIAN_POINT('',(-5.E-04,-5.E-04,5.65));
#2726 = CARTESIAN_POINT('',(0.95,-0.95,4.7));
#2727 = CARTESIAN_POINT('',(5.E-04,-5.E-04,5.65));
#2728 = DEFINITIONAL_REPRESENTATION('',(#2729),#2732);
#2729 = B_SPLINE_CURVE_WITH_KNOTS('',1,(#2730,#2731),.UNSPECIFIED.,.F.,
  .F.,(2,2),(0.,1.9),.PIECEWISE_BEZIER_KNOTS.);
#2730 = CARTESIAN_POINT('',(-0.95,0.));
#2731 = CARTESIAN_POINT('',(0.95,0.));
#2732 = ( GEOMETRIC_REPRESENTATION_CONTEXT(2) 
PARAMETRIC_REPRESENTATION_CONTEXT() REPRESENTATION_CONTEXT('2D SPACE',''
  ) );
#2733 = ADVANCED_FACE('',(#2734),#2564,.F.);
#2734 = FACE_BOUND('',#2735,.F.);
#2735 = EDGE_LOOP('',(#2736,#2737,#2738,#2761));
#2736 = ORIENTED_EDGE('',*,*,#2662,.F.);
#2737 = ORIENTED_EDGE('',*,*,#2551,.T.);
#2738 = ORIENTED_EDGE('',*,*,#2739,.T.);
#2739 = EDGE_CURVE('',#2530,#2740,#2742,.T.);
#2740 = VERTEX_POINT('',#2741);
#2741 = CARTESIAN_POINT('',(0.95,0.95,4.7));
#2742 = SURFACE_CURVE('',#2743,(#2747,#2754),.PCURVE_S1.);
#2743 = LINE('',#2744,#2745);
#2744 = CARTESIAN_POINT('',(0.95,0.95,2.4));
#2745 = VECTOR('',#2746,1.);
#2746 = DIRECTION('',(0.,0.,1.));
#2747 = PCURVE('',#2564,#2748);
#2748 = DEFINITIONAL_REPRESENTATION('',(#2749),#2753);
#2749 = LINE('',#2750,#2751);
#2750 = CARTESIAN_POINT('',(0.,-1.9));
#2751 = VECTOR('',#2752,1.);
#2752 = DIRECTION('',(1.,0.));
#2753 = ( GEOMETRIC_REPRESENTATION_CONTEXT(2) 
PARAMETRIC_REPRESENTATION_CONTEXT() REPRESENTATION_CONTEXT('2D SPACE',''
  ) );
#2754 = PCURVE('',#2615,#2755);
#2755 = DEFINITIONAL_REPRESENTATION('',(#2756),#2760);
#2756 = LINE('',#2757,#2758);
#2757 = CARTESIAN_POINT('',(0.,1.9));
#2758 = VECTOR('',#2759,1.);
#2759 = DIRECTION('',(1.,0.));
#2760 = ( GEOMETRIC_REPRESENTATION_CONTEXT(2) 
PARAMETRIC_REPRESENTATION_CONTEXT() REPRESENTATION_CONTEXT('2D SPACE',''
  ) );
#2761 = ORIENTED_EDGE('',*,*,#2762,.F.);
#2762 = EDGE_CURVE('',#2663,#2740,#2763,.T.);
#2763 = SURFACE_CURVE('',#2764,(#2768,#2775),.PCURVE_S1.);
#2764 = LINE('',#2765,#2766);
#2765 = CARTESIAN_POINT('',(0.95,-0.95,4.7));
#2766 = VECTOR('',#2767,1.);
#2767 = DIRECTION('',(-0.,1.,0.));
#2768 = PCURVE('',#2564,#2769);
#2769 = DEFINITIONAL_REPRESENTATION('',(#2770),#2774);
#2770 = LINE('',#2771,#2772);
#2771 = CARTESIAN_POINT('',(2.3,0.));
#2772 = VECTOR('',#2773,1.);
#2773 = DIRECTION('',(0.,-1.));
#2774 = ( GEOMETRIC_REPRESENTATION_CONTEXT(2) 
PARAMETRIC_REPRESENTATION_CONTEXT() REPRESENTATION_CONTEXT('2D SPACE',''
  ) );
#2775 = PCURVE('',#2776,#2781);
#2776 = B_SPLINE_SURFACE_WITH_KNOTS('',1,1,(
    (#2777,#2778)
    ,(#2779,#2780
    )),.UNSPECIFIED.,.F.,.F.,.F.,(2,2),(2,2),(-0.95,0.95),(0.,1.),
  .PIECEWISE_BEZIER_KNOTS.);
#2777 = CARTESIAN_POINT('',(0.95,-0.95,4.7));
#2778 = CARTESIAN_POINT('',(5.E-04,-5.E-04,5.65));
#2779 = CARTESIAN_POINT('',(0.95,0.95,4.7));
#2780 = CARTESIAN_POINT('',(5.E-04,5.E-04,5.65));
#2781 = DEFINITIONAL_REPRESENTATION('',(#2782),#2785);
#2782 = B_SPLINE_CURVE_WITH_KNOTS('',1,(#2783,#2784),.UNSPECIFIED.,.F.,
  .F.,(2,2),(0.,1.9),.PIECEWISE_BEZIER_KNOTS.);
#2783 = CARTESIAN_POINT('',(-0.95,0.));
#2784 = CARTESIAN_POINT('',(0.95,0.));
#2785 = ( GEOMETRIC_REPRESENTATION_CONTEXT(2) 
PARAMETRIC_REPRESENTATION_CONTEXT() REPRESENTATION_CONTEXT('2D SPACE',''
  ) );
#2786 = ADVANCED_FACE('',(#2787),#2615,.F.);
#2787 = FACE_BOUND('',#2788,.F.);
#2788 = EDGE_LOOP('',(#2789,#2790,#2791,#2814));
#2789 = ORIENTED_EDGE('',*,*,#2739,.F.);
#2790 = ORIENTED_EDGE('',*,*,#2602,.F.);
#2791 = ORIENTED_EDGE('',*,*,#2792,.T.);
#2792 = EDGE_CURVE('',#2581,#2793,#2795,.T.);
#2793 = VERTEX_POINT('',#2794);
#2794 = CARTESIAN_POINT('',(-0.95,0.95,4.7));
#2795 = SURFACE_CURVE('',#2796,(#2800,#2807),.PCURVE_S1.);
#2796 = LINE('',#2797,#2798);
#2797 = CARTESIAN_POINT('',(-0.95,0.95,2.4));
#2798 = VECTOR('',#2799,1.);
#2799 = DIRECTION('',(0.,0.,1.));
#2800 = PCURVE('',#2615,#2801);
#2801 = DEFINITIONAL_REPRESENTATION('',(#2802),#2806);
#2802 = LINE('',#2803,#2804);
#2803 = CARTESIAN_POINT('',(0.,0.));
#2804 = VECTOR('',#2805,1.);
#2805 = DIRECTION('',(1.,0.));
#2806 = ( GEOMETRIC_REPRESENTATION_CONTEXT(2) 
PARAMETRIC_REPRESENTATION_CONTEXT() REPRESENTATION_CONTEXT('2D SPACE',''
  ) );
#2807 = PCURVE('',#2646,#2808);
#2808 = DEFINITIONAL_REPRESENTATION('',(#2809),#2813);
#2809 = LINE('',#2810,#2811);
#2810 = CARTESIAN_POINT('',(0.,-1.9));
#2811 = VECTOR('',#2812,1.);
#2812 = DIRECTION('',(1.,0.));
#2813 = ( GEOMETRIC_REPRESENTATION_CONTEXT(2) 
PARAMETRIC_REPRESENTATION_CONTEXT() REPRESENTATION_CONTEXT('2D SPACE',''
  ) );
#2814 = ORIENTED_EDGE('',*,*,#2815,.T.);
#2815 = EDGE_CURVE('',#2793,#2740,#2816,.T.);
#2816 = SURFACE_CURVE('',#2817,(#2821,#2828),.PCURVE_S1.);
#2817 = LINE('',#2818,#2819);
#2818 = CARTESIAN_POINT('',(-0.95,0.95,4.7));
#2819 = VECTOR('',#2820,1.);
#2820 = DIRECTION('',(1.,0.,-0.));
#2821 = PCURVE('',#2615,#2822);
#2822 = DEFINITIONAL_REPRESENTATION('',(#2823),#2827);
#2823 = LINE('',#2824,#2825);
#2824 = CARTESIAN_POINT('',(2.3,0.));
#2825 = VECTOR('',#2826,1.);
#2826 = DIRECTION('',(0.,1.));
#2827 = ( GEOMETRIC_REPRESENTATION_CONTEXT(2) 
PARAMETRIC_REPRESENTATION_CONTEXT() REPRESENTATION_CONTEXT('2D SPACE',''
  ) );
#2828 = PCURVE('',#2829,#2834);
#2829 = B_SPLINE_SURFACE_WITH_KNOTS('',1,1,(
    (#2830,#2831)
    ,(#2832,#2833
    )),.UNSPECIFIED.,.F.,.F.,.F.,(2,2),(2,2),(-0.95,0.95),(0.,1.),
  .PIECEWISE_BEZIER_KNOTS.);
#2830 = CARTESIAN_POINT('',(0.95,0.95,4.7));
#2831 = CARTESIAN_POINT('',(5.E-04,5.E-04,5.65));
#2832 = CARTESIAN_POINT('',(-0.95,0.95,4.7));
#2833 = CARTESIAN_POINT('',(-5.E-04,5.E-04,5.65));
#2834 = DEFINITIONAL_REPRESENTATION('',(#2835),#2838);
#2835 = B_SPLINE_CURVE_WITH_KNOTS('',1,(#2836,#2837),.UNSPECIFIED.,.F.,
  .F.,(2,2),(0.,1.9),.PIECEWISE_BEZIER_KNOTS.);
#2836 = CARTESIAN_POINT('',(0.95,0.));
#2837 = CARTESIAN_POINT('',(-0.95,0.));
#2838 = ( GEOMETRIC_REPRESENTATION_CONTEXT(2) 
PARAMETRIC_REPRESENTATION_CONTEXT() REPRESENTATION_CONTEXT('2D SPACE',''
  ) );
#2839 = ADVANCED_FACE('',(#2840),#2646,.T.);
#2840 = FACE_BOUND('',#2841,.T.);
#2841 = EDGE_LOOP('',(#2842,#2843,#2844,#2845));
#2842 = ORIENTED_EDGE('',*,*,#2686,.F.);
#2843 = ORIENTED_EDGE('',*,*,#2633,.T.);
#2844 = ORIENTED_EDGE('',*,*,#2792,.T.);
#2845 = ORIENTED_EDGE('',*,*,#2846,.F.);
#2846 = EDGE_CURVE('',#2687,#2793,#2847,.T.);
#2847 = SURFACE_CURVE('',#2848,(#2852,#2859),.PCURVE_S1.);
#2848 = LINE('',#2849,#2850);
#2849 = CARTESIAN_POINT('',(-0.95,-0.95,4.7));
#2850 = VECTOR('',#2851,1.);
#2851 = DIRECTION('',(-0.,1.,0.));
#2852 = PCURVE('',#2646,#2853);
#2853 = DEFINITIONAL_REPRESENTATION('',(#2854),#2858);
#2854 = LINE('',#2855,#2856);
#2855 = CARTESIAN_POINT('',(2.3,0.));
#2856 = VECTOR('',#2857,1.);
#2857 = DIRECTION('',(0.,-1.));
#2858 = ( GEOMETRIC_REPRESENTATION_CONTEXT(2) 
PARAMETRIC_REPRESENTATION_CONTEXT() REPRESENTATION_CONTEXT('2D SPACE',''
  ) );
#2859 = PCURVE('',#2860,#2865);
#2860 = B_SPLINE_SURFACE_WITH_KNOTS('',1,1,(
    (#2861,#2862)
    ,(#2863,#2864
    )),.UNSPECIFIED.,.F.,.F.,.F.,(2,2),(2,2),(-0.95,0.95),(0.,1.),
  .PIECEWISE_BEZIER_KNOTS.);
#2861 = CARTESIAN_POINT('',(-0.95,0.95,4.7));
#2862 = CARTESIAN_POINT('',(-5.E-04,5.E-04,5.65));
#2863 = CARTESIAN_POINT('',(-0.95,-0.95,4.7));
#2864 = CARTESIAN_POINT('',(-5.E-04,-5.E-04,5.65));
#2865 = DEFINITIONAL_REPRESENTATION('',(#2866),#2869);
#2866 = B_SPLINE_CURVE_WITH_KNOTS('',1,(#2867,#2868),.UNSPECIFIED.,.F.,
  .F.,(2,2),(0.,1.9),.PIECEWISE_BEZIER_KNOTS.);
#2867 = CARTESIAN_POINT('',(0.95,0.));
#2868 = CARTESIAN_POINT('',(-0.95,0.));
#2869 = ( GEOMETRIC_REPRESENTATION_CONTEXT(2) 
PARAMETRIC_REPRESENTATION_CONTEXT() REPRESENTATION_CONTEXT('2D SPACE',''
  ) );
#2870 = ADVANCED_FACE('',(#2871),#2723,.F.);
#2871 = FACE_BOUND('',#2872,.F.);
#2872 = EDGE_LOOP('',(#2873,#2874,#2896,#2923));
#2873 = ORIENTED_EDGE('',*,*,#2709,.T.);
#2874 = ORIENTED_EDGE('',*,*,#2875,.T.);
#2875 = EDGE_CURVE('',#2663,#2876,#2878,.T.);
#2876 = VERTEX_POINT('',#2877);
#2877 = CARTESIAN_POINT('',(5.E-04,-5.E-04,5.65));
#2878 = SURFACE_CURVE('',#2879,(#2882,#2889),.PCURVE_S1.);
#2879 = B_SPLINE_CURVE_WITH_KNOTS('',1,(#2880,#2881),.UNSPECIFIED.,.F.,
  .F.,(2,2),(0.,1.),.PIECEWISE_BEZIER_KNOTS.);
#2880 = CARTESIAN_POINT('',(0.95,-0.95,4.7));
#2881 = CARTESIAN_POINT('',(5.E-04,-5.E-04,5.65));
#2882 = PCURVE('',#2723,#2883);
#2883 = DEFINITIONAL_REPRESENTATION('',(#2884),#2888);
#2884 = LINE('',#2885,#2886);
#2885 = CARTESIAN_POINT('',(0.95,0.));
#2886 = VECTOR('',#2887,1.);
#2887 = DIRECTION('',(0.,1.));
#2888 = ( GEOMETRIC_REPRESENTATION_CONTEXT(2) 
PARAMETRIC_REPRESENTATION_CONTEXT() REPRESENTATION_CONTEXT('2D SPACE',''
  ) );
#2889 = PCURVE('',#2776,#2890);
#2890 = DEFINITIONAL_REPRESENTATION('',(#2891),#2895);
#2891 = LINE('',#2892,#2893);
#2892 = CARTESIAN_POINT('',(-0.95,0.));
#2893 = VECTOR('',#2894,1.);
#2894 = DIRECTION('',(0.,1.));
#2895 = ( GEOMETRIC_REPRESENTATION_CONTEXT(2) 
PARAMETRIC_REPRESENTATION_CONTEXT() REPRESENTATION_CONTEXT('2D SPACE',''
  ) );
#2896 = ORIENTED_EDGE('',*,*,#2897,.F.);
#2897 = EDGE_CURVE('',#2898,#2876,#2900,.T.);
#2898 = VERTEX_POINT('',#2899);
#2899 = CARTESIAN_POINT('',(-5.E-04,-5.E-04,5.65));
#2900 = SURFACE_CURVE('',#2901,(#2905,#2911),.PCURVE_S1.);
#2901 = LINE('',#2902,#2903);
#2902 = CARTESIAN_POINT('',(0.,-5.E-04,5.65));
#2903 = VECTOR('',#2904,1.);
#2904 = DIRECTION('',(1.,0.,0.));
#2905 = PCURVE('',#2723,#2906);
#2906 = DEFINITIONAL_REPRESENTATION('',(#2907),#2910);
#2907 = B_SPLINE_CURVE_WITH_KNOTS('',1,(#2908,#2909),.UNSPECIFIED.,.F.,
  .F.,(2,2),(-5.E-04,5.E-04),.PIECEWISE_BEZIER_KNOTS.);
#2908 = CARTESIAN_POINT('',(-0.95,1.));
#2909 = CARTESIAN_POINT('',(0.95,1.));
#2910 = ( GEOMETRIC_REPRESENTATION_CONTEXT(2) 
PARAMETRIC_REPRESENTATION_CONTEXT() REPRESENTATION_CONTEXT('2D SPACE',''
  ) );
#2911 = PCURVE('',#2912,#2917);
#2912 = PLANE('',#2913);
#2913 = AXIS2_PLACEMENT_3D('',#2914,#2915,#2916);
#2914 = CARTESIAN_POINT('',(-5.E-04,-5.E-04,5.65));
#2915 = DIRECTION('',(0.,0.,1.));
#2916 = DIRECTION('',(0.707106781187,0.707106781187,-0.));
#2917 = DEFINITIONAL_REPRESENTATION('',(#2918),#2922);
#2918 = LINE('',#2919,#2920);
#2919 = CARTESIAN_POINT('',(3.535533905933E-04,-3.535533905933E-04));
#2920 = VECTOR('',#2921,1.);
#2921 = DIRECTION('',(0.707106781187,-0.707106781187));
#2922 = ( GEOMETRIC_REPRESENTATION_CONTEXT(2) 
PARAMETRIC_REPRESENTATION_CONTEXT() REPRESENTATION_CONTEXT('2D SPACE',''
  ) );
#2923 = ORIENTED_EDGE('',*,*,#2924,.F.);
#2924 = EDGE_CURVE('',#2687,#2898,#2925,.T.);
#2925 = SURFACE_CURVE('',#2926,(#2929,#2936),.PCURVE_S1.);
#2926 = B_SPLINE_CURVE_WITH_KNOTS('',1,(#2927,#2928),.UNSPECIFIED.,.F.,
  .F.,(2,2),(0.,1.),.PIECEWISE_BEZIER_KNOTS.);
#2927 = CARTESIAN_POINT('',(-0.95,-0.95,4.7));
#2928 = CARTESIAN_POINT('',(-5.E-04,-5.E-04,5.65));
#2929 = PCURVE('',#2723,#2930);
#2930 = DEFINITIONAL_REPRESENTATION('',(#2931),#2935);
#2931 = LINE('',#2932,#2933);
#2932 = CARTESIAN_POINT('',(-0.95,0.));
#2933 = VECTOR('',#2934,1.);
#2934 = DIRECTION('',(0.,1.));
#2935 = ( GEOMETRIC_REPRESENTATION_CONTEXT(2) 
PARAMETRIC_REPRESENTATION_CONTEXT() REPRESENTATION_CONTEXT('2D SPACE',''
  ) );
#2936 = PCURVE('',#2860,#2937);
#2937 = DEFINITIONAL_REPRESENTATION('',(#2938),#2942);
#2938 = LINE('',#2939,#2940);
#2939 = CARTESIAN_POINT('',(0.95,0.));
#2940 = VECTOR('',#2941,1.);
#2941 = DIRECTION('',(0.,1.));
#2942 = ( GEOMETRIC_REPRESENTATION_CONTEXT(2) 
PARAMETRIC_REPRESENTATION_CONTEXT() REPRESENTATION_CONTEXT('2D SPACE',''
  ) );
#2943 = ADVANCED_FACE('',(#2944),#2776,.F.);
#2944 = FACE_BOUND('',#2945,.F.);
#2945 = EDGE_LOOP('',(#2946,#2947,#2969,#2989));
#2946 = ORIENTED_EDGE('',*,*,#2762,.T.);
#2947 = ORIENTED_EDGE('',*,*,#2948,.T.);
#2948 = EDGE_CURVE('',#2740,#2949,#2951,.T.);
#2949 = VERTEX_POINT('',#2950);
#2950 = CARTESIAN_POINT('',(5.E-04,5.E-04,5.65));
#2951 = SURFACE_CURVE('',#2952,(#2955,#2962),.PCURVE_S1.);
#2952 = B_SPLINE_CURVE_WITH_KNOTS('',1,(#2953,#2954),.UNSPECIFIED.,.F.,
  .F.,(2,2),(0.,1.),.PIECEWISE_BEZIER_KNOTS.);
#2953 = CARTESIAN_POINT('',(0.95,0.95,4.7));
#2954 = CARTESIAN_POINT('',(5.E-04,5.E-04,5.65));
#2955 = PCURVE('',#2776,#2956);
#2956 = DEFINITIONAL_REPRESENTATION('',(#2957),#2961);
#2957 = LINE('',#2958,#2959);
#2958 = CARTESIAN_POINT('',(0.95,0.));
#2959 = VECTOR('',#2960,1.);
#2960 = DIRECTION('',(0.,1.));
#2961 = ( GEOMETRIC_REPRESENTATION_CONTEXT(2) 
PARAMETRIC_REPRESENTATION_CONTEXT() REPRESENTATION_CONTEXT('2D SPACE',''
  ) );
#2962 = PCURVE('',#2829,#2963);
#2963 = DEFINITIONAL_REPRESENTATION('',(#2964),#2968);
#2964 = LINE('',#2965,#2966);
#2965 = CARTESIAN_POINT('',(-0.95,0.));
#2966 = VECTOR('',#2967,1.);
#2967 = DIRECTION('',(0.,1.));
#2968 = ( GEOMETRIC_REPRESENTATION_CONTEXT(2) 
PARAMETRIC_REPRESENTATION_CONTEXT() REPRESENTATION_CONTEXT('2D SPACE',''
  ) );
#2969 = ORIENTED_EDGE('',*,*,#2970,.F.);
#2970 = EDGE_CURVE('',#2876,#2949,#2971,.T.);
#2971 = SURFACE_CURVE('',#2972,(#2976,#2982),.PCURVE_S1.);
#2972 = LINE('',#2973,#2974);
#2973 = CARTESIAN_POINT('',(5.E-04,0.,5.65));
#2974 = VECTOR('',#2975,1.);
#2975 = DIRECTION('',(0.,1.,0.));
#2976 = PCURVE('',#2776,#2977);
#2977 = DEFINITIONAL_REPRESENTATION('',(#2978),#2981);
#2978 = B_SPLINE_CURVE_WITH_KNOTS('',1,(#2979,#2980),.UNSPECIFIED.,.F.,
  .F.,(2,2),(-5.E-04,5.E-04),.PIECEWISE_BEZIER_KNOTS.);
#2979 = CARTESIAN_POINT('',(-0.95,1.));
#2980 = CARTESIAN_POINT('',(0.95,1.));
#2981 = ( GEOMETRIC_REPRESENTATION_CONTEXT(2) 
PARAMETRIC_REPRESENTATION_CONTEXT() REPRESENTATION_CONTEXT('2D SPACE',''
  ) );
#2982 = PCURVE('',#2912,#2983);
#2983 = DEFINITIONAL_REPRESENTATION('',(#2984),#2988);
#2984 = LINE('',#2985,#2986);
#2985 = CARTESIAN_POINT('',(1.06066017178E-03,-3.535533905933E-04));
#2986 = VECTOR('',#2987,1.);
#2987 = DIRECTION('',(0.707106781187,0.707106781187));
#2988 = ( GEOMETRIC_REPRESENTATION_CONTEXT(2) 
PARAMETRIC_REPRESENTATION_CONTEXT() REPRESENTATION_CONTEXT('2D SPACE',''
  ) );
#2989 = ORIENTED_EDGE('',*,*,#2875,.F.);
#2990 = ADVANCED_FACE('',(#2991),#2829,.F.);
#2991 = FACE_BOUND('',#2992,.F.);
#2992 = EDGE_LOOP('',(#2993,#2994,#3016,#3036));
#2993 = ORIENTED_EDGE('',*,*,#2815,.F.);
#2994 = ORIENTED_EDGE('',*,*,#2995,.T.);
#2995 = EDGE_CURVE('',#2793,#2996,#2998,.T.);
#2996 = VERTEX_POINT('',#2997);
#2997 = CARTESIAN_POINT('',(-5.E-04,5.E-04,5.65));
#2998 = SURFACE_CURVE('',#2999,(#3002,#3009),.PCURVE_S1.);
#2999 = B_SPLINE_CURVE_WITH_KNOTS('',1,(#3000,#3001),.UNSPECIFIED.,.F.,
  .F.,(2,2),(0.,1.),.PIECEWISE_BEZIER_KNOTS.);
#3000 = CARTESIAN_POINT('',(-0.95,0.95,4.7));
#3001 = CARTESIAN_POINT('',(-5.E-04,5.E-04,5.65));
#3002 = PCURVE('',#2829,#3003);
#3003 = DEFINITIONAL_REPRESENTATION('',(#3004),#3008);
#3004 = LINE('',#3005,#3006);
#3005 = CARTESIAN_POINT('',(0.95,0.));
#3006 = VECTOR('',#3007,1.);
#3007 = DIRECTION('',(0.,1.));
#3008 = ( GEOMETRIC_REPRESENTATION_CONTEXT(2) 
PARAMETRIC_REPRESENTATION_CONTEXT() REPRESENTATION_CONTEXT('2D SPACE',''
  ) );
#3009 = PCURVE('',#2860,#3010);
#3010 = DEFINITIONAL_REPRESENTATION('',(#3011),#3015);
#3011 = LINE('',#3012,#3013);
#3012 = CARTESIAN_POINT('',(-0.95,0.));
#3013 = VECTOR('',#3014,1.);
#3014 = DIRECTION('',(0.,1.));
#3015 = ( GEOMETRIC_REPRESENTATION_CONTEXT(2) 
PARAMETRIC_REPRESENTATION_CONTEXT() REPRESENTATION_CONTEXT('2D SPACE',''
  ) );
#3016 = ORIENTED_EDGE('',*,*,#3017,.T.);
#3017 = EDGE_CURVE('',#2996,#2949,#3018,.T.);
#3018 = SURFACE_CURVE('',#3019,(#3023,#3029),.PCURVE_S1.);
#3019 = LINE('',#3020,#3021);
#3020 = CARTESIAN_POINT('',(0.,5.E-04,5.65));
#3021 = VECTOR('',#3022,1.);
#3022 = DIRECTION('',(1.,0.,0.));
#3023 = PCURVE('',#2829,#3024);
#3024 = DEFINITIONAL_REPRESENTATION('',(#3025),#3028);
#3025 = B_SPLINE_CURVE_WITH_KNOTS('',1,(#3026,#3027),.UNSPECIFIED.,.F.,
  .F.,(2,2),(-5.E-04,5.E-04),.PIECEWISE_BEZIER_KNOTS.);
#3026 = CARTESIAN_POINT('',(0.95,1.));
#3027 = CARTESIAN_POINT('',(-0.95,1.));
#3028 = ( GEOMETRIC_REPRESENTATION_CONTEXT(2) 
PARAMETRIC_REPRESENTATION_CONTEXT() REPRESENTATION_CONTEXT('2D SPACE',''
  ) );
#3029 = PCURVE('',#2912,#3030);
#3030 = DEFINITIONAL_REPRESENTATION('',(#3031),#3035);
#3031 = LINE('',#3032,#3033);
#3032 = CARTESIAN_POINT('',(1.06066017178E-03,3.535533905933E-04));
#3033 = VECTOR('',#3034,1.);
#3034 = DIRECTION('',(0.707106781187,-0.707106781187));
#3035 = ( GEOMETRIC_REPRESENTATION_CONTEXT(2) 
PARAMETRIC_REPRESENTATION_CONTEXT() REPRESENTATION_CONTEXT('2D SPACE',''
  ) );
#3036 = ORIENTED_EDGE('',*,*,#2948,.F.);
#3037 = ADVANCED_FACE('',(#3038),#2860,.F.);
#3038 = FACE_BOUND('',#3039,.F.);
#3039 = EDGE_LOOP('',(#3040,#3041,#3042,#3062));
#3040 = ORIENTED_EDGE('',*,*,#2846,.F.);
#3041 = ORIENTED_EDGE('',*,*,#2924,.T.);
#3042 = ORIENTED_EDGE('',*,*,#3043,.T.);
#3043 = EDGE_CURVE('',#2898,#2996,#3044,.T.);
#3044 = SURFACE_CURVE('',#3045,(#3049,#3055),.PCURVE_S1.);
#3045 = LINE('',#3046,#3047);
#3046 = CARTESIAN_POINT('',(-5.E-04,0.,5.65));
#3047 = VECTOR('',#3048,1.);
#3048 = DIRECTION('',(0.,1.,0.));
#3049 = PCURVE('',#2860,#3050);
#3050 = DEFINITIONAL_REPRESENTATION('',(#3051),#3054);
#3051 = B_SPLINE_CURVE_WITH_KNOTS('',1,(#3052,#3053),.UNSPECIFIED.,.F.,
  .F.,(2,2),(-5.E-04,5.E-04),.PIECEWISE_BEZIER_KNOTS.);
#3052 = CARTESIAN_POINT('',(0.95,1.));
#3053 = CARTESIAN_POINT('',(-0.95,1.));
#3054 = ( GEOMETRIC_REPRESENTATION_CONTEXT(2) 
PARAMETRIC_REPRESENTATION_CONTEXT() REPRESENTATION_CONTEXT('2D SPACE',''
  ) );
#3055 = PCURVE('',#2912,#3056);
#3056 = DEFINITIONAL_REPRESENTATION('',(#3057),#3061);
#3057 = LINE('',#3058,#3059);
#3058 = CARTESIAN_POINT('',(3.535533905933E-04,3.535533905933E-04));
#3059 = VECTOR('',#3060,1.);
#3060 = DIRECTION('',(0.707106781187,0.707106781187));
#3061 = ( GEOMETRIC_REPRESENTATION_CONTEXT(2) 
PARAMETRIC_REPRESENTATION_CONTEXT() REPRESENTATION_CONTEXT('2D SPACE',''
  ) );
#3062 = ORIENTED_EDGE('',*,*,#2995,.F.);
#3063 = ADVANCED_FACE('',(#3064),#2912,.F.);
#3064 = FACE_BOUND('',#3065,.F.);
#3065 = EDGE_LOOP('',(#3066,#3067,#3068,#3069));
#3066 = ORIENTED_EDGE('',*,*,#3043,.F.);
#3067 = ORIENTED_EDGE('',*,*,#2897,.T.);
#3068 = ORIENTED_EDGE('',*,*,#2970,.T.);
#3069 = ORIENTED_EDGE('',*,*,#3017,.F.);
#3070 = ( GEOMETRIC_REPRESENTATION_CONTEXT(3) 
GLOBAL_UNCERTAINTY_ASSIGNED_CONTEXT((#3074)) 
GLOBAL_UNIT_ASSIGNED_CONTEXT((#3071,#3072,#3073)) REPRESENTATION_CONTEXT
('Context #1','3D Context with UNIT and UNCERTAINTY') );
#3071 = ( LENGTH_UNIT() NAMED_UNIT(*) SI_UNIT(.MILLI.,.METRE.) );
#3072 = ( NAMED_UNIT(*) PLANE_ANGLE_UNIT() SI_UNIT($,.RADIAN.) );
#3073 = ( NAMED_UNIT(*) SI_UNIT($,.STERADIAN.) SOLID_ANGLE_UNIT() );
#3074 = UNCERTAINTY_MEASURE_WITH_UNIT(LENGTH_MEASURE(1.E-06),#3071,
  'distance_accuracy_value','confusion accuracy');
#3075 = CONTEXT_DEPENDENT_SHAPE_REPRESENTATION(#3076,#3078);
#3076 = ( REPRESENTATION_RELATIONSHIP('','',#32,#10) 
REPRESENTATION_RELATIONSHIP_WITH_TRANSFORMATION(#3077) 
SHAPE_REPRESENTATION_RELATIONSHIP() );
#3077 = ITEM_DEFINED_TRANSFORMATION('','',#11,#15);
#3078 = PRODUCT_DEFINITION_SHAPE('Placement','Placement of an item',
  #3079);
#3079 = NEXT_ASSEMBLY_USAGE_OCCURRENCE('4','J19-4 depth 1.3','',#5,#27,$
  );
#3080 = PRODUCT_RELATED_PRODUCT_CATEGORY('part',$,(#29));
ENDSEC;
END-ISO-10303-21;
