ISO-10303-21;
HEADER;
FILE_DESCRIPTION(('Open CASCADE Model'),'2;1');
FILE_NAME('J19-1 depth 1.6','2026-09-30T19:08:39',('Author'),(
    'Open CASCADE'),'Open CASCADE STEP processor 8.0','build123d',
  'Unknown');
FILE_SCHEMA(('AUTOMOTIVE_DESIGN { 1 0 10303 214 1 1 1 1 }'));
ENDSEC;
DATA;
#1 = APPLICATION_PROTOCOL_DEFINITION('international standard',
  'automotive_design',2000,#2);
#2 = APPLICATION_CONTEXT(
  'core data for automotive mechanical design processes');
#3 = SHAPE_DEFINITION_REPRESENTATION(#4,#10);
#4 = PRODUCT_DEFINITION_SHAPE('','',#5);
#5 = PRODUCT_DEFINITION('design','',#6,#9);
#6 = PRODUCT_DEFINITION_FORMATION('','',#7);
#7 = PRODUCT('J19-1 depth 1.6','J19-1 depth 1.6','',(#8));
#8 = PRODUCT_CONTEXT('',#2,'mechanical');
#9 = PRODUCT_DEFINITION_CONTEXT('part definition',#2,'design');
#10 = SHAPE_REPRESENTATION('',(#11,#15),#19);
#11 = AXIS2_PLACEMENT_3D('',#12,#13,#14);
#12 = CARTESIAN_POINT('',(0.,0.,0.));
#13 = DIRECTION('',(0.,0.,1.));
#14 = DIRECTION('',(1.,0.,-0.));
#15 = AXIS2_PLACEMENT_3D('',#16,#17,#18);
#16 = CARTESIAN_POINT('',(0.,0.,-3.4));
#17 = DIRECTION('',(0.,0.,1.));
#18 = DIRECTION('',(1.,0.,-0.));
#19 = ( GEOMETRIC_REPRESENTATION_CONTEXT(3) 
GLOBAL_UNCERTAINTY_ASSIGNED_CONTEXT((#23)) GLOBAL_UNIT_ASSIGNED_CONTEXT(
(#20,#21,#22)) REPRESENTATION_CONTEXT('Context #1',
  '3D Context with UNIT and UNCERTAINTY') );
#20 = ( LENGTH_UNIT() NAMED_UNIT(*) SI_UNIT(.MILLI.,.METRE.) );
#21 = ( NAMED_UNIT(*) PLANE_ANGLE_UNIT() SI_UNIT($,.RADIAN.) );
#22 = ( NAMED_UNIT(*) SI_UNIT($,.STERADIAN.) SOLID_ANGLE_UNIT() );
#23 = UNCERTAINTY_MEASURE_WITH_UNIT(LENGTH_MEASURE(1.E-06),#20,
  'distance_accuracy_value','confusion accuracy');
#24 = PRODUCT_RELATED_PRODUCT_CATEGORY('part',$,(#7));
#25 = SHAPE_DEFINITION_REPRESENTATION(#26,#32);
#26 = PRODUCT_DEFINITION_SHAPE('','',#27);
#27 = PRODUCT_DEFINITION('design','',#28,#31);
#28 = PRODUCT_DEFINITION_FORMATION('','',#29);
#29 = PRODUCT('J19-1 depth 1.6','J19-1 depth 1.6','',(#30));
#30 = PRODUCT_CONTEXT('',#2,'mechanical');
#31 = PRODUCT_DEFINITION_CONTEXT('part definition',#2,'design');
#32 = ADVANCED_BREP_SHAPE_REPRESENTATION('',(#11,#33),#2800);
#33 = MANIFOLD_SOLID_BREP('',#34);
#34 = CLOSED_SHELL('',(#35,#195,#271,#326,#361,#396,#451,#506,#510,#964,
    #1037,#1084,#1136,#1183,#1231,#1278,#1330,#1377,#1425,#1472,#1524,
    #1571,#1619,#1666,#1718,#1745,#1870,#1946,#1995,#2044,#2071,#2180,
    #2253,#2305,#2357,#2388,#2463,#2516,#2569,#2600,#2673,#2720,#2767,
    #2793));
#35 = ADVANCED_FACE('',(#36),#51,.T.);
#36 = FACE_BOUND('',#37,.T.);
#37 = EDGE_LOOP('',(#38,#69,#96,#97));
#38 = ORIENTED_EDGE('',*,*,#39,.F.);
#39 = EDGE_CURVE('',#40,#42,#44,.T.);
#40 = VERTEX_POINT('',#41);
#41 = CARTESIAN_POINT('',(2.5,-6.123233995736E-16,5.772363660603));
#42 = VERTEX_POINT('',#43);
#43 = CARTESIAN_POINT('',(3.24589340552,0.,6.724));
#44 = SEAM_CURVE('',#45,(#50,#62),.PCURVE_S1.);
#45 = CIRCLE('',#46,3.7);
#46 = AXIS2_PLACEMENT_3D('',#47,#48,#49);
#47 = CARTESIAN_POINT('',(0.,0.,8.5));
#48 = DIRECTION('',(-2.449293598295E-16,-1.,0.));
#49 = DIRECTION('',(1.,-2.449293598295E-16,0.));
#50 = PCURVE('',#51,#56);
#51 = SPHERICAL_SURFACE('',#52,3.7);
#52 = AXIS2_PLACEMENT_3D('',#53,#54,#55);
#53 = CARTESIAN_POINT('',(0.,0.,8.5));
#54 = DIRECTION('',(0.,0.,1.));
#55 = DIRECTION('',(1.,0.,-0.));
#56 = DEFINITIONAL_REPRESENTATION('',(#57),#61);
#57 = LINE('',#58,#59);
#58 = CARTESIAN_POINT('',(0.,-6.28318530718));
#59 = VECTOR('',#60,1.);
#60 = DIRECTION('',(0.,1.));
#61 = ( GEOMETRIC_REPRESENTATION_CONTEXT(2) 
PARAMETRIC_REPRESENTATION_CONTEXT() REPRESENTATION_CONTEXT('2D SPACE',''
  ) );
#62 = PCURVE('',#51,#63);
#63 = DEFINITIONAL_REPRESENTATION('',(#64),#68);
#64 = LINE('',#65,#66);
#65 = CARTESIAN_POINT('',(6.28318530718,-6.28318530718));
#66 = VECTOR('',#67,1.);
#67 = DIRECTION('',(0.,1.));
#68 = ( GEOMETRIC_REPRESENTATION_CONTEXT(2) 
PARAMETRIC_REPRESENTATION_CONTEXT() REPRESENTATION_CONTEXT('2D SPACE',''
  ) );
#69 = ORIENTED_EDGE('',*,*,#70,.T.);
#70 = EDGE_CURVE('',#40,#40,#71,.T.);
#71 = SURFACE_CURVE('',#72,(#77,#84),.PCURVE_S1.);
#72 = CIRCLE('',#73,2.5);
#73 = AXIS2_PLACEMENT_3D('',#74,#75,#76);
#74 = CARTESIAN_POINT('',(0.,0.,5.772363660603));
#75 = DIRECTION('',(0.,0.,1.));
#76 = DIRECTION('',(0.,-1.,0.));
#77 = PCURVE('',#51,#78);
#78 = DEFINITIONAL_REPRESENTATION('',(#79),#83);
#79 = LINE('',#80,#81);
#80 = CARTESIAN_POINT('',(-1.570796326795,-0.828915464645));
#81 = VECTOR('',#82,1.);
#82 = DIRECTION('',(1.,0.));
#83 = ( GEOMETRIC_REPRESENTATION_CONTEXT(2) 
PARAMETRIC_REPRESENTATION_CONTEXT() REPRESENTATION_CONTEXT('2D SPACE',''
  ) );
#84 = PCURVE('',#85,#90);
#85 = CYLINDRICAL_SURFACE('',#86,2.5);
#86 = AXIS2_PLACEMENT_3D('',#87,#88,#89);
#87 = CARTESIAN_POINT('',(0.,0.,3.4));
#88 = DIRECTION('',(0.,0.,1.));
#89 = DIRECTION('',(1.,0.,-0.));
#90 = DEFINITIONAL_REPRESENTATION('',(#91),#95);
#91 = LINE('',#92,#93);
#92 = CARTESIAN_POINT('',(-1.570796326795,2.372363660603));
#93 = VECTOR('',#94,1.);
#94 = DIRECTION('',(1.,0.));
#95 = ( GEOMETRIC_REPRESENTATION_CONTEXT(2) 
PARAMETRIC_REPRESENTATION_CONTEXT() REPRESENTATION_CONTEXT('2D SPACE',''
  ) );
#96 = ORIENTED_EDGE('',*,*,#39,.T.);
#97 = ORIENTED_EDGE('',*,*,#98,.F.);
#98 = EDGE_CURVE('',#42,#42,#99,.T.);
#99 = SURFACE_CURVE('',#100,(#116,#142),.PCURVE_S1.);
#100 = ( BOUNDED_CURVE() B_SPLINE_CURVE(14,(#101,#102,#103,#104,#105,
    #106,#107,#108,#109,#110,#111,#112,#113,#114,#115),.UNSPECIFIED.,.T.
,.F.) B_SPLINE_CURVE_WITH_KNOTS((15,15),(5.925189522322E-16,
23.247785636564),.PIECEWISE_BEZIER_KNOTS.) CURVE() 
GEOMETRIC_REPRESENTATION_ITEM() RATIONAL_B_SPLINE_CURVE((1.,
    1.000000000001,0.999999999995,1.000000000013,0.999999999975,
    1.00000000004,0.999999999949,1.000000000053,0.999999999955,
    1.000000000032,0.999999999982,1.000000000008,0.999999999997,
1.000000000001,1.)) REPRESENTATION_ITEM('') );
#101 = CARTESIAN_POINT('',(3.24589340552,0.,6.724));
#102 = CARTESIAN_POINT('',(3.245893405515,1.435680588818,6.724));
#103 = CARTESIAN_POINT('',(2.562152607064,2.901922294218,6.724));
#104 = CARTESIAN_POINT('',(1.146455210596,4.016559651815,6.724000000001)
  );
#105 = CARTESIAN_POINT('',(-0.784454179958,4.382999407625,6.723999999997
    ));
#106 = CARTESIAN_POINT('',(-2.784654217689,3.657662866028,6.724000000006
    ));
#107 = CARTESIAN_POINT('',(-4.126462855122,2.221545264241,6.723999999992
    ));
#108 = CARTESIAN_POINT('',(-4.975303988026,9.115938169255E-11,
    6.724000000009));
#109 = CARTESIAN_POINT('',(-4.126462855107,-2.221545264394,
    6.723999999992));
#110 = CARTESIAN_POINT('',(-2.7846542177,-3.657662865933,6.724000000005)
  );
#111 = CARTESIAN_POINT('',(-0.784454179962,-4.38299940767,6.723999999997
    ));
#112 = CARTESIAN_POINT('',(1.146455210606,-4.016559651795,6.724000000001
    ));
#113 = CARTESIAN_POINT('',(2.562152607058,-2.901922294226,6.724));
#114 = CARTESIAN_POINT('',(3.245893405517,-1.435680588816,6.724));
#115 = CARTESIAN_POINT('',(3.24589340552,-7.950145938888E-16,6.724));
#116 = PCURVE('',#51,#117);
#117 = DEFINITIONAL_REPRESENTATION('',(#118),#141);
#118 = B_SPLINE_CURVE_WITH_KNOTS('',11,(#119,#120,#121,#122,#123,#124,
    #125,#126,#127,#128,#129,#130,#131,#132,#133,#134,#135,#136,#137,
    #138,#139,#140),.UNSPECIFIED.,.F.,.F.,(12,10,12),(5.925189522322E-16
    ,11.623892818282,23.247785636564),.UNSPECIFIED.);
#119 = CARTESIAN_POINT('',(4.440892098501E-16,-0.500654712405));
#120 = CARTESIAN_POINT('',(0.281467936872,-0.500654712405));
#121 = CARTESIAN_POINT('',(0.566816841609,-0.500654712404));
#122 = CARTESIAN_POINT('',(0.853673781956,-0.500654712406));
#123 = CARTESIAN_POINT('',(1.141319246343,-0.500654712404));
#124 = CARTESIAN_POINT('',(1.427166164585,-0.500654712406));
#125 = CARTESIAN_POINT('',(1.713858539961,-0.500654712404));
#126 = CARTESIAN_POINT('',(1.999006343899,-0.500654712405));
#127 = CARTESIAN_POINT('',(2.284853282878,-0.500654712404));
#128 = CARTESIAN_POINT('',(2.570387589717,-0.500654712405));
#129 = CARTESIAN_POINT('',(2.855994788084,-0.500654712405));
#130 = CARTESIAN_POINT('',(3.427190519095,-0.500654712405));
#131 = CARTESIAN_POINT('',(3.712797717463,-0.500654712405));
#132 = CARTESIAN_POINT('',(3.998332024303,-0.500654712404));
#133 = CARTESIAN_POINT('',(4.284178963273,-0.500654712405));
#134 = CARTESIAN_POINT('',(4.569326767237,-0.500654712404));
#135 = CARTESIAN_POINT('',(4.856019142567,-0.500654712406));
#136 = CARTESIAN_POINT('',(5.141866060867,-0.500654712403));
#137 = CARTESIAN_POINT('',(5.429511525202,-0.500654712405));
#138 = CARTESIAN_POINT('',(5.716368465581,-0.500654712404));
#139 = CARTESIAN_POINT('',(6.001717370308,-0.500654712405));
#140 = CARTESIAN_POINT('',(6.28318530718,-0.500654712405));
#141 = ( GEOMETRIC_REPRESENTATION_CONTEXT(2) 
PARAMETRIC_REPRESENTATION_CONTEXT() REPRESENTATION_CONTEXT('2D SPACE',''
  ) );
#142 = PCURVE('',#143,#189);
#143 = ( BOUNDED_SURFACE() B_SPLINE_SURFACE(2,14,(
    (#144,#145,#146,#147,#148,#149,#150,#151,#152,#153,#154,#155,#156
      ,#157,#158)
    ,(#159,#160,#161,#162,#163,#164,#165,#166,#167,#168,#169,#170,#171
      ,#172,#173)
    ,(#174,#175,#176,#177,#178,#179,#180,#181,#182,#183,#184,#185,#186
      ,#187,#188
)),.UNSPECIFIED.,.F.,.T.,.F.) B_SPLINE_SURFACE_WITH_KNOTS((3,3),(15,15),
  (0.,23.247785636564),(5.925189522322E-16,23.247785636564),
.PIECEWISE_BEZIER_KNOTS.) GEOMETRIC_REPRESENTATION_ITEM() 
RATIONAL_B_SPLINE_SURFACE((
    (1.,1.000000000001,0.999999999995,1.000000000013,0.999999999975
      ,1.00000000004,0.999999999949,1.000000000053,0.999999999955
      ,1.000000000032,0.999999999982,1.000000000008,0.999999999997
      ,1.000000000001,1.)
    ,(0.509901951359,0.50990195136,0.509901951358,0.509901951364
      ,0.50990195135,0.509901951374,0.509901951341,0.509901951378
      ,0.509901951344,0.50990195137,0.509901951354,0.509901951362
      ,0.509901951358,0.509901951359,0.509901951359)
    ,(1.,1.000000000001,0.999999999995,1.000000000013,0.999999999975
      ,1.00000000004,0.999999999949,1.000000000053,0.999999999955
      ,1.000000000032,0.999999999982,1.000000000008,0.999999999997
,1.000000000001,1.))) REPRESENTATION_ITEM('') SURFACE() );
#144 = CARTESIAN_POINT('',(3.24589340552,0.,6.724));
#145 = CARTESIAN_POINT('',(3.245893405515,1.435680588818,6.724));
#146 = CARTESIAN_POINT('',(2.562152607064,2.901922294218,6.724));
#147 = CARTESIAN_POINT('',(1.146455210596,4.016559651815,6.724000000001)
  );
#148 = CARTESIAN_POINT('',(-0.784454179958,4.382999407625,6.723999999997
    ));
#149 = CARTESIAN_POINT('',(-2.784654217689,3.657662866028,6.724000000006
    ));
#150 = CARTESIAN_POINT('',(-4.126462855122,2.221545264241,6.723999999992
    ));
#151 = CARTESIAN_POINT('',(-4.975303988026,9.115938169255E-11,
    6.724000000009));
#152 = CARTESIAN_POINT('',(-4.126462855107,-2.221545264394,
    6.723999999992));
#153 = CARTESIAN_POINT('',(-2.7846542177,-3.657662865933,6.724000000005)
  );
#154 = CARTESIAN_POINT('',(-0.784454179962,-4.38299940767,6.723999999997
    ));
#155 = CARTESIAN_POINT('',(1.146455210606,-4.016559651795,6.724000000001
    ));
#156 = CARTESIAN_POINT('',(2.562152607058,-2.901922294226,6.724));
#157 = CARTESIAN_POINT('',(3.245893405517,-1.435680588816,6.724));
#158 = CARTESIAN_POINT('',(3.24589340552,-7.950145938888E-16,6.724));
#159 = CARTESIAN_POINT('',(4.217636961435,-4.540638698369E-16,8.5));
#160 = CARTESIAN_POINT('',(4.21763696143,1.865489330585,8.5));
#161 = CARTESIAN_POINT('',(3.329200372997,3.770689051737,8.5));
#162 = CARTESIAN_POINT('',(1.489676728962,5.219022416609,8.5));
#163 = CARTESIAN_POINT('',(-1.019301169404,5.695165550428,8.5));
#164 = CARTESIAN_POINT('',(-3.61831369242,4.752680439247,8.499999999998)
  );
#165 = CARTESIAN_POINT('',(-5.361828034181,2.886623264347,8.500000000005
    ));
#166 = CARTESIAN_POINT('',(-6.464792084276,6.779420991601E-11,
    8.499999999995));
#167 = CARTESIAN_POINT('',(-5.361828034159,-2.886623264452,
    8.500000000003));
#168 = CARTESIAN_POINT('',(-3.618313692435,-4.752680439197,
    8.499999999999));
#169 = CARTESIAN_POINT('',(-1.019301169411,-5.69516555044,8.499999999999
    ));
#170 = CARTESIAN_POINT('',(1.489676728977,-5.219022416605,8.500000000001
    ));
#171 = CARTESIAN_POINT('',(3.329200372987,-3.77068905174,8.5));
#172 = CARTESIAN_POINT('',(4.217636961432,-1.865489330583,8.5));
#173 = CARTESIAN_POINT('',(4.217636961435,-5.807420516701E-15,8.5));
#174 = CARTESIAN_POINT('',(2.193171219946,0.,8.5));
#175 = CARTESIAN_POINT('',(2.193171219942,0.970054451904,8.5));
#176 = CARTESIAN_POINT('',(1.731184193962,1.960758306903,8.500000000001)
  );
#177 = CARTESIAN_POINT('',(0.774631899052,2.713891656634,8.499999999998)
  );
#178 = CARTESIAN_POINT('',(-0.530036608083,2.96148608623,8.500000000004)
  );
#179 = CARTESIAN_POINT('',(-1.881523120056,2.471393828403,8.499999999993
    ));
#180 = CARTESIAN_POINT('',(-2.788150577791,1.501044097453,8.500000000009
    ));
#181 = CARTESIAN_POINT('',(-3.361691883795,6.911329277978E-11,
    8.49999999999));
#182 = CARTESIAN_POINT('',(-2.788150577782,-1.50104409757,8.500000000009
    ));
#183 = CARTESIAN_POINT('',(-1.881523120062,-2.471393828329,
    8.499999999994));
#184 = CARTESIAN_POINT('',(-0.530036608087,-2.961486086266,
    8.500000000004));
#185 = CARTESIAN_POINT('',(0.77463189906,-2.713891656618,8.499999999998)
  );
#186 = CARTESIAN_POINT('',(1.731184193957,-1.96075830691,8.500000000001)
  );
#187 = CARTESIAN_POINT('',(2.193171219944,-0.970054451903,8.5));
#188 = CARTESIAN_POINT('',(2.193171219946,0.,8.5));
#189 = DEFINITIONAL_REPRESENTATION('',(#190),#194);
#190 = LINE('',#191,#192);
#191 = CARTESIAN_POINT('',(0.,0.));
#192 = VECTOR('',#193,1.);
#193 = DIRECTION('',(0.,1.));
#194 = ( GEOMETRIC_REPRESENTATION_CONTEXT(2) 
PARAMETRIC_REPRESENTATION_CONTEXT() REPRESENTATION_CONTEXT('2D SPACE',''
  ) );
#195 = ADVANCED_FACE('',(#196),#143,.F.);
#196 = FACE_BOUND('',#197,.F.);
#197 = EDGE_LOOP('',(#198,#219,#269,#270));
#198 = ORIENTED_EDGE('',*,*,#199,.T.);
#199 = EDGE_CURVE('',#42,#200,#202,.T.);
#200 = VERTEX_POINT('',#201);
#201 = CARTESIAN_POINT('',(2.193171219946,0.,8.5));
#202 = SEAM_CURVE('',#203,(#207,#213),.PCURVE_S1.);
#203 = ( BOUNDED_CURVE() B_SPLINE_CURVE(2,(#204,#205,#206),
.UNSPECIFIED.,.F.,.F.) B_SPLINE_CURVE_WITH_KNOTS((3,3),(0.,
23.247785636564),.PIECEWISE_BEZIER_KNOTS.) CURVE() 
GEOMETRIC_REPRESENTATION_ITEM() RATIONAL_B_SPLINE_CURVE((1.,
0.509901951359,1.)) REPRESENTATION_ITEM('') );
#204 = CARTESIAN_POINT('',(3.24589340552,0.,6.724));
#205 = CARTESIAN_POINT('',(4.217636961435,-4.540638698369E-16,8.5));
#206 = CARTESIAN_POINT('',(2.193171219946,0.,8.5));
#207 = PCURVE('',#143,#208);
#208 = DEFINITIONAL_REPRESENTATION('',(#209),#212);
#209 = B_SPLINE_CURVE_WITH_KNOTS('',1,(#210,#211),.UNSPECIFIED.,.F.,.F.,
  (2,2),(0.,23.247785636564),.PIECEWISE_BEZIER_KNOTS.);
#210 = CARTESIAN_POINT('',(0.,5.925189522322E-16));
#211 = CARTESIAN_POINT('',(23.247785636564,5.925189522322E-16));
#212 = ( GEOMETRIC_REPRESENTATION_CONTEXT(2) 
PARAMETRIC_REPRESENTATION_CONTEXT() REPRESENTATION_CONTEXT('2D SPACE',''
  ) );
#213 = PCURVE('',#143,#214);
#214 = DEFINITIONAL_REPRESENTATION('',(#215),#218);
#215 = B_SPLINE_CURVE_WITH_KNOTS('',1,(#216,#217),.UNSPECIFIED.,.F.,.F.,
  (2,2),(0.,23.247785636564),.PIECEWISE_BEZIER_KNOTS.);
#216 = CARTESIAN_POINT('',(0.,23.247785636564));
#217 = CARTESIAN_POINT('',(23.247785636564,23.247785636564));
#218 = ( GEOMETRIC_REPRESENTATION_CONTEXT(2) 
PARAMETRIC_REPRESENTATION_CONTEXT() REPRESENTATION_CONTEXT('2D SPACE',''
  ) );
#219 = ORIENTED_EDGE('',*,*,#220,.T.);
#220 = EDGE_CURVE('',#200,#200,#221,.T.);
#221 = SURFACE_CURVE('',#222,(#238,#245),.PCURVE_S1.);
#222 = ( BOUNDED_CURVE() B_SPLINE_CURVE(14,(#223,#224,#225,#226,#227,
    #228,#229,#230,#231,#232,#233,#234,#235,#236,#237),.UNSPECIFIED.,.T.
,.F.) B_SPLINE_CURVE_WITH_KNOTS((15,15),(5.925189522322E-16,
23.247785636564),.PIECEWISE_BEZIER_KNOTS.) CURVE() 
GEOMETRIC_REPRESENTATION_ITEM() RATIONAL_B_SPLINE_CURVE((1.,
    1.000000000001,0.999999999995,1.000000000013,0.999999999975,
    1.00000000004,0.999999999949,1.000000000053,0.999999999955,
    1.000000000032,0.999999999982,1.000000000008,0.999999999997,
1.000000000001,1.)) REPRESENTATION_ITEM('') );
#223 = CARTESIAN_POINT('',(2.193171219946,0.,8.5));
#224 = CARTESIAN_POINT('',(2.193171219942,0.970054451904,8.5));
#225 = CARTESIAN_POINT('',(1.731184193962,1.960758306903,8.500000000001)
  );
#226 = CARTESIAN_POINT('',(0.774631899052,2.713891656634,8.499999999998)
  );
#227 = CARTESIAN_POINT('',(-0.530036608083,2.96148608623,8.500000000004)
  );
#228 = CARTESIAN_POINT('',(-1.881523120056,2.471393828403,8.499999999993
    ));
#229 = CARTESIAN_POINT('',(-2.788150577791,1.501044097453,8.500000000009
    ));
#230 = CARTESIAN_POINT('',(-3.361691883795,6.911329277978E-11,
    8.49999999999));
#231 = CARTESIAN_POINT('',(-2.788150577782,-1.50104409757,8.500000000009
    ));
#232 = CARTESIAN_POINT('',(-1.881523120062,-2.471393828329,
    8.499999999994));
#233 = CARTESIAN_POINT('',(-0.530036608087,-2.961486086266,
    8.500000000004));
#234 = CARTESIAN_POINT('',(0.77463189906,-2.713891656618,8.499999999998)
  );
#235 = CARTESIAN_POINT('',(1.731184193957,-1.96075830691,8.500000000001)
  );
#236 = CARTESIAN_POINT('',(2.193171219944,-0.970054451903,8.5));
#237 = CARTESIAN_POINT('',(2.193171219946,0.,8.5));
#238 = PCURVE('',#143,#239);
#239 = DEFINITIONAL_REPRESENTATION('',(#240),#244);
#240 = LINE('',#241,#242);
#241 = CARTESIAN_POINT('',(23.247785636564,0.));
#242 = VECTOR('',#243,1.);
#243 = DIRECTION('',(0.,1.));
#244 = ( GEOMETRIC_REPRESENTATION_CONTEXT(2) 
PARAMETRIC_REPRESENTATION_CONTEXT() REPRESENTATION_CONTEXT('2D SPACE',''
  ) );
#245 = PCURVE('',#246,#251);
#246 = PLANE('',#247);
#247 = AXIS2_PLACEMENT_3D('',#248,#249,#250);
#248 = CARTESIAN_POINT('',(-7.4,-7.4,8.5));
#249 = DIRECTION('',(0.,0.,1.));
#250 = DIRECTION('',(1.,0.,-0.));
#251 = DEFINITIONAL_REPRESENTATION('',(#252),#268);
#252 = B_SPLINE_CURVE_WITH_KNOTS('',14,(#253,#254,#255,#256,#257,#258,
    #259,#260,#261,#262,#263,#264,#265,#266,#267),.UNSPECIFIED.,.T.,.F.,
  (15,15),(5.925189522322E-16,23.247785636564),
  .PIECEWISE_BEZIER_KNOTS.);
#253 = CARTESIAN_POINT('',(9.593171219946,7.4));
#254 = CARTESIAN_POINT('',(9.593171219952,8.370054451911));
#255 = CARTESIAN_POINT('',(9.131184193921,9.360758306869));
#256 = CARTESIAN_POINT('',(8.174631899155,10.113891656737));
#257 = CARTESIAN_POINT('',(6.869963391743,10.361486086015));
#258 = CARTESIAN_POINT('',(5.518476880167,9.87139382872));
#259 = CARTESIAN_POINT('',(4.61184942197,8.901044097102));
#260 = CARTESIAN_POINT('',(4.038308116426,7.40000000035));
#261 = CARTESIAN_POINT('',(4.611849422001,5.898955902262));
#262 = CARTESIAN_POINT('',(5.518476880121,4.928606171756));
#263 = CARTESIAN_POINT('',(6.869963391782,4.438513913696));
#264 = CARTESIAN_POINT('',(8.174631899131,4.686108343401));
#265 = CARTESIAN_POINT('',(9.13118419393,5.439241693082));
#266 = CARTESIAN_POINT('',(9.59317121995,6.4299455481));
#267 = CARTESIAN_POINT('',(9.593171219946,7.4));
#268 = ( GEOMETRIC_REPRESENTATION_CONTEXT(2) 
PARAMETRIC_REPRESENTATION_CONTEXT() REPRESENTATION_CONTEXT('2D SPACE',''
  ) );
#269 = ORIENTED_EDGE('',*,*,#199,.F.);
#270 = ORIENTED_EDGE('',*,*,#98,.F.);
#271 = ADVANCED_FACE('',(#272),#85,.T.);
#272 = FACE_BOUND('',#273,.T.);
#273 = EDGE_LOOP('',(#274,#297,#298,#299));
#274 = ORIENTED_EDGE('',*,*,#275,.F.);
#275 = EDGE_CURVE('',#40,#276,#278,.T.);
#276 = VERTEX_POINT('',#277);
#277 = CARTESIAN_POINT('',(2.5,-6.123233995737E-16,3.8));
#278 = SEAM_CURVE('',#279,(#283,#290),.PCURVE_S1.);
#279 = LINE('',#280,#281);
#280 = CARTESIAN_POINT('',(2.5,-6.123233995736E-16,5.772363660603));
#281 = VECTOR('',#282,1.);
#282 = DIRECTION('',(5.606380580896E-14,-1.37485262777E-29,-1.));
#283 = PCURVE('',#85,#284);
#284 = DEFINITIONAL_REPRESENTATION('',(#285),#289);
#285 = LINE('',#286,#287);
#286 = CARTESIAN_POINT('',(6.28318530718,2.372363660603));
#287 = VECTOR('',#288,1.);
#288 = DIRECTION('',(-0.,-1.));
#289 = ( GEOMETRIC_REPRESENTATION_CONTEXT(2) 
PARAMETRIC_REPRESENTATION_CONTEXT() REPRESENTATION_CONTEXT('2D SPACE',''
  ) );
#290 = PCURVE('',#85,#291);
#291 = DEFINITIONAL_REPRESENTATION('',(#292),#296);
#292 = LINE('',#293,#294);
#293 = CARTESIAN_POINT('',(0.,2.372363660603));
#294 = VECTOR('',#295,1.);
#295 = DIRECTION('',(-0.,-1.));
#296 = ( GEOMETRIC_REPRESENTATION_CONTEXT(2) 
PARAMETRIC_REPRESENTATION_CONTEXT() REPRESENTATION_CONTEXT('2D SPACE',''
  ) );
#297 = ORIENTED_EDGE('',*,*,#70,.F.);
#298 = ORIENTED_EDGE('',*,*,#275,.T.);
#299 = ORIENTED_EDGE('',*,*,#300,.T.);
#300 = EDGE_CURVE('',#276,#276,#301,.T.);
#301 = SURFACE_CURVE('',#302,(#307,#314),.PCURVE_S1.);
#302 = CIRCLE('',#303,2.5);
#303 = AXIS2_PLACEMENT_3D('',#304,#305,#306);
#304 = CARTESIAN_POINT('',(0.,0.,3.8));
#305 = DIRECTION('',(0.,0.,1.));
#306 = DIRECTION('',(1.,0.,-0.));
#307 = PCURVE('',#85,#308);
#308 = DEFINITIONAL_REPRESENTATION('',(#309),#313);
#309 = LINE('',#310,#311);
#310 = CARTESIAN_POINT('',(0.,0.4));
#311 = VECTOR('',#312,1.);
#312 = DIRECTION('',(1.,0.));
#313 = ( GEOMETRIC_REPRESENTATION_CONTEXT(2) 
PARAMETRIC_REPRESENTATION_CONTEXT() REPRESENTATION_CONTEXT('2D SPACE',''
  ) );
#314 = PCURVE('',#315,#320);
#315 = PLANE('',#316);
#316 = AXIS2_PLACEMENT_3D('',#317,#318,#319);
#317 = CARTESIAN_POINT('',(0.,0.,3.8));
#318 = DIRECTION('',(0.,0.,1.));
#319 = DIRECTION('',(1.,0.,-0.));
#320 = DEFINITIONAL_REPRESENTATION('',(#321),#325);
#321 = CIRCLE('',#322,2.5);
#322 = AXIS2_PLACEMENT_2D('',#323,#324);
#323 = CARTESIAN_POINT('',(0.,0.));
#324 = DIRECTION('',(1.,0.));
#325 = ( GEOMETRIC_REPRESENTATION_CONTEXT(2) 
PARAMETRIC_REPRESENTATION_CONTEXT() REPRESENTATION_CONTEXT('2D SPACE',''
  ) );
#326 = ADVANCED_FACE('',(#327,#330),#246,.T.);
#327 = FACE_BOUND('',#328,.T.);
#328 = EDGE_LOOP('',(#329));
#329 = ORIENTED_EDGE('',*,*,#220,.T.);
#330 = FACE_BOUND('',#331,.T.);
#331 = EDGE_LOOP('',(#332));
#332 = ORIENTED_EDGE('',*,*,#333,.F.);
#333 = EDGE_CURVE('',#334,#334,#336,.T.);
#334 = VERTEX_POINT('',#335);
#335 = CARTESIAN_POINT('',(0.45,-1.102182119233E-16,8.5));
#336 = SURFACE_CURVE('',#337,(#342,#349),.PCURVE_S1.);
#337 = CIRCLE('',#338,0.45);
#338 = AXIS2_PLACEMENT_3D('',#339,#340,#341);
#339 = CARTESIAN_POINT('',(0.,0.,8.5));
#340 = DIRECTION('',(0.,0.,1.));
#341 = DIRECTION('',(1.,0.,-0.));
#342 = PCURVE('',#246,#343);
#343 = DEFINITIONAL_REPRESENTATION('',(#344),#348);
#344 = CIRCLE('',#345,0.45);
#345 = AXIS2_PLACEMENT_2D('',#346,#347);
#346 = CARTESIAN_POINT('',(7.4,7.4));
#347 = DIRECTION('',(1.,0.));
#348 = ( GEOMETRIC_REPRESENTATION_CONTEXT(2) 
PARAMETRIC_REPRESENTATION_CONTEXT() REPRESENTATION_CONTEXT('2D SPACE',''
  ) );
#349 = PCURVE('',#350,#355);
#350 = CYLINDRICAL_SURFACE('',#351,0.45);
#351 = AXIS2_PLACEMENT_3D('',#352,#353,#354);
#352 = CARTESIAN_POINT('',(0.,0.,8.));
#353 = DIRECTION('',(0.,0.,1.));
#354 = DIRECTION('',(1.,0.,-0.));
#355 = DEFINITIONAL_REPRESENTATION('',(#356),#360);
#356 = LINE('',#357,#358);
#357 = CARTESIAN_POINT('',(0.,0.5));
#358 = VECTOR('',#359,1.);
#359 = DIRECTION('',(1.,0.));
#360 = ( GEOMETRIC_REPRESENTATION_CONTEXT(2) 
PARAMETRIC_REPRESENTATION_CONTEXT() REPRESENTATION_CONTEXT('2D SPACE',''
  ) );
#361 = ADVANCED_FACE('',(#362,#393),#315,.T.);
#362 = FACE_BOUND('',#363,.T.);
#363 = EDGE_LOOP('',(#364));
#364 = ORIENTED_EDGE('',*,*,#365,.T.);
#365 = EDGE_CURVE('',#366,#366,#368,.T.);
#366 = VERTEX_POINT('',#367);
#367 = CARTESIAN_POINT('',(3.4,-8.327598234202E-16,3.8));
#368 = SURFACE_CURVE('',#369,(#374,#381),.PCURVE_S1.);
#369 = CIRCLE('',#370,3.4);
#370 = AXIS2_PLACEMENT_3D('',#371,#372,#373);
#371 = CARTESIAN_POINT('',(0.,0.,3.8));
#372 = DIRECTION('',(0.,0.,1.));
#373 = DIRECTION('',(1.,0.,-0.));
#374 = PCURVE('',#315,#375);
#375 = DEFINITIONAL_REPRESENTATION('',(#376),#380);
#376 = CIRCLE('',#377,3.4);
#377 = AXIS2_PLACEMENT_2D('',#378,#379);
#378 = CARTESIAN_POINT('',(0.,0.));
#379 = DIRECTION('',(1.,0.));
#380 = ( GEOMETRIC_REPRESENTATION_CONTEXT(2) 
PARAMETRIC_REPRESENTATION_CONTEXT() REPRESENTATION_CONTEXT('2D SPACE',''
  ) );
#381 = PCURVE('',#382,#387);
#382 = CONICAL_SURFACE('',#383,4.,1.310193935048);
#383 = AXIS2_PLACEMENT_3D('',#384,#385,#386);
#384 = CARTESIAN_POINT('',(0.,0.,3.64));
#385 = DIRECTION('',(-0.,-0.,-1.));
#386 = DIRECTION('',(1.,0.,-0.));
#387 = DEFINITIONAL_REPRESENTATION('',(#388),#392);
#388 = LINE('',#389,#390);
#389 = CARTESIAN_POINT('',(-0.,-0.16));
#390 = VECTOR('',#391,1.);
#391 = DIRECTION('',(-1.,-0.));
#392 = ( GEOMETRIC_REPRESENTATION_CONTEXT(2) 
PARAMETRIC_REPRESENTATION_CONTEXT() REPRESENTATION_CONTEXT('2D SPACE',''
  ) );
#393 = FACE_BOUND('',#394,.T.);
#394 = EDGE_LOOP('',(#395));
#395 = ORIENTED_EDGE('',*,*,#300,.F.);
#396 = ADVANCED_FACE('',(#397),#350,.F.);
#397 = FACE_BOUND('',#398,.F.);
#398 = EDGE_LOOP('',(#399,#400,#423,#450));
#399 = ORIENTED_EDGE('',*,*,#333,.F.);
#400 = ORIENTED_EDGE('',*,*,#401,.F.);
#401 = EDGE_CURVE('',#402,#334,#404,.T.);
#402 = VERTEX_POINT('',#403);
#403 = CARTESIAN_POINT('',(0.45,-1.102182119233E-16,8.));
#404 = SEAM_CURVE('',#405,(#409,#416),.PCURVE_S1.);
#405 = LINE('',#406,#407);
#406 = CARTESIAN_POINT('',(0.45,-1.102182119233E-16,8.));
#407 = VECTOR('',#408,1.);
#408 = DIRECTION('',(0.,0.,1.));
#409 = PCURVE('',#350,#410);
#410 = DEFINITIONAL_REPRESENTATION('',(#411),#415);
#411 = LINE('',#412,#413);
#412 = CARTESIAN_POINT('',(6.28318530718,-0.));
#413 = VECTOR('',#414,1.);
#414 = DIRECTION('',(0.,1.));
#415 = ( GEOMETRIC_REPRESENTATION_CONTEXT(2) 
PARAMETRIC_REPRESENTATION_CONTEXT() REPRESENTATION_CONTEXT('2D SPACE',''
  ) );
#416 = PCURVE('',#350,#417);
#417 = DEFINITIONAL_REPRESENTATION('',(#418),#422);
#418 = LINE('',#419,#420);
#419 = CARTESIAN_POINT('',(0.,-0.));
#420 = VECTOR('',#421,1.);
#421 = DIRECTION('',(0.,1.));
#422 = ( GEOMETRIC_REPRESENTATION_CONTEXT(2) 
PARAMETRIC_REPRESENTATION_CONTEXT() REPRESENTATION_CONTEXT('2D SPACE',''
  ) );
#423 = ORIENTED_EDGE('',*,*,#424,.T.);
#424 = EDGE_CURVE('',#402,#402,#425,.T.);
#425 = SURFACE_CURVE('',#426,(#431,#438),.PCURVE_S1.);
#426 = CIRCLE('',#427,0.45);
#427 = AXIS2_PLACEMENT_3D('',#428,#429,#430);
#428 = CARTESIAN_POINT('',(0.,0.,8.));
#429 = DIRECTION('',(0.,0.,1.));
#430 = DIRECTION('',(1.,0.,-0.));
#431 = PCURVE('',#350,#432);
#432 = DEFINITIONAL_REPRESENTATION('',(#433),#437);
#433 = LINE('',#434,#435);
#434 = CARTESIAN_POINT('',(0.,0.));
#435 = VECTOR('',#436,1.);
#436 = DIRECTION('',(1.,0.));
#437 = ( GEOMETRIC_REPRESENTATION_CONTEXT(2) 
PARAMETRIC_REPRESENTATION_CONTEXT() REPRESENTATION_CONTEXT('2D SPACE',''
  ) );
#438 = PCURVE('',#439,#444);
#439 = PLANE('',#440);
#440 = AXIS2_PLACEMENT_3D('',#441,#442,#443);
#441 = CARTESIAN_POINT('',(0.,0.,8.));
#442 = DIRECTION('',(0.,0.,1.));
#443 = DIRECTION('',(1.,0.,-0.));
#444 = DEFINITIONAL_REPRESENTATION('',(#445),#449);
#445 = CIRCLE('',#446,0.45);
#446 = AXIS2_PLACEMENT_2D('',#447,#448);
#447 = CARTESIAN_POINT('',(0.,0.));
#448 = DIRECTION('',(1.,0.));
#449 = ( GEOMETRIC_REPRESENTATION_CONTEXT(2) 
PARAMETRIC_REPRESENTATION_CONTEXT() REPRESENTATION_CONTEXT('2D SPACE',''
  ) );
#450 = ORIENTED_EDGE('',*,*,#401,.T.);
#451 = ADVANCED_FACE('',(#452),#382,.T.);
#452 = FACE_BOUND('',#453,.T.);
#453 = EDGE_LOOP('',(#454,#477,#478,#479));
#454 = ORIENTED_EDGE('',*,*,#455,.T.);
#455 = EDGE_CURVE('',#456,#366,#458,.T.);
#456 = VERTEX_POINT('',#457);
#457 = CARTESIAN_POINT('',(4.,-9.797174393179E-16,3.64));
#458 = SEAM_CURVE('',#459,(#463,#470),.PCURVE_S1.);
#459 = LINE('',#460,#461);
#460 = CARTESIAN_POINT('',(4.,-9.797174393179E-16,3.64));
#461 = VECTOR('',#462,1.);
#462 = DIRECTION('',(-0.966234939601,2.366593052014E-16,0.25766265056));
#463 = PCURVE('',#382,#464);
#464 = DEFINITIONAL_REPRESENTATION('',(#465),#469);
#465 = LINE('',#466,#467);
#466 = CARTESIAN_POINT('',(-6.28318530718,0.));
#467 = VECTOR('',#468,1.);
#468 = DIRECTION('',(-0.,-1.));
#469 = ( GEOMETRIC_REPRESENTATION_CONTEXT(2) 
PARAMETRIC_REPRESENTATION_CONTEXT() REPRESENTATION_CONTEXT('2D SPACE',''
  ) );
#470 = PCURVE('',#382,#471);
#471 = DEFINITIONAL_REPRESENTATION('',(#472),#476);
#472 = LINE('',#473,#474);
#473 = CARTESIAN_POINT('',(0.,-0.));
#474 = VECTOR('',#475,1.);
#475 = DIRECTION('',(-0.,-1.));
#476 = ( GEOMETRIC_REPRESENTATION_CONTEXT(2) 
PARAMETRIC_REPRESENTATION_CONTEXT() REPRESENTATION_CONTEXT('2D SPACE',''
  ) );
#477 = ORIENTED_EDGE('',*,*,#365,.F.);
#478 = ORIENTED_EDGE('',*,*,#455,.F.);
#479 = ORIENTED_EDGE('',*,*,#480,.T.);
#480 = EDGE_CURVE('',#456,#456,#481,.T.);
#481 = SURFACE_CURVE('',#482,(#487,#494),.PCURVE_S1.);
#482 = CIRCLE('',#483,4.);
#483 = AXIS2_PLACEMENT_3D('',#484,#485,#486);
#484 = CARTESIAN_POINT('',(0.,0.,3.64));
#485 = DIRECTION('',(0.,0.,1.));
#486 = DIRECTION('',(1.,0.,-0.));
#487 = PCURVE('',#382,#488);
#488 = DEFINITIONAL_REPRESENTATION('',(#489),#493);
#489 = LINE('',#490,#491);
#490 = CARTESIAN_POINT('',(-0.,-0.));
#491 = VECTOR('',#492,1.);
#492 = DIRECTION('',(-1.,-0.));
#493 = ( GEOMETRIC_REPRESENTATION_CONTEXT(2) 
PARAMETRIC_REPRESENTATION_CONTEXT() REPRESENTATION_CONTEXT('2D SPACE',''
  ) );
#494 = PCURVE('',#495,#500);
#495 = PLANE('',#496);
#496 = AXIS2_PLACEMENT_3D('',#497,#498,#499);
#497 = CARTESIAN_POINT('',(0.,0.,3.64));
#498 = DIRECTION('',(0.,0.,1.));
#499 = DIRECTION('',(1.,0.,-0.));
#500 = DEFINITIONAL_REPRESENTATION('',(#501),#505);
#501 = CIRCLE('',#502,4.);
#502 = AXIS2_PLACEMENT_2D('',#503,#504);
#503 = CARTESIAN_POINT('',(0.,0.));
#504 = DIRECTION('',(1.,0.));
#505 = ( GEOMETRIC_REPRESENTATION_CONTEXT(2) 
PARAMETRIC_REPRESENTATION_CONTEXT() REPRESENTATION_CONTEXT('2D SPACE',''
  ) );
#506 = ADVANCED_FACE('',(#507),#439,.T.);
#507 = FACE_BOUND('',#508,.F.);
#508 = EDGE_LOOP('',(#509));
#509 = ORIENTED_EDGE('',*,*,#424,.F.);
#510 = ADVANCED_FACE('',(#511,#961),#495,.T.);
#511 = FACE_BOUND('',#512,.T.);
#512 = EDGE_LOOP('',(#513,#544,#571,#600,#627,#656,#683,#712,#739,#768,
    #795,#824,#851,#880,#907,#936));
#513 = ORIENTED_EDGE('',*,*,#514,.T.);
#514 = EDGE_CURVE('',#515,#517,#519,.T.);
#515 = VERTEX_POINT('',#516);
#516 = CARTESIAN_POINT('',(3.62620324977,-2.310984636763,3.64));
#517 = VERTEX_POINT('',#518);
#518 = CARTESIAN_POINT('',(3.62620324977,2.310984636763,3.64));
#519 = SURFACE_CURVE('',#520,(#525,#532),.PCURVE_S1.);
#520 = CIRCLE('',#521,4.3);
#521 = AXIS2_PLACEMENT_3D('',#522,#523,#524);
#522 = CARTESIAN_POINT('',(0.,0.,3.64));
#523 = DIRECTION('',(0.,0.,1.));
#524 = DIRECTION('',(0.843303081342,-0.537438287619,0.));
#525 = PCURVE('',#495,#526);
#526 = DEFINITIONAL_REPRESENTATION('',(#527),#531);
#527 = CIRCLE('',#528,4.3);
#528 = AXIS2_PLACEMENT_2D('',#529,#530);
#529 = CARTESIAN_POINT('',(0.,0.));
#530 = DIRECTION('',(0.843303081342,-0.537438287619));
#531 = ( GEOMETRIC_REPRESENTATION_CONTEXT(2) 
PARAMETRIC_REPRESENTATION_CONTEXT() REPRESENTATION_CONTEXT('2D SPACE',''
  ) );
#532 = PCURVE('',#533,#538);
#533 = CYLINDRICAL_SURFACE('',#534,4.3);
#534 = AXIS2_PLACEMENT_3D('',#535,#536,#537);
#535 = CARTESIAN_POINT('',(0.,0.,1.4));
#536 = DIRECTION('',(0.,0.,1.));
#537 = DIRECTION('',(1.,0.,-0.));
#538 = DEFINITIONAL_REPRESENTATION('',(#539),#543);
#539 = LINE('',#540,#541);
#540 = CARTESIAN_POINT('',(5.715788861173,2.24));
#541 = VECTOR('',#542,1.);
#542 = DIRECTION('',(1.,0.));
#543 = ( GEOMETRIC_REPRESENTATION_CONTEXT(2) 
PARAMETRIC_REPRESENTATION_CONTEXT() REPRESENTATION_CONTEXT('2D SPACE',''
  ) );
#544 = ORIENTED_EDGE('',*,*,#545,.T.);
#545 = EDGE_CURVE('',#517,#546,#548,.T.);
#546 = VERTEX_POINT('',#547);
#547 = CARTESIAN_POINT('',(4.185407841001,2.870189227994,3.64));
#548 = SURFACE_CURVE('',#549,(#553,#560),.PCURVE_S1.);
#549 = LINE('',#550,#551);
#550 = CARTESIAN_POINT('',(1.470782104868,0.155563491861,3.64));
#551 = VECTOR('',#552,1.);
#552 = DIRECTION('',(0.707106781187,0.707106781187,-0.));
#553 = PCURVE('',#495,#554);
#554 = DEFINITIONAL_REPRESENTATION('',(#555),#559);
#555 = LINE('',#556,#557);
#556 = CARTESIAN_POINT('',(1.470782104868,0.155563491861));
#557 = VECTOR('',#558,1.);
#558 = DIRECTION('',(0.707106781187,0.707106781187));
#559 = ( GEOMETRIC_REPRESENTATION_CONTEXT(2) 
PARAMETRIC_REPRESENTATION_CONTEXT() REPRESENTATION_CONTEXT('2D SPACE',''
  ) );
#560 = PCURVE('',#561,#566);
#561 = PLANE('',#562);
#562 = AXIS2_PLACEMENT_3D('',#563,#564,#565);
#563 = CARTESIAN_POINT('',(2.283954903233,0.968736290226,3.4));
#564 = DIRECTION('',(-0.707106781187,0.707106781187,0.));
#565 = DIRECTION('',(0.,0.,1.));
#566 = DEFINITIONAL_REPRESENTATION('',(#567),#570);
#567 = B_SPLINE_CURVE_WITH_KNOTS('',1,(#568,#569),.UNSPECIFIED.,.F.,.F.,
  (2,2),(1.15,3.839060532806),.PIECEWISE_BEZIER_KNOTS.);
#568 = CARTESIAN_POINT('',(0.24,0.));
#569 = CARTESIAN_POINT('',(0.24,2.689060532806));
#570 = ( GEOMETRIC_REPRESENTATION_CONTEXT(2) 
PARAMETRIC_REPRESENTATION_CONTEXT() REPRESENTATION_CONTEXT('2D SPACE',''
  ) );
#571 = ORIENTED_EDGE('',*,*,#572,.T.);
#572 = EDGE_CURVE('',#546,#573,#575,.T.);
#573 = VERTEX_POINT('',#574);
#574 = CARTESIAN_POINT('',(2.870189227994,4.185407841001,3.64));
#575 = SURFACE_CURVE('',#576,(#581,#588),.PCURVE_S1.);
#576 = CIRCLE('',#577,5.075);
#577 = AXIS2_PLACEMENT_3D('',#578,#579,#580);
#578 = CARTESIAN_POINT('',(0.,0.,3.64));
#579 = DIRECTION('',(0.,0.,1.));
#580 = DIRECTION('',(1.,0.,-0.));
#581 = PCURVE('',#495,#582);
#582 = DEFINITIONAL_REPRESENTATION('',(#583),#587);
#583 = CIRCLE('',#584,5.075);
#584 = AXIS2_PLACEMENT_2D('',#585,#586);
#585 = CARTESIAN_POINT('',(0.,0.));
#586 = DIRECTION('',(1.,0.));
#587 = ( GEOMETRIC_REPRESENTATION_CONTEXT(2) 
PARAMETRIC_REPRESENTATION_CONTEXT() REPRESENTATION_CONTEXT('2D SPACE',''
  ) );
#588 = PCURVE('',#589,#594);
#589 = CYLINDRICAL_SURFACE('',#590,5.075);
#590 = AXIS2_PLACEMENT_3D('',#591,#592,#593);
#591 = CARTESIAN_POINT('',(0.,0.,2.4));
#592 = DIRECTION('',(0.,0.,1.));
#593 = DIRECTION('',(1.,0.,-0.));
#594 = DEFINITIONAL_REPRESENTATION('',(#595),#599);
#595 = LINE('',#596,#597);
#596 = CARTESIAN_POINT('',(0.,1.24));
#597 = VECTOR('',#598,1.);
#598 = DIRECTION('',(1.,0.));
#599 = ( GEOMETRIC_REPRESENTATION_CONTEXT(2) 
PARAMETRIC_REPRESENTATION_CONTEXT() REPRESENTATION_CONTEXT('2D SPACE',''
  ) );
#600 = ORIENTED_EDGE('',*,*,#601,.F.);
#601 = EDGE_CURVE('',#602,#573,#604,.T.);
#602 = VERTEX_POINT('',#603);
#603 = CARTESIAN_POINT('',(2.310984636763,3.62620324977,3.64));
#604 = SURFACE_CURVE('',#605,(#609,#616),.PCURVE_S1.);
#605 = LINE('',#606,#607);
#606 = CARTESIAN_POINT('',(0.155563491861,1.470782104868,3.64));
#607 = VECTOR('',#608,1.);
#608 = DIRECTION('',(0.707106781187,0.707106781187,-0.));
#609 = PCURVE('',#495,#610);
#610 = DEFINITIONAL_REPRESENTATION('',(#611),#615);
#611 = LINE('',#612,#613);
#612 = CARTESIAN_POINT('',(0.155563491861,1.470782104868));
#613 = VECTOR('',#614,1.);
#614 = DIRECTION('',(0.707106781187,0.707106781187));
#615 = ( GEOMETRIC_REPRESENTATION_CONTEXT(2) 
PARAMETRIC_REPRESENTATION_CONTEXT() REPRESENTATION_CONTEXT('2D SPACE',''
  ) );
#616 = PCURVE('',#617,#622);
#617 = PLANE('',#618);
#618 = AXIS2_PLACEMENT_3D('',#619,#620,#621);
#619 = CARTESIAN_POINT('',(0.968736290226,2.283954903233,3.4));
#620 = DIRECTION('',(-0.707106781187,0.707106781187,0.));
#621 = DIRECTION('',(0.,0.,1.));
#622 = DEFINITIONAL_REPRESENTATION('',(#623),#626);
#623 = B_SPLINE_CURVE_WITH_KNOTS('',1,(#624,#625),.UNSPECIFIED.,.F.,.F.,
  (2,2),(1.15,3.839060532806),.PIECEWISE_BEZIER_KNOTS.);
#624 = CARTESIAN_POINT('',(0.24,0.));
#625 = CARTESIAN_POINT('',(0.24,2.689060532806));
#626 = ( GEOMETRIC_REPRESENTATION_CONTEXT(2) 
PARAMETRIC_REPRESENTATION_CONTEXT() REPRESENTATION_CONTEXT('2D SPACE',''
  ) );
#627 = ORIENTED_EDGE('',*,*,#628,.T.);
#628 = EDGE_CURVE('',#602,#629,#631,.T.);
#629 = VERTEX_POINT('',#630);
#630 = CARTESIAN_POINT('',(-2.310984636763,3.62620324977,3.64));
#631 = SURFACE_CURVE('',#632,(#637,#644),.PCURVE_S1.);
#632 = CIRCLE('',#633,4.3);
#633 = AXIS2_PLACEMENT_3D('',#634,#635,#636);
#634 = CARTESIAN_POINT('',(0.,0.,3.64));
#635 = DIRECTION('',(0.,0.,1.));
#636 = DIRECTION('',(1.,0.,-0.));
#637 = PCURVE('',#495,#638);
#638 = DEFINITIONAL_REPRESENTATION('',(#639),#643);
#639 = CIRCLE('',#640,4.3);
#640 = AXIS2_PLACEMENT_2D('',#641,#642);
#641 = CARTESIAN_POINT('',(0.,0.));
#642 = DIRECTION('',(1.,0.));
#643 = ( GEOMETRIC_REPRESENTATION_CONTEXT(2) 
PARAMETRIC_REPRESENTATION_CONTEXT() REPRESENTATION_CONTEXT('2D SPACE',''
  ) );
#644 = PCURVE('',#645,#650);
#645 = CYLINDRICAL_SURFACE('',#646,4.3);
#646 = AXIS2_PLACEMENT_3D('',#647,#648,#649);
#647 = CARTESIAN_POINT('',(0.,0.,1.4));
#648 = DIRECTION('',(0.,0.,1.));
#649 = DIRECTION('',(1.,0.,-0.));
#650 = DEFINITIONAL_REPRESENTATION('',(#651),#655);
#651 = LINE('',#652,#653);
#652 = CARTESIAN_POINT('',(0.,2.24));
#653 = VECTOR('',#654,1.);
#654 = DIRECTION('',(1.,0.));
#655 = ( GEOMETRIC_REPRESENTATION_CONTEXT(2) 
PARAMETRIC_REPRESENTATION_CONTEXT() REPRESENTATION_CONTEXT('2D SPACE',''
  ) );
#656 = ORIENTED_EDGE('',*,*,#657,.T.);
#657 = EDGE_CURVE('',#629,#658,#660,.T.);
#658 = VERTEX_POINT('',#659);
#659 = CARTESIAN_POINT('',(-2.870189227994,4.185407841001,3.64));
#660 = SURFACE_CURVE('',#661,(#665,#672),.PCURVE_S1.);
#661 = LINE('',#662,#663);
#662 = CARTESIAN_POINT('',(-0.155563491861,1.470782104868,3.64));
#663 = VECTOR('',#664,1.);
#664 = DIRECTION('',(-0.707106781187,0.707106781187,0.));
#665 = PCURVE('',#495,#666);
#666 = DEFINITIONAL_REPRESENTATION('',(#667),#671);
#667 = LINE('',#668,#669);
#668 = CARTESIAN_POINT('',(-0.155563491861,1.470782104868));
#669 = VECTOR('',#670,1.);
#670 = DIRECTION('',(-0.707106781187,0.707106781187));
#671 = ( GEOMETRIC_REPRESENTATION_CONTEXT(2) 
PARAMETRIC_REPRESENTATION_CONTEXT() REPRESENTATION_CONTEXT('2D SPACE',''
  ) );
#672 = PCURVE('',#673,#678);
#673 = PLANE('',#674);
#674 = AXIS2_PLACEMENT_3D('',#675,#676,#677);
#675 = CARTESIAN_POINT('',(-0.968736290226,2.283954903233,3.4));
#676 = DIRECTION('',(-0.707106781187,-0.707106781187,0.));
#677 = DIRECTION('',(0.,0.,1.));
#678 = DEFINITIONAL_REPRESENTATION('',(#679),#682);
#679 = B_SPLINE_CURVE_WITH_KNOTS('',1,(#680,#681),.UNSPECIFIED.,.F.,.F.,
  (2,2),(1.15,3.839060532806),.PIECEWISE_BEZIER_KNOTS.);
#680 = CARTESIAN_POINT('',(0.24,0.));
#681 = CARTESIAN_POINT('',(0.24,2.689060532806));
#682 = ( GEOMETRIC_REPRESENTATION_CONTEXT(2) 
PARAMETRIC_REPRESENTATION_CONTEXT() REPRESENTATION_CONTEXT('2D SPACE',''
  ) );
#683 = ORIENTED_EDGE('',*,*,#684,.T.);
#684 = EDGE_CURVE('',#658,#685,#687,.T.);
#685 = VERTEX_POINT('',#686);
#686 = CARTESIAN_POINT('',(-4.185407841001,2.870189227994,3.64));
#687 = SURFACE_CURVE('',#688,(#693,#700),.PCURVE_S1.);
#688 = CIRCLE('',#689,5.075);
#689 = AXIS2_PLACEMENT_3D('',#690,#691,#692);
#690 = CARTESIAN_POINT('',(0.,0.,3.64));
#691 = DIRECTION('',(0.,0.,1.));
#692 = DIRECTION('',(1.,0.,-0.));
#693 = PCURVE('',#495,#694);
#694 = DEFINITIONAL_REPRESENTATION('',(#695),#699);
#695 = CIRCLE('',#696,5.075);
#696 = AXIS2_PLACEMENT_2D('',#697,#698);
#697 = CARTESIAN_POINT('',(0.,0.));
#698 = DIRECTION('',(1.,0.));
#699 = ( GEOMETRIC_REPRESENTATION_CONTEXT(2) 
PARAMETRIC_REPRESENTATION_CONTEXT() REPRESENTATION_CONTEXT('2D SPACE',''
  ) );
#700 = PCURVE('',#701,#706);
#701 = CYLINDRICAL_SURFACE('',#702,5.075);
#702 = AXIS2_PLACEMENT_3D('',#703,#704,#705);
#703 = CARTESIAN_POINT('',(0.,0.,2.4));
#704 = DIRECTION('',(0.,0.,1.));
#705 = DIRECTION('',(1.,0.,-0.));
#706 = DEFINITIONAL_REPRESENTATION('',(#707),#711);
#707 = LINE('',#708,#709);
#708 = CARTESIAN_POINT('',(0.,1.24));
#709 = VECTOR('',#710,1.);
#710 = DIRECTION('',(1.,0.));
#711 = ( GEOMETRIC_REPRESENTATION_CONTEXT(2) 
PARAMETRIC_REPRESENTATION_CONTEXT() REPRESENTATION_CONTEXT('2D SPACE',''
  ) );
#712 = ORIENTED_EDGE('',*,*,#713,.F.);
#713 = EDGE_CURVE('',#714,#685,#716,.T.);
#714 = VERTEX_POINT('',#715);
#715 = CARTESIAN_POINT('',(-3.62620324977,2.310984636763,3.64));
#716 = SURFACE_CURVE('',#717,(#721,#728),.PCURVE_S1.);
#717 = LINE('',#718,#719);
#718 = CARTESIAN_POINT('',(-1.470782104868,0.155563491861,3.64));
#719 = VECTOR('',#720,1.);
#720 = DIRECTION('',(-0.707106781187,0.707106781187,0.));
#721 = PCURVE('',#495,#722);
#722 = DEFINITIONAL_REPRESENTATION('',(#723),#727);
#723 = LINE('',#724,#725);
#724 = CARTESIAN_POINT('',(-1.470782104868,0.155563491861));
#725 = VECTOR('',#726,1.);
#726 = DIRECTION('',(-0.707106781187,0.707106781187));
#727 = ( GEOMETRIC_REPRESENTATION_CONTEXT(2) 
PARAMETRIC_REPRESENTATION_CONTEXT() REPRESENTATION_CONTEXT('2D SPACE',''
  ) );
#728 = PCURVE('',#729,#734);
#729 = PLANE('',#730);
#730 = AXIS2_PLACEMENT_3D('',#731,#732,#733);
#731 = CARTESIAN_POINT('',(-2.283954903233,0.968736290226,3.4));
#732 = DIRECTION('',(-0.707106781187,-0.707106781187,0.));
#733 = DIRECTION('',(0.,0.,1.));
#734 = DEFINITIONAL_REPRESENTATION('',(#735),#738);
#735 = B_SPLINE_CURVE_WITH_KNOTS('',1,(#736,#737),.UNSPECIFIED.,.F.,.F.,
  (2,2),(1.15,3.839060532806),.PIECEWISE_BEZIER_KNOTS.);
#736 = CARTESIAN_POINT('',(0.24,0.));
#737 = CARTESIAN_POINT('',(0.24,2.689060532806));
#738 = ( GEOMETRIC_REPRESENTATION_CONTEXT(2) 
PARAMETRIC_REPRESENTATION_CONTEXT() REPRESENTATION_CONTEXT('2D SPACE',''
  ) );
#739 = ORIENTED_EDGE('',*,*,#740,.T.);
#740 = EDGE_CURVE('',#714,#741,#743,.T.);
#741 = VERTEX_POINT('',#742);
#742 = CARTESIAN_POINT('',(-3.62620324977,-2.310984636763,3.64));
#743 = SURFACE_CURVE('',#744,(#749,#756),.PCURVE_S1.);
#744 = CIRCLE('',#745,4.3);
#745 = AXIS2_PLACEMENT_3D('',#746,#747,#748);
#746 = CARTESIAN_POINT('',(0.,0.,3.64));
#747 = DIRECTION('',(0.,0.,1.));
#748 = DIRECTION('',(1.,0.,-0.));
#749 = PCURVE('',#495,#750);
#750 = DEFINITIONAL_REPRESENTATION('',(#751),#755);
#751 = CIRCLE('',#752,4.3);
#752 = AXIS2_PLACEMENT_2D('',#753,#754);
#753 = CARTESIAN_POINT('',(0.,0.));
#754 = DIRECTION('',(1.,0.));
#755 = ( GEOMETRIC_REPRESENTATION_CONTEXT(2) 
PARAMETRIC_REPRESENTATION_CONTEXT() REPRESENTATION_CONTEXT('2D SPACE',''
  ) );
#756 = PCURVE('',#757,#762);
#757 = CYLINDRICAL_SURFACE('',#758,4.3);
#758 = AXIS2_PLACEMENT_3D('',#759,#760,#761);
#759 = CARTESIAN_POINT('',(0.,0.,1.4));
#760 = DIRECTION('',(0.,0.,1.));
#761 = DIRECTION('',(1.,0.,-0.));
#762 = DEFINITIONAL_REPRESENTATION('',(#763),#767);
#763 = LINE('',#764,#765);
#764 = CARTESIAN_POINT('',(0.,2.24));
#765 = VECTOR('',#766,1.);
#766 = DIRECTION('',(1.,0.));
#767 = ( GEOMETRIC_REPRESENTATION_CONTEXT(2) 
PARAMETRIC_REPRESENTATION_CONTEXT() REPRESENTATION_CONTEXT('2D SPACE',''
  ) );
#768 = ORIENTED_EDGE('',*,*,#769,.T.);
#769 = EDGE_CURVE('',#741,#770,#772,.T.);
#770 = VERTEX_POINT('',#771);
#771 = CARTESIAN_POINT('',(-4.185407841001,-2.870189227994,3.64));
#772 = SURFACE_CURVE('',#773,(#777,#784),.PCURVE_S1.);
#773 = LINE('',#774,#775);
#774 = CARTESIAN_POINT('',(-1.470782104868,-0.155563491861,3.64));
#775 = VECTOR('',#776,1.);
#776 = DIRECTION('',(-0.707106781187,-0.707106781187,0.));
#777 = PCURVE('',#495,#778);
#778 = DEFINITIONAL_REPRESENTATION('',(#779),#783);
#779 = LINE('',#780,#781);
#780 = CARTESIAN_POINT('',(-1.470782104868,-0.155563491861));
#781 = VECTOR('',#782,1.);
#782 = DIRECTION('',(-0.707106781187,-0.707106781187));
#783 = ( GEOMETRIC_REPRESENTATION_CONTEXT(2) 
PARAMETRIC_REPRESENTATION_CONTEXT() REPRESENTATION_CONTEXT('2D SPACE',''
  ) );
#784 = PCURVE('',#785,#790);
#785 = PLANE('',#786);
#786 = AXIS2_PLACEMENT_3D('',#787,#788,#789);
#787 = CARTESIAN_POINT('',(-2.283954903233,-0.968736290226,3.4));
#788 = DIRECTION('',(0.707106781187,-0.707106781187,0.));
#789 = DIRECTION('',(0.,0.,1.));
#790 = DEFINITIONAL_REPRESENTATION('',(#791),#794);
#791 = B_SPLINE_CURVE_WITH_KNOTS('',1,(#792,#793),.UNSPECIFIED.,.F.,.F.,
  (2,2),(1.15,3.839060532806),.PIECEWISE_BEZIER_KNOTS.);
#792 = CARTESIAN_POINT('',(0.24,0.));
#793 = CARTESIAN_POINT('',(0.24,2.689060532806));
#794 = ( GEOMETRIC_REPRESENTATION_CONTEXT(2) 
PARAMETRIC_REPRESENTATION_CONTEXT() REPRESENTATION_CONTEXT('2D SPACE',''
  ) );
#795 = ORIENTED_EDGE('',*,*,#796,.T.);
#796 = EDGE_CURVE('',#770,#797,#799,.T.);
#797 = VERTEX_POINT('',#798);
#798 = CARTESIAN_POINT('',(-2.870189227994,-4.185407841001,3.64));
#799 = SURFACE_CURVE('',#800,(#805,#812),.PCURVE_S1.);
#800 = CIRCLE('',#801,5.075);
#801 = AXIS2_PLACEMENT_3D('',#802,#803,#804);
#802 = CARTESIAN_POINT('',(0.,0.,3.64));
#803 = DIRECTION('',(0.,0.,1.));
#804 = DIRECTION('',(1.,0.,-0.));
#805 = PCURVE('',#495,#806);
#806 = DEFINITIONAL_REPRESENTATION('',(#807),#811);
#807 = CIRCLE('',#808,5.075);
#808 = AXIS2_PLACEMENT_2D('',#809,#810);
#809 = CARTESIAN_POINT('',(0.,0.));
#810 = DIRECTION('',(1.,0.));
#811 = ( GEOMETRIC_REPRESENTATION_CONTEXT(2) 
PARAMETRIC_REPRESENTATION_CONTEXT() REPRESENTATION_CONTEXT('2D SPACE',''
  ) );
#812 = PCURVE('',#813,#818);
#813 = CYLINDRICAL_SURFACE('',#814,5.075);
#814 = AXIS2_PLACEMENT_3D('',#815,#816,#817);
#815 = CARTESIAN_POINT('',(0.,0.,2.4));
#816 = DIRECTION('',(0.,0.,1.));
#817 = DIRECTION('',(1.,0.,-0.));
#818 = DEFINITIONAL_REPRESENTATION('',(#819),#823);
#819 = LINE('',#820,#821);
#820 = CARTESIAN_POINT('',(0.,1.24));
#821 = VECTOR('',#822,1.);
#822 = DIRECTION('',(1.,0.));
#823 = ( GEOMETRIC_REPRESENTATION_CONTEXT(2) 
PARAMETRIC_REPRESENTATION_CONTEXT() REPRESENTATION_CONTEXT('2D SPACE',''
  ) );
#824 = ORIENTED_EDGE('',*,*,#825,.F.);
#825 = EDGE_CURVE('',#826,#797,#828,.T.);
#826 = VERTEX_POINT('',#827);
#827 = CARTESIAN_POINT('',(-2.310984636763,-3.62620324977,3.64));
#828 = SURFACE_CURVE('',#829,(#833,#840),.PCURVE_S1.);
#829 = LINE('',#830,#831);
#830 = CARTESIAN_POINT('',(-0.155563491861,-1.470782104868,3.64));
#831 = VECTOR('',#832,1.);
#832 = DIRECTION('',(-0.707106781187,-0.707106781187,0.));
#833 = PCURVE('',#495,#834);
#834 = DEFINITIONAL_REPRESENTATION('',(#835),#839);
#835 = LINE('',#836,#837);
#836 = CARTESIAN_POINT('',(-0.155563491861,-1.470782104868));
#837 = VECTOR('',#838,1.);
#838 = DIRECTION('',(-0.707106781187,-0.707106781187));
#839 = ( GEOMETRIC_REPRESENTATION_CONTEXT(2) 
PARAMETRIC_REPRESENTATION_CONTEXT() REPRESENTATION_CONTEXT('2D SPACE',''
  ) );
#840 = PCURVE('',#841,#846);
#841 = PLANE('',#842);
#842 = AXIS2_PLACEMENT_3D('',#843,#844,#845);
#843 = CARTESIAN_POINT('',(-0.968736290226,-2.283954903233,3.4));
#844 = DIRECTION('',(0.707106781187,-0.707106781187,0.));
#845 = DIRECTION('',(0.,0.,1.));
#846 = DEFINITIONAL_REPRESENTATION('',(#847),#850);
#847 = B_SPLINE_CURVE_WITH_KNOTS('',1,(#848,#849),.UNSPECIFIED.,.F.,.F.,
  (2,2),(1.15,3.839060532806),.PIECEWISE_BEZIER_KNOTS.);
#848 = CARTESIAN_POINT('',(0.24,0.));
#849 = CARTESIAN_POINT('',(0.24,2.689060532806));
#850 = ( GEOMETRIC_REPRESENTATION_CONTEXT(2) 
PARAMETRIC_REPRESENTATION_CONTEXT() REPRESENTATION_CONTEXT('2D SPACE',''
  ) );
#851 = ORIENTED_EDGE('',*,*,#852,.T.);
#852 = EDGE_CURVE('',#826,#853,#855,.T.);
#853 = VERTEX_POINT('',#854);
#854 = CARTESIAN_POINT('',(2.310984636763,-3.62620324977,3.64));
#855 = SURFACE_CURVE('',#856,(#861,#868),.PCURVE_S1.);
#856 = CIRCLE('',#857,4.3);
#857 = AXIS2_PLACEMENT_3D('',#858,#859,#860);
#858 = CARTESIAN_POINT('',(0.,0.,3.64));
#859 = DIRECTION('',(0.,0.,1.));
#860 = DIRECTION('',(1.,0.,-0.));
#861 = PCURVE('',#495,#862);
#862 = DEFINITIONAL_REPRESENTATION('',(#863),#867);
#863 = CIRCLE('',#864,4.3);
#864 = AXIS2_PLACEMENT_2D('',#865,#866);
#865 = CARTESIAN_POINT('',(0.,0.));
#866 = DIRECTION('',(1.,0.));
#867 = ( GEOMETRIC_REPRESENTATION_CONTEXT(2) 
PARAMETRIC_REPRESENTATION_CONTEXT() REPRESENTATION_CONTEXT('2D SPACE',''
  ) );
#868 = PCURVE('',#869,#874);
#869 = CYLINDRICAL_SURFACE('',#870,4.3);
#870 = AXIS2_PLACEMENT_3D('',#871,#872,#873);
#871 = CARTESIAN_POINT('',(0.,0.,1.4));
#872 = DIRECTION('',(0.,0.,1.));
#873 = DIRECTION('',(1.,0.,-0.));
#874 = DEFINITIONAL_REPRESENTATION('',(#875),#879);
#875 = LINE('',#876,#877);
#876 = CARTESIAN_POINT('',(0.,2.24));
#877 = VECTOR('',#878,1.);
#878 = DIRECTION('',(1.,0.));
#879 = ( GEOMETRIC_REPRESENTATION_CONTEXT(2) 
PARAMETRIC_REPRESENTATION_CONTEXT() REPRESENTATION_CONTEXT('2D SPACE',''
  ) );
#880 = ORIENTED_EDGE('',*,*,#881,.T.);
#881 = EDGE_CURVE('',#853,#882,#884,.T.);
#882 = VERTEX_POINT('',#883);
#883 = CARTESIAN_POINT('',(2.870189227994,-4.185407841001,3.64));
#884 = SURFACE_CURVE('',#885,(#889,#896),.PCURVE_S1.);
#885 = LINE('',#886,#887);
#886 = CARTESIAN_POINT('',(0.155563491861,-1.470782104868,3.64));
#887 = VECTOR('',#888,1.);
#888 = DIRECTION('',(0.707106781187,-0.707106781187,0.));
#889 = PCURVE('',#495,#890);
#890 = DEFINITIONAL_REPRESENTATION('',(#891),#895);
#891 = LINE('',#892,#893);
#892 = CARTESIAN_POINT('',(0.155563491861,-1.470782104868));
#893 = VECTOR('',#894,1.);
#894 = DIRECTION('',(0.707106781187,-0.707106781187));
#895 = ( GEOMETRIC_REPRESENTATION_CONTEXT(2) 
PARAMETRIC_REPRESENTATION_CONTEXT() REPRESENTATION_CONTEXT('2D SPACE',''
  ) );
#896 = PCURVE('',#897,#902);
#897 = PLANE('',#898);
#898 = AXIS2_PLACEMENT_3D('',#899,#900,#901);
#899 = CARTESIAN_POINT('',(0.968736290226,-2.283954903233,3.4));
#900 = DIRECTION('',(0.707106781187,0.707106781187,0.));
#901 = DIRECTION('',(0.,0.,1.));
#902 = DEFINITIONAL_REPRESENTATION('',(#903),#906);
#903 = B_SPLINE_CURVE_WITH_KNOTS('',1,(#904,#905),.UNSPECIFIED.,.F.,.F.,
  (2,2),(1.15,3.839060532806),.PIECEWISE_BEZIER_KNOTS.);
#904 = CARTESIAN_POINT('',(0.24,0.));
#905 = CARTESIAN_POINT('',(0.24,2.689060532806));
#906 = ( GEOMETRIC_REPRESENTATION_CONTEXT(2) 
PARAMETRIC_REPRESENTATION_CONTEXT() REPRESENTATION_CONTEXT('2D SPACE',''
  ) );
#907 = ORIENTED_EDGE('',*,*,#908,.T.);
#908 = EDGE_CURVE('',#882,#909,#911,.T.);
#909 = VERTEX_POINT('',#910);
#910 = CARTESIAN_POINT('',(4.185407841001,-2.870189227994,3.64));
#911 = SURFACE_CURVE('',#912,(#917,#924),.PCURVE_S1.);
#912 = CIRCLE('',#913,5.075);
#913 = AXIS2_PLACEMENT_3D('',#914,#915,#916);
#914 = CARTESIAN_POINT('',(0.,0.,3.64));
#915 = DIRECTION('',(0.,0.,1.));
#916 = DIRECTION('',(1.,0.,-0.));
#917 = PCURVE('',#495,#918);
#918 = DEFINITIONAL_REPRESENTATION('',(#919),#923);
#919 = CIRCLE('',#920,5.075);
#920 = AXIS2_PLACEMENT_2D('',#921,#922);
#921 = CARTESIAN_POINT('',(0.,0.));
#922 = DIRECTION('',(1.,0.));
#923 = ( GEOMETRIC_REPRESENTATION_CONTEXT(2) 
PARAMETRIC_REPRESENTATION_CONTEXT() REPRESENTATION_CONTEXT('2D SPACE',''
  ) );
#924 = PCURVE('',#925,#930);
#925 = CYLINDRICAL_SURFACE('',#926,5.075);
#926 = AXIS2_PLACEMENT_3D('',#927,#928,#929);
#927 = CARTESIAN_POINT('',(0.,0.,2.4));
#928 = DIRECTION('',(0.,0.,1.));
#929 = DIRECTION('',(1.,0.,-0.));
#930 = DEFINITIONAL_REPRESENTATION('',(#931),#935);
#931 = LINE('',#932,#933);
#932 = CARTESIAN_POINT('',(0.,1.24));
#933 = VECTOR('',#934,1.);
#934 = DIRECTION('',(1.,0.));
#935 = ( GEOMETRIC_REPRESENTATION_CONTEXT(2) 
PARAMETRIC_REPRESENTATION_CONTEXT() REPRESENTATION_CONTEXT('2D SPACE',''
  ) );
#936 = ORIENTED_EDGE('',*,*,#937,.F.);
#937 = EDGE_CURVE('',#515,#909,#938,.T.);
#938 = SURFACE_CURVE('',#939,(#943,#950),.PCURVE_S1.);
#939 = LINE('',#940,#941);
#940 = CARTESIAN_POINT('',(1.470782104868,-0.155563491861,3.64));
#941 = VECTOR('',#942,1.);
#942 = DIRECTION('',(0.707106781187,-0.707106781187,0.));
#943 = PCURVE('',#495,#944);
#944 = DEFINITIONAL_REPRESENTATION('',(#945),#949);
#945 = LINE('',#946,#947);
#946 = CARTESIAN_POINT('',(1.470782104868,-0.155563491861));
#947 = VECTOR('',#948,1.);
#948 = DIRECTION('',(0.707106781187,-0.707106781187));
#949 = ( GEOMETRIC_REPRESENTATION_CONTEXT(2) 
PARAMETRIC_REPRESENTATION_CONTEXT() REPRESENTATION_CONTEXT('2D SPACE',''
  ) );
#950 = PCURVE('',#951,#956);
#951 = PLANE('',#952);
#952 = AXIS2_PLACEMENT_3D('',#953,#954,#955);
#953 = CARTESIAN_POINT('',(2.283954903233,-0.968736290226,3.4));
#954 = DIRECTION('',(0.707106781187,0.707106781187,0.));
#955 = DIRECTION('',(0.,0.,1.));
#956 = DEFINITIONAL_REPRESENTATION('',(#957),#960);
#957 = B_SPLINE_CURVE_WITH_KNOTS('',1,(#958,#959),.UNSPECIFIED.,.F.,.F.,
  (2,2),(1.15,3.839060532806),.PIECEWISE_BEZIER_KNOTS.);
#958 = CARTESIAN_POINT('',(0.24,0.));
#959 = CARTESIAN_POINT('',(0.24,2.689060532806));
#960 = ( GEOMETRIC_REPRESENTATION_CONTEXT(2) 
PARAMETRIC_REPRESENTATION_CONTEXT() REPRESENTATION_CONTEXT('2D SPACE',''
  ) );
#961 = FACE_BOUND('',#962,.T.);
#962 = EDGE_LOOP('',(#963));
#963 = ORIENTED_EDGE('',*,*,#480,.F.);
#964 = ADVANCED_FACE('',(#965),#533,.T.);
#965 = FACE_BOUND('',#966,.T.);
#966 = EDGE_LOOP('',(#967,#998,#1017,#1018));
#967 = ORIENTED_EDGE('',*,*,#968,.T.);
#968 = EDGE_CURVE('',#969,#971,#973,.T.);
#969 = VERTEX_POINT('',#970);
#970 = CARTESIAN_POINT('',(3.62620324977,-2.310984636763,3.4));
#971 = VERTEX_POINT('',#972);
#972 = CARTESIAN_POINT('',(3.62620324977,2.310984636763,3.4));
#973 = SURFACE_CURVE('',#974,(#979,#986),.PCURVE_S1.);
#974 = CIRCLE('',#975,4.3);
#975 = AXIS2_PLACEMENT_3D('',#976,#977,#978);
#976 = CARTESIAN_POINT('',(0.,0.,3.4));
#977 = DIRECTION('',(0.,0.,1.));
#978 = DIRECTION('',(0.843303081342,-0.537438287619,0.));
#979 = PCURVE('',#533,#980);
#980 = DEFINITIONAL_REPRESENTATION('',(#981),#985);
#981 = LINE('',#982,#983);
#982 = CARTESIAN_POINT('',(5.715788861173,2.));
#983 = VECTOR('',#984,1.);
#984 = DIRECTION('',(1.,0.));
#985 = ( GEOMETRIC_REPRESENTATION_CONTEXT(2) 
PARAMETRIC_REPRESENTATION_CONTEXT() REPRESENTATION_CONTEXT('2D SPACE',''
  ) );
#986 = PCURVE('',#987,#992);
#987 = PLANE('',#988);
#988 = AXIS2_PLACEMENT_3D('',#989,#990,#991);
#989 = CARTESIAN_POINT('',(0.,0.,3.4));
#990 = DIRECTION('',(0.,0.,1.));
#991 = DIRECTION('',(1.,0.,-0.));
#992 = DEFINITIONAL_REPRESENTATION('',(#993),#997);
#993 = CIRCLE('',#994,4.3);
#994 = AXIS2_PLACEMENT_2D('',#995,#996);
#995 = CARTESIAN_POINT('',(0.,0.));
#996 = DIRECTION('',(0.843303081342,-0.537438287619));
#997 = ( GEOMETRIC_REPRESENTATION_CONTEXT(2) 
PARAMETRIC_REPRESENTATION_CONTEXT() REPRESENTATION_CONTEXT('2D SPACE',''
  ) );
#998 = ORIENTED_EDGE('',*,*,#999,.T.);
#999 = EDGE_CURVE('',#971,#517,#1000,.T.);
#1000 = SURFACE_CURVE('',#1001,(#1005,#1011),.PCURVE_S1.);
#1001 = LINE('',#1002,#1003);
#1002 = CARTESIAN_POINT('',(3.62620324977,2.310984636763,1.4));
#1003 = VECTOR('',#1004,1.);
#1004 = DIRECTION('',(0.,0.,1.));
#1005 = PCURVE('',#533,#1006);
#1006 = DEFINITIONAL_REPRESENTATION('',(#1007),#1010);
#1007 = B_SPLINE_CURVE_WITH_KNOTS('',1,(#1008,#1009),.UNSPECIFIED.,.F.,
  .F.,(2,2),(2.,2.24),.PIECEWISE_BEZIER_KNOTS.);
#1008 = CARTESIAN_POINT('',(6.850581753186,2.));
#1009 = CARTESIAN_POINT('',(6.850581753186,2.24));
#1010 = ( GEOMETRIC_REPRESENTATION_CONTEXT(2) 
PARAMETRIC_REPRESENTATION_CONTEXT() REPRESENTATION_CONTEXT('2D SPACE',''
  ) );
#1011 = PCURVE('',#561,#1012);
#1012 = DEFINITIONAL_REPRESENTATION('',(#1013),#1016);
#1013 = B_SPLINE_CURVE_WITH_KNOTS('',1,(#1014,#1015),.UNSPECIFIED.,.F.,
  .F.,(2,2),(1.9999976,2.2400024),.PIECEWISE_BEZIER_KNOTS.);
#1014 = CARTESIAN_POINT('',(-2.400000000069E-06,1.898225815746));
#1015 = CARTESIAN_POINT('',(0.2400024,1.898225815746));
#1016 = ( GEOMETRIC_REPRESENTATION_CONTEXT(2) 
PARAMETRIC_REPRESENTATION_CONTEXT() REPRESENTATION_CONTEXT('2D SPACE',''
  ) );
#1017 = ORIENTED_EDGE('',*,*,#514,.F.);
#1018 = ORIENTED_EDGE('',*,*,#1019,.F.);
#1019 = EDGE_CURVE('',#969,#515,#1020,.T.);
#1020 = SURFACE_CURVE('',#1021,(#1025,#1031),.PCURVE_S1.);
#1021 = LINE('',#1022,#1023);
#1022 = CARTESIAN_POINT('',(3.62620324977,-2.310984636763,1.4));
#1023 = VECTOR('',#1024,1.);
#1024 = DIRECTION('',(0.,0.,1.));
#1025 = PCURVE('',#533,#1026);
#1026 = DEFINITIONAL_REPRESENTATION('',(#1027),#1030);
#1027 = B_SPLINE_CURVE_WITH_KNOTS('',1,(#1028,#1029),.UNSPECIFIED.,.F.,
  .F.,(2,2),(2.,2.24),.PIECEWISE_BEZIER_KNOTS.);
#1028 = CARTESIAN_POINT('',(5.715788861173,2.));
#1029 = CARTESIAN_POINT('',(5.715788861173,2.24));
#1030 = ( GEOMETRIC_REPRESENTATION_CONTEXT(2) 
PARAMETRIC_REPRESENTATION_CONTEXT() REPRESENTATION_CONTEXT('2D SPACE',''
  ) );
#1031 = PCURVE('',#951,#1032);
#1032 = DEFINITIONAL_REPRESENTATION('',(#1033),#1036);
#1033 = B_SPLINE_CURVE_WITH_KNOTS('',1,(#1034,#1035),.UNSPECIFIED.,.F.,
  .F.,(2,2),(1.9999976,2.2400024),.PIECEWISE_BEZIER_KNOTS.);
#1034 = CARTESIAN_POINT('',(-2.400000000069E-06,1.898225815746));
#1035 = CARTESIAN_POINT('',(0.2400024,1.898225815746));
#1036 = ( GEOMETRIC_REPRESENTATION_CONTEXT(2) 
PARAMETRIC_REPRESENTATION_CONTEXT() REPRESENTATION_CONTEXT('2D SPACE',''
  ) );
#1037 = ADVANCED_FACE('',(#1038),#561,.F.);
#1038 = FACE_BOUND('',#1039,.F.);
#1039 = EDGE_LOOP('',(#1040,#1063,#1064,#1065));
#1040 = ORIENTED_EDGE('',*,*,#1041,.F.);
#1041 = EDGE_CURVE('',#971,#1042,#1044,.T.);
#1042 = VERTEX_POINT('',#1043);
#1043 = CARTESIAN_POINT('',(4.185407841001,2.870189227994,3.4));
#1044 = SURFACE_CURVE('',#1045,(#1049,#1056),.PCURVE_S1.);
#1045 = LINE('',#1046,#1047);
#1046 = CARTESIAN_POINT('',(2.283954903233,0.968736290226,3.4));
#1047 = VECTOR('',#1048,1.);
#1048 = DIRECTION('',(0.707106781187,0.707106781187,0.));
#1049 = PCURVE('',#561,#1050);
#1050 = DEFINITIONAL_REPRESENTATION('',(#1051),#1055);
#1051 = LINE('',#1052,#1053);
#1052 = CARTESIAN_POINT('',(0.,0.));
#1053 = VECTOR('',#1054,1.);
#1054 = DIRECTION('',(0.,1.));
#1055 = ( GEOMETRIC_REPRESENTATION_CONTEXT(2) 
PARAMETRIC_REPRESENTATION_CONTEXT() REPRESENTATION_CONTEXT('2D SPACE',''
  ) );
#1056 = PCURVE('',#987,#1057);
#1057 = DEFINITIONAL_REPRESENTATION('',(#1058),#1062);
#1058 = LINE('',#1059,#1060);
#1059 = CARTESIAN_POINT('',(2.283954903233,0.968736290226));
#1060 = VECTOR('',#1061,1.);
#1061 = DIRECTION('',(0.707106781187,0.707106781187));
#1062 = ( GEOMETRIC_REPRESENTATION_CONTEXT(2) 
PARAMETRIC_REPRESENTATION_CONTEXT() REPRESENTATION_CONTEXT('2D SPACE',''
  ) );
#1063 = ORIENTED_EDGE('',*,*,#999,.T.);
#1064 = ORIENTED_EDGE('',*,*,#545,.T.);
#1065 = ORIENTED_EDGE('',*,*,#1066,.F.);
#1066 = EDGE_CURVE('',#1042,#546,#1067,.T.);
#1067 = SURFACE_CURVE('',#1068,(#1072,#1078),.PCURVE_S1.);
#1068 = LINE('',#1069,#1070);
#1069 = CARTESIAN_POINT('',(4.185407841001,2.870189227994,2.4));
#1070 = VECTOR('',#1071,1.);
#1071 = DIRECTION('',(0.,0.,1.));
#1072 = PCURVE('',#561,#1073);
#1073 = DEFINITIONAL_REPRESENTATION('',(#1074),#1077);
#1074 = B_SPLINE_CURVE_WITH_KNOTS('',1,(#1075,#1076),.UNSPECIFIED.,.F.,
  .F.,(2,2),(0.96,1.44),.PIECEWISE_BEZIER_KNOTS.);
#1075 = CARTESIAN_POINT('',(-4.E-02,2.689060532806));
#1076 = CARTESIAN_POINT('',(0.44,2.689060532806));
#1077 = ( GEOMETRIC_REPRESENTATION_CONTEXT(2) 
PARAMETRIC_REPRESENTATION_CONTEXT() REPRESENTATION_CONTEXT('2D SPACE',''
  ) );
#1078 = PCURVE('',#589,#1079);
#1079 = DEFINITIONAL_REPRESENTATION('',(#1080),#1083);
#1080 = B_SPLINE_CURVE_WITH_KNOTS('',1,(#1081,#1082),.UNSPECIFIED.,.F.,
  .F.,(2,2),(0.96,1.44),.PIECEWISE_BEZIER_KNOTS.);
#1081 = CARTESIAN_POINT('',(0.601105489069,0.96));
#1082 = CARTESIAN_POINT('',(0.601105489069,1.44));
#1083 = ( GEOMETRIC_REPRESENTATION_CONTEXT(2) 
PARAMETRIC_REPRESENTATION_CONTEXT() REPRESENTATION_CONTEXT('2D SPACE',''
  ) );
#1084 = ADVANCED_FACE('',(#1085),#589,.T.);
#1085 = FACE_BOUND('',#1086,.T.);
#1086 = EDGE_LOOP('',(#1087,#1115,#1134,#1135));
#1087 = ORIENTED_EDGE('',*,*,#1088,.F.);
#1088 = EDGE_CURVE('',#1089,#1042,#1091,.T.);
#1089 = VERTEX_POINT('',#1090);
#1090 = CARTESIAN_POINT('',(2.870189227994,4.185407841001,3.4));
#1091 = SURFACE_CURVE('',#1092,(#1097,#1104),.PCURVE_S1.);
#1092 = CIRCLE('',#1093,5.075);
#1093 = AXIS2_PLACEMENT_3D('',#1094,#1095,#1096);
#1094 = CARTESIAN_POINT('',(0.,0.,3.4));
#1095 = DIRECTION('',(0.,0.,-1.));
#1096 = DIRECTION('',(0.565554527683,0.824710904631,0.));
#1097 = PCURVE('',#589,#1098);
#1098 = DEFINITIONAL_REPRESENTATION('',(#1099),#1103);
#1099 = LINE('',#1100,#1101);
#1100 = CARTESIAN_POINT('',(0.969690837726,1.));
#1101 = VECTOR('',#1102,1.);
#1102 = DIRECTION('',(-1.,-0.));
#1103 = ( GEOMETRIC_REPRESENTATION_CONTEXT(2) 
PARAMETRIC_REPRESENTATION_CONTEXT() REPRESENTATION_CONTEXT('2D SPACE',''
  ) );
#1104 = PCURVE('',#987,#1105);
#1105 = DEFINITIONAL_REPRESENTATION('',(#1106),#1114);
#1106 = ( BOUNDED_CURVE() B_SPLINE_CURVE(2,(#1107,#1108,#1109,#1110,
#1111,#1112,#1113),.UNSPECIFIED.,.T.,.F.) B_SPLINE_CURVE_WITH_KNOTS((1,2
    ,2,2,2,1),(-2.094395102393,0.,2.094395102393,4.188790204786,
6.28318530718,8.377580409573),.UNSPECIFIED.) CURVE() 
GEOMETRIC_REPRESENTATION_ITEM() RATIONAL_B_SPLINE_CURVE((1.,0.5,1.,0.5,
1.,0.5,1.)) REPRESENTATION_ITEM('') );
#1107 = CARTESIAN_POINT('',(2.870189227994,4.185407841001));
#1108 = CARTESIAN_POINT('',(10.119528259004,-0.785905729221));
#1109 = CARTESIAN_POINT('',(2.189574901508,-4.578360705611));
#1110 = CARTESIAN_POINT('',(-5.740378455987,-8.370815682001));
#1111 = CARTESIAN_POINT('',(-5.059764129502,0.392952864611));
#1112 = CARTESIAN_POINT('',(-4.379149803017,9.156721411222));
#1113 = CARTESIAN_POINT('',(2.870189227994,4.185407841001));
#1114 = ( GEOMETRIC_REPRESENTATION_CONTEXT(2) 
PARAMETRIC_REPRESENTATION_CONTEXT() REPRESENTATION_CONTEXT('2D SPACE',''
  ) );
#1115 = ORIENTED_EDGE('',*,*,#1116,.T.);
#1116 = EDGE_CURVE('',#1089,#573,#1117,.T.);
#1117 = SURFACE_CURVE('',#1118,(#1122,#1128),.PCURVE_S1.);
#1118 = LINE('',#1119,#1120);
#1119 = CARTESIAN_POINT('',(2.870189227994,4.185407841001,2.4));
#1120 = VECTOR('',#1121,1.);
#1121 = DIRECTION('',(0.,0.,1.));
#1122 = PCURVE('',#589,#1123);
#1123 = DEFINITIONAL_REPRESENTATION('',(#1124),#1127);
#1124 = B_SPLINE_CURVE_WITH_KNOTS('',1,(#1125,#1126),.UNSPECIFIED.,.F.,
  .F.,(2,2),(0.96,1.44),.PIECEWISE_BEZIER_KNOTS.);
#1125 = CARTESIAN_POINT('',(0.969690837726,0.96));
#1126 = CARTESIAN_POINT('',(0.969690837726,1.44));
#1127 = ( GEOMETRIC_REPRESENTATION_CONTEXT(2) 
PARAMETRIC_REPRESENTATION_CONTEXT() REPRESENTATION_CONTEXT('2D SPACE',''
  ) );
#1128 = PCURVE('',#617,#1129);
#1129 = DEFINITIONAL_REPRESENTATION('',(#1130),#1133);
#1130 = B_SPLINE_CURVE_WITH_KNOTS('',1,(#1131,#1132),.UNSPECIFIED.,.F.,
  .F.,(2,2),(0.96,1.44),.PIECEWISE_BEZIER_KNOTS.);
#1131 = CARTESIAN_POINT('',(-4.E-02,2.689060532806));
#1132 = CARTESIAN_POINT('',(0.44,2.689060532806));
#1133 = ( GEOMETRIC_REPRESENTATION_CONTEXT(2) 
PARAMETRIC_REPRESENTATION_CONTEXT() REPRESENTATION_CONTEXT('2D SPACE',''
  ) );
#1134 = ORIENTED_EDGE('',*,*,#572,.F.);
#1135 = ORIENTED_EDGE('',*,*,#1066,.F.);
#1136 = ADVANCED_FACE('',(#1137),#617,.T.);
#1137 = FACE_BOUND('',#1138,.T.);
#1138 = EDGE_LOOP('',(#1139,#1162,#1181,#1182));
#1139 = ORIENTED_EDGE('',*,*,#1140,.F.);
#1140 = EDGE_CURVE('',#1141,#1089,#1143,.T.);
#1141 = VERTEX_POINT('',#1142);
#1142 = CARTESIAN_POINT('',(2.310984636763,3.62620324977,3.4));
#1143 = SURFACE_CURVE('',#1144,(#1148,#1155),.PCURVE_S1.);
#1144 = LINE('',#1145,#1146);
#1145 = CARTESIAN_POINT('',(0.968736290226,2.283954903233,3.4));
#1146 = VECTOR('',#1147,1.);
#1147 = DIRECTION('',(0.707106781187,0.707106781187,0.));
#1148 = PCURVE('',#617,#1149);
#1149 = DEFINITIONAL_REPRESENTATION('',(#1150),#1154);
#1150 = LINE('',#1151,#1152);
#1151 = CARTESIAN_POINT('',(0.,0.));
#1152 = VECTOR('',#1153,1.);
#1153 = DIRECTION('',(0.,1.));
#1154 = ( GEOMETRIC_REPRESENTATION_CONTEXT(2) 
PARAMETRIC_REPRESENTATION_CONTEXT() REPRESENTATION_CONTEXT('2D SPACE',''
  ) );
#1155 = PCURVE('',#987,#1156);
#1156 = DEFINITIONAL_REPRESENTATION('',(#1157),#1161);
#1157 = LINE('',#1158,#1159);
#1158 = CARTESIAN_POINT('',(0.968736290226,2.283954903233));
#1159 = VECTOR('',#1160,1.);
#1160 = DIRECTION('',(0.707106781187,0.707106781187));
#1161 = ( GEOMETRIC_REPRESENTATION_CONTEXT(2) 
PARAMETRIC_REPRESENTATION_CONTEXT() REPRESENTATION_CONTEXT('2D SPACE',''
  ) );
#1162 = ORIENTED_EDGE('',*,*,#1163,.T.);
#1163 = EDGE_CURVE('',#1141,#602,#1164,.T.);
#1164 = SURFACE_CURVE('',#1165,(#1169,#1175),.PCURVE_S1.);
#1165 = LINE('',#1166,#1167);
#1166 = CARTESIAN_POINT('',(2.310984636763,3.62620324977,1.4));
#1167 = VECTOR('',#1168,1.);
#1168 = DIRECTION('',(0.,0.,1.));
#1169 = PCURVE('',#617,#1170);
#1170 = DEFINITIONAL_REPRESENTATION('',(#1171),#1174);
#1171 = B_SPLINE_CURVE_WITH_KNOTS('',1,(#1172,#1173),.UNSPECIFIED.,.F.,
  .F.,(2,2),(1.9999976,2.2400024),.PIECEWISE_BEZIER_KNOTS.);
#1172 = CARTESIAN_POINT('',(-2.400000000069E-06,1.898225815746));
#1173 = CARTESIAN_POINT('',(0.2400024,1.898225815746));
#1174 = ( GEOMETRIC_REPRESENTATION_CONTEXT(2) 
PARAMETRIC_REPRESENTATION_CONTEXT() REPRESENTATION_CONTEXT('2D SPACE',''
  ) );
#1175 = PCURVE('',#645,#1176);
#1176 = DEFINITIONAL_REPRESENTATION('',(#1177),#1180);
#1177 = B_SPLINE_CURVE_WITH_KNOTS('',1,(#1178,#1179),.UNSPECIFIED.,.F.,
  .F.,(2,2),(1.9999976,2.2400024),.PIECEWISE_BEZIER_KNOTS.);
#1178 = CARTESIAN_POINT('',(1.003399880788,1.9999976));
#1179 = CARTESIAN_POINT('',(1.003399880788,2.2400024));
#1180 = ( GEOMETRIC_REPRESENTATION_CONTEXT(2) 
PARAMETRIC_REPRESENTATION_CONTEXT() REPRESENTATION_CONTEXT('2D SPACE',''
  ) );
#1181 = ORIENTED_EDGE('',*,*,#601,.T.);
#1182 = ORIENTED_EDGE('',*,*,#1116,.F.);
#1183 = ADVANCED_FACE('',(#1184),#645,.T.);
#1184 = FACE_BOUND('',#1185,.T.);
#1185 = EDGE_LOOP('',(#1186,#1187,#1188,#1212));
#1186 = ORIENTED_EDGE('',*,*,#628,.F.);
#1187 = ORIENTED_EDGE('',*,*,#1163,.F.);
#1188 = ORIENTED_EDGE('',*,*,#1189,.T.);
#1189 = EDGE_CURVE('',#1141,#1190,#1192,.T.);
#1190 = VERTEX_POINT('',#1191);
#1191 = CARTESIAN_POINT('',(-2.310984636763,3.62620324977,3.4));
#1192 = SURFACE_CURVE('',#1193,(#1198,#1205),.PCURVE_S1.);
#1193 = CIRCLE('',#1194,4.3);
#1194 = AXIS2_PLACEMENT_3D('',#1195,#1196,#1197);
#1195 = CARTESIAN_POINT('',(0.,0.,3.4));
#1196 = DIRECTION('',(0.,0.,1.));
#1197 = DIRECTION('',(1.,0.,-0.));
#1198 = PCURVE('',#645,#1199);
#1199 = DEFINITIONAL_REPRESENTATION('',(#1200),#1204);
#1200 = LINE('',#1201,#1202);
#1201 = CARTESIAN_POINT('',(0.,2.));
#1202 = VECTOR('',#1203,1.);
#1203 = DIRECTION('',(1.,0.));
#1204 = ( GEOMETRIC_REPRESENTATION_CONTEXT(2) 
PARAMETRIC_REPRESENTATION_CONTEXT() REPRESENTATION_CONTEXT('2D SPACE',''
  ) );
#1205 = PCURVE('',#987,#1206);
#1206 = DEFINITIONAL_REPRESENTATION('',(#1207),#1211);
#1207 = CIRCLE('',#1208,4.3);
#1208 = AXIS2_PLACEMENT_2D('',#1209,#1210);
#1209 = CARTESIAN_POINT('',(0.,0.));
#1210 = DIRECTION('',(1.,0.));
#1211 = ( GEOMETRIC_REPRESENTATION_CONTEXT(2) 
PARAMETRIC_REPRESENTATION_CONTEXT() REPRESENTATION_CONTEXT('2D SPACE',''
  ) );
#1212 = ORIENTED_EDGE('',*,*,#1213,.T.);
#1213 = EDGE_CURVE('',#1190,#629,#1214,.T.);
#1214 = SURFACE_CURVE('',#1215,(#1219,#1225),.PCURVE_S1.);
#1215 = LINE('',#1216,#1217);
#1216 = CARTESIAN_POINT('',(-2.310984636763,3.62620324977,1.4));
#1217 = VECTOR('',#1218,1.);
#1218 = DIRECTION('',(0.,0.,1.));
#1219 = PCURVE('',#645,#1220);
#1220 = DEFINITIONAL_REPRESENTATION('',(#1221),#1224);
#1221 = B_SPLINE_CURVE_WITH_KNOTS('',1,(#1222,#1223),.UNSPECIFIED.,.F.,
  .F.,(2,2),(1.9999976,2.2400024),.PIECEWISE_BEZIER_KNOTS.);
#1222 = CARTESIAN_POINT('',(2.138192772802,1.9999976));
#1223 = CARTESIAN_POINT('',(2.138192772802,2.2400024));
#1224 = ( GEOMETRIC_REPRESENTATION_CONTEXT(2) 
PARAMETRIC_REPRESENTATION_CONTEXT() REPRESENTATION_CONTEXT('2D SPACE',''
  ) );
#1225 = PCURVE('',#673,#1226);
#1226 = DEFINITIONAL_REPRESENTATION('',(#1227),#1230);
#1227 = B_SPLINE_CURVE_WITH_KNOTS('',1,(#1228,#1229),.UNSPECIFIED.,.F.,
  .F.,(2,2),(1.9999976,2.2400024),.PIECEWISE_BEZIER_KNOTS.);
#1228 = CARTESIAN_POINT('',(-2.400000000069E-06,1.898225815746));
#1229 = CARTESIAN_POINT('',(0.2400024,1.898225815746));
#1230 = ( GEOMETRIC_REPRESENTATION_CONTEXT(2) 
PARAMETRIC_REPRESENTATION_CONTEXT() REPRESENTATION_CONTEXT('2D SPACE',''
  ) );
#1231 = ADVANCED_FACE('',(#1232),#673,.F.);
#1232 = FACE_BOUND('',#1233,.F.);
#1233 = EDGE_LOOP('',(#1234,#1257,#1258,#1259));
#1234 = ORIENTED_EDGE('',*,*,#1235,.F.);
#1235 = EDGE_CURVE('',#1190,#1236,#1238,.T.);
#1236 = VERTEX_POINT('',#1237);
#1237 = CARTESIAN_POINT('',(-2.870189227994,4.185407841001,3.4));
#1238 = SURFACE_CURVE('',#1239,(#1243,#1250),.PCURVE_S1.);
#1239 = LINE('',#1240,#1241);
#1240 = CARTESIAN_POINT('',(-0.968736290226,2.283954903233,3.4));
#1241 = VECTOR('',#1242,1.);
#1242 = DIRECTION('',(-0.707106781187,0.707106781187,0.));
#1243 = PCURVE('',#673,#1244);
#1244 = DEFINITIONAL_REPRESENTATION('',(#1245),#1249);
#1245 = LINE('',#1246,#1247);
#1246 = CARTESIAN_POINT('',(0.,0.));
#1247 = VECTOR('',#1248,1.);
#1248 = DIRECTION('',(0.,1.));
#1249 = ( GEOMETRIC_REPRESENTATION_CONTEXT(2) 
PARAMETRIC_REPRESENTATION_CONTEXT() REPRESENTATION_CONTEXT('2D SPACE',''
  ) );
#1250 = PCURVE('',#987,#1251);
#1251 = DEFINITIONAL_REPRESENTATION('',(#1252),#1256);
#1252 = LINE('',#1253,#1254);
#1253 = CARTESIAN_POINT('',(-0.968736290226,2.283954903233));
#1254 = VECTOR('',#1255,1.);
#1255 = DIRECTION('',(-0.707106781187,0.707106781187));
#1256 = ( GEOMETRIC_REPRESENTATION_CONTEXT(2) 
PARAMETRIC_REPRESENTATION_CONTEXT() REPRESENTATION_CONTEXT('2D SPACE',''
  ) );
#1257 = ORIENTED_EDGE('',*,*,#1213,.T.);
#1258 = ORIENTED_EDGE('',*,*,#657,.T.);
#1259 = ORIENTED_EDGE('',*,*,#1260,.F.);
#1260 = EDGE_CURVE('',#1236,#658,#1261,.T.);
#1261 = SURFACE_CURVE('',#1262,(#1266,#1272),.PCURVE_S1.);
#1262 = LINE('',#1263,#1264);
#1263 = CARTESIAN_POINT('',(-2.870189227994,4.185407841001,2.4));
#1264 = VECTOR('',#1265,1.);
#1265 = DIRECTION('',(0.,0.,1.));
#1266 = PCURVE('',#673,#1267);
#1267 = DEFINITIONAL_REPRESENTATION('',(#1268),#1271);
#1268 = B_SPLINE_CURVE_WITH_KNOTS('',1,(#1269,#1270),.UNSPECIFIED.,.F.,
  .F.,(2,2),(0.96,1.44),.PIECEWISE_BEZIER_KNOTS.);
#1269 = CARTESIAN_POINT('',(-4.E-02,2.689060532806));
#1270 = CARTESIAN_POINT('',(0.44,2.689060532806));
#1271 = ( GEOMETRIC_REPRESENTATION_CONTEXT(2) 
PARAMETRIC_REPRESENTATION_CONTEXT() REPRESENTATION_CONTEXT('2D SPACE',''
  ) );
#1272 = PCURVE('',#701,#1273);
#1273 = DEFINITIONAL_REPRESENTATION('',(#1274),#1277);
#1274 = B_SPLINE_CURVE_WITH_KNOTS('',1,(#1275,#1276),.UNSPECIFIED.,.F.,
  .F.,(2,2),(0.96,1.44),.PIECEWISE_BEZIER_KNOTS.);
#1275 = CARTESIAN_POINT('',(2.171901815864,0.96));
#1276 = CARTESIAN_POINT('',(2.171901815864,1.44));
#1277 = ( GEOMETRIC_REPRESENTATION_CONTEXT(2) 
PARAMETRIC_REPRESENTATION_CONTEXT() REPRESENTATION_CONTEXT('2D SPACE',''
  ) );
#1278 = ADVANCED_FACE('',(#1279),#701,.T.);
#1279 = FACE_BOUND('',#1280,.T.);
#1280 = EDGE_LOOP('',(#1281,#1309,#1328,#1329));
#1281 = ORIENTED_EDGE('',*,*,#1282,.F.);
#1282 = EDGE_CURVE('',#1283,#1236,#1285,.T.);
#1283 = VERTEX_POINT('',#1284);
#1284 = CARTESIAN_POINT('',(-4.185407841001,2.870189227994,3.4));
#1285 = SURFACE_CURVE('',#1286,(#1291,#1298),.PCURVE_S1.);
#1286 = CIRCLE('',#1287,5.075);
#1287 = AXIS2_PLACEMENT_3D('',#1288,#1289,#1290);
#1288 = CARTESIAN_POINT('',(0.,0.,3.4));
#1289 = DIRECTION('',(0.,0.,-1.));
#1290 = DIRECTION('',(-0.824710904631,0.565554527683,0.));
#1291 = PCURVE('',#701,#1292);
#1292 = DEFINITIONAL_REPRESENTATION('',(#1293),#1297);
#1293 = LINE('',#1294,#1295);
#1294 = CARTESIAN_POINT('',(2.540487164521,1.));
#1295 = VECTOR('',#1296,1.);
#1296 = DIRECTION('',(-1.,-0.));
#1297 = ( GEOMETRIC_REPRESENTATION_CONTEXT(2) 
PARAMETRIC_REPRESENTATION_CONTEXT() REPRESENTATION_CONTEXT('2D SPACE',''
  ) );
#1298 = PCURVE('',#987,#1299);
#1299 = DEFINITIONAL_REPRESENTATION('',(#1300),#1308);
#1300 = ( BOUNDED_CURVE() B_SPLINE_CURVE(2,(#1301,#1302,#1303,#1304,
#1305,#1306,#1307),.UNSPECIFIED.,.T.,.F.) B_SPLINE_CURVE_WITH_KNOTS((1,2
    ,2,2,2,1),(-2.094395102393,0.,2.094395102393,4.188790204786,
6.28318530718,8.377580409573),.UNSPECIFIED.) CURVE() 
GEOMETRIC_REPRESENTATION_ITEM() RATIONAL_B_SPLINE_CURVE((1.,0.5,1.,0.5,
1.,0.5,1.)) REPRESENTATION_ITEM('') );
#1301 = CARTESIAN_POINT('',(-4.185407841001,2.870189227994));
#1302 = CARTESIAN_POINT('',(0.785905729221,10.119528259004));
#1303 = CARTESIAN_POINT('',(4.578360705611,2.189574901508));
#1304 = CARTESIAN_POINT('',(8.370815682001,-5.740378455987));
#1305 = CARTESIAN_POINT('',(-0.392952864611,-5.059764129502));
#1306 = CARTESIAN_POINT('',(-9.156721411222,-4.379149803017));
#1307 = CARTESIAN_POINT('',(-4.185407841001,2.870189227994));
#1308 = ( GEOMETRIC_REPRESENTATION_CONTEXT(2) 
PARAMETRIC_REPRESENTATION_CONTEXT() REPRESENTATION_CONTEXT('2D SPACE',''
  ) );
#1309 = ORIENTED_EDGE('',*,*,#1310,.T.);
#1310 = EDGE_CURVE('',#1283,#685,#1311,.T.);
#1311 = SURFACE_CURVE('',#1312,(#1316,#1322),.PCURVE_S1.);
#1312 = LINE('',#1313,#1314);
#1313 = CARTESIAN_POINT('',(-4.185407841001,2.870189227994,2.4));
#1314 = VECTOR('',#1315,1.);
#1315 = DIRECTION('',(0.,0.,1.));
#1316 = PCURVE('',#701,#1317);
#1317 = DEFINITIONAL_REPRESENTATION('',(#1318),#1321);
#1318 = B_SPLINE_CURVE_WITH_KNOTS('',1,(#1319,#1320),.UNSPECIFIED.,.F.,
  .F.,(2,2),(0.96,1.44),.PIECEWISE_BEZIER_KNOTS.);
#1319 = CARTESIAN_POINT('',(2.540487164521,0.96));
#1320 = CARTESIAN_POINT('',(2.540487164521,1.44));
#1321 = ( GEOMETRIC_REPRESENTATION_CONTEXT(2) 
PARAMETRIC_REPRESENTATION_CONTEXT() REPRESENTATION_CONTEXT('2D SPACE',''
  ) );
#1322 = PCURVE('',#729,#1323);
#1323 = DEFINITIONAL_REPRESENTATION('',(#1324),#1327);
#1324 = B_SPLINE_CURVE_WITH_KNOTS('',1,(#1325,#1326),.UNSPECIFIED.,.F.,
  .F.,(2,2),(0.96,1.44),.PIECEWISE_BEZIER_KNOTS.);
#1325 = CARTESIAN_POINT('',(-4.E-02,2.689060532806));
#1326 = CARTESIAN_POINT('',(0.44,2.689060532806));
#1327 = ( GEOMETRIC_REPRESENTATION_CONTEXT(2) 
PARAMETRIC_REPRESENTATION_CONTEXT() REPRESENTATION_CONTEXT('2D SPACE',''
  ) );
#1328 = ORIENTED_EDGE('',*,*,#684,.F.);
#1329 = ORIENTED_EDGE('',*,*,#1260,.F.);
#1330 = ADVANCED_FACE('',(#1331),#729,.T.);
#1331 = FACE_BOUND('',#1332,.T.);
#1332 = EDGE_LOOP('',(#1333,#1356,#1375,#1376));
#1333 = ORIENTED_EDGE('',*,*,#1334,.F.);
#1334 = EDGE_CURVE('',#1335,#1283,#1337,.T.);
#1335 = VERTEX_POINT('',#1336);
#1336 = CARTESIAN_POINT('',(-3.62620324977,2.310984636763,3.4));
#1337 = SURFACE_CURVE('',#1338,(#1342,#1349),.PCURVE_S1.);
#1338 = LINE('',#1339,#1340);
#1339 = CARTESIAN_POINT('',(-2.283954903233,0.968736290226,3.4));
#1340 = VECTOR('',#1341,1.);
#1341 = DIRECTION('',(-0.707106781187,0.707106781187,0.));
#1342 = PCURVE('',#729,#1343);
#1343 = DEFINITIONAL_REPRESENTATION('',(#1344),#1348);
#1344 = LINE('',#1345,#1346);
#1345 = CARTESIAN_POINT('',(0.,0.));
#1346 = VECTOR('',#1347,1.);
#1347 = DIRECTION('',(0.,1.));
#1348 = ( GEOMETRIC_REPRESENTATION_CONTEXT(2) 
PARAMETRIC_REPRESENTATION_CONTEXT() REPRESENTATION_CONTEXT('2D SPACE',''
  ) );
#1349 = PCURVE('',#987,#1350);
#1350 = DEFINITIONAL_REPRESENTATION('',(#1351),#1355);
#1351 = LINE('',#1352,#1353);
#1352 = CARTESIAN_POINT('',(-2.283954903233,0.968736290226));
#1353 = VECTOR('',#1354,1.);
#1354 = DIRECTION('',(-0.707106781187,0.707106781187));
#1355 = ( GEOMETRIC_REPRESENTATION_CONTEXT(2) 
PARAMETRIC_REPRESENTATION_CONTEXT() REPRESENTATION_CONTEXT('2D SPACE',''
  ) );
#1356 = ORIENTED_EDGE('',*,*,#1357,.T.);
#1357 = EDGE_CURVE('',#1335,#714,#1358,.T.);
#1358 = SURFACE_CURVE('',#1359,(#1363,#1369),.PCURVE_S1.);
#1359 = LINE('',#1360,#1361);
#1360 = CARTESIAN_POINT('',(-3.62620324977,2.310984636763,1.4));
#1361 = VECTOR('',#1362,1.);
#1362 = DIRECTION('',(0.,0.,1.));
#1363 = PCURVE('',#729,#1364);
#1364 = DEFINITIONAL_REPRESENTATION('',(#1365),#1368);
#1365 = B_SPLINE_CURVE_WITH_KNOTS('',1,(#1366,#1367),.UNSPECIFIED.,.F.,
  .F.,(2,2),(1.9999976,2.2400024),.PIECEWISE_BEZIER_KNOTS.);
#1366 = CARTESIAN_POINT('',(-2.400000000069E-06,1.898225815746));
#1367 = CARTESIAN_POINT('',(0.2400024,1.898225815746));
#1368 = ( GEOMETRIC_REPRESENTATION_CONTEXT(2) 
PARAMETRIC_REPRESENTATION_CONTEXT() REPRESENTATION_CONTEXT('2D SPACE',''
  ) );
#1369 = PCURVE('',#757,#1370);
#1370 = DEFINITIONAL_REPRESENTATION('',(#1371),#1374);
#1371 = B_SPLINE_CURVE_WITH_KNOTS('',1,(#1372,#1373),.UNSPECIFIED.,.F.,
  .F.,(2,2),(1.9999976,2.2400024),.PIECEWISE_BEZIER_KNOTS.);
#1372 = CARTESIAN_POINT('',(2.574196207583,1.9999976));
#1373 = CARTESIAN_POINT('',(2.574196207583,2.2400024));
#1374 = ( GEOMETRIC_REPRESENTATION_CONTEXT(2) 
PARAMETRIC_REPRESENTATION_CONTEXT() REPRESENTATION_CONTEXT('2D SPACE',''
  ) );
#1375 = ORIENTED_EDGE('',*,*,#713,.T.);
#1376 = ORIENTED_EDGE('',*,*,#1310,.F.);
#1377 = ADVANCED_FACE('',(#1378),#757,.T.);
#1378 = FACE_BOUND('',#1379,.T.);
#1379 = EDGE_LOOP('',(#1380,#1381,#1382,#1406));
#1380 = ORIENTED_EDGE('',*,*,#740,.F.);
#1381 = ORIENTED_EDGE('',*,*,#1357,.F.);
#1382 = ORIENTED_EDGE('',*,*,#1383,.T.);
#1383 = EDGE_CURVE('',#1335,#1384,#1386,.T.);
#1384 = VERTEX_POINT('',#1385);
#1385 = CARTESIAN_POINT('',(-3.62620324977,-2.310984636763,3.4));
#1386 = SURFACE_CURVE('',#1387,(#1392,#1399),.PCURVE_S1.);
#1387 = CIRCLE('',#1388,4.3);
#1388 = AXIS2_PLACEMENT_3D('',#1389,#1390,#1391);
#1389 = CARTESIAN_POINT('',(0.,0.,3.4));
#1390 = DIRECTION('',(0.,0.,1.));
#1391 = DIRECTION('',(1.,0.,-0.));
#1392 = PCURVE('',#757,#1393);
#1393 = DEFINITIONAL_REPRESENTATION('',(#1394),#1398);
#1394 = LINE('',#1395,#1396);
#1395 = CARTESIAN_POINT('',(0.,2.));
#1396 = VECTOR('',#1397,1.);
#1397 = DIRECTION('',(1.,0.));
#1398 = ( GEOMETRIC_REPRESENTATION_CONTEXT(2) 
PARAMETRIC_REPRESENTATION_CONTEXT() REPRESENTATION_CONTEXT('2D SPACE',''
  ) );
#1399 = PCURVE('',#987,#1400);
#1400 = DEFINITIONAL_REPRESENTATION('',(#1401),#1405);
#1401 = CIRCLE('',#1402,4.3);
#1402 = AXIS2_PLACEMENT_2D('',#1403,#1404);
#1403 = CARTESIAN_POINT('',(0.,0.));
#1404 = DIRECTION('',(1.,0.));
#1405 = ( GEOMETRIC_REPRESENTATION_CONTEXT(2) 
PARAMETRIC_REPRESENTATION_CONTEXT() REPRESENTATION_CONTEXT('2D SPACE',''
  ) );
#1406 = ORIENTED_EDGE('',*,*,#1407,.T.);
#1407 = EDGE_CURVE('',#1384,#741,#1408,.T.);
#1408 = SURFACE_CURVE('',#1409,(#1413,#1419),.PCURVE_S1.);
#1409 = LINE('',#1410,#1411);
#1410 = CARTESIAN_POINT('',(-3.62620324977,-2.310984636763,1.4));
#1411 = VECTOR('',#1412,1.);
#1412 = DIRECTION('',(0.,0.,1.));
#1413 = PCURVE('',#757,#1414);
#1414 = DEFINITIONAL_REPRESENTATION('',(#1415),#1418);
#1415 = B_SPLINE_CURVE_WITH_KNOTS('',1,(#1416,#1417),.UNSPECIFIED.,.F.,
  .F.,(2,2),(1.9999976,2.2400024),.PIECEWISE_BEZIER_KNOTS.);
#1416 = CARTESIAN_POINT('',(3.708989099597,1.9999976));
#1417 = CARTESIAN_POINT('',(3.708989099597,2.2400024));
#1418 = ( GEOMETRIC_REPRESENTATION_CONTEXT(2) 
PARAMETRIC_REPRESENTATION_CONTEXT() REPRESENTATION_CONTEXT('2D SPACE',''
  ) );
#1419 = PCURVE('',#785,#1420);
#1420 = DEFINITIONAL_REPRESENTATION('',(#1421),#1424);
#1421 = B_SPLINE_CURVE_WITH_KNOTS('',1,(#1422,#1423),.UNSPECIFIED.,.F.,
  .F.,(2,2),(1.9999976,2.2400024),.PIECEWISE_BEZIER_KNOTS.);
#1422 = CARTESIAN_POINT('',(-2.400000000069E-06,1.898225815746));
#1423 = CARTESIAN_POINT('',(0.2400024,1.898225815746));
#1424 = ( GEOMETRIC_REPRESENTATION_CONTEXT(2) 
PARAMETRIC_REPRESENTATION_CONTEXT() REPRESENTATION_CONTEXT('2D SPACE',''
  ) );
#1425 = ADVANCED_FACE('',(#1426),#785,.F.);
#1426 = FACE_BOUND('',#1427,.F.);
#1427 = EDGE_LOOP('',(#1428,#1451,#1452,#1453));
#1428 = ORIENTED_EDGE('',*,*,#1429,.F.);
#1429 = EDGE_CURVE('',#1384,#1430,#1432,.T.);
#1430 = VERTEX_POINT('',#1431);
#1431 = CARTESIAN_POINT('',(-4.185407841001,-2.870189227994,3.4));
#1432 = SURFACE_CURVE('',#1433,(#1437,#1444),.PCURVE_S1.);
#1433 = LINE('',#1434,#1435);
#1434 = CARTESIAN_POINT('',(-2.283954903233,-0.968736290226,3.4));
#1435 = VECTOR('',#1436,1.);
#1436 = DIRECTION('',(-0.707106781187,-0.707106781187,0.));
#1437 = PCURVE('',#785,#1438);
#1438 = DEFINITIONAL_REPRESENTATION('',(#1439),#1443);
#1439 = LINE('',#1440,#1441);
#1440 = CARTESIAN_POINT('',(0.,0.));
#1441 = VECTOR('',#1442,1.);
#1442 = DIRECTION('',(0.,1.));
#1443 = ( GEOMETRIC_REPRESENTATION_CONTEXT(2) 
PARAMETRIC_REPRESENTATION_CONTEXT() REPRESENTATION_CONTEXT('2D SPACE',''
  ) );
#1444 = PCURVE('',#987,#1445);
#1445 = DEFINITIONAL_REPRESENTATION('',(#1446),#1450);
#1446 = LINE('',#1447,#1448);
#1447 = CARTESIAN_POINT('',(-2.283954903233,-0.968736290226));
#1448 = VECTOR('',#1449,1.);
#1449 = DIRECTION('',(-0.707106781187,-0.707106781187));
#1450 = ( GEOMETRIC_REPRESENTATION_CONTEXT(2) 
PARAMETRIC_REPRESENTATION_CONTEXT() REPRESENTATION_CONTEXT('2D SPACE',''
  ) );
#1451 = ORIENTED_EDGE('',*,*,#1407,.T.);
#1452 = ORIENTED_EDGE('',*,*,#769,.T.);
#1453 = ORIENTED_EDGE('',*,*,#1454,.F.);
#1454 = EDGE_CURVE('',#1430,#770,#1455,.T.);
#1455 = SURFACE_CURVE('',#1456,(#1460,#1466),.PCURVE_S1.);
#1456 = LINE('',#1457,#1458);
#1457 = CARTESIAN_POINT('',(-4.185407841001,-2.870189227994,2.4));
#1458 = VECTOR('',#1459,1.);
#1459 = DIRECTION('',(0.,0.,1.));
#1460 = PCURVE('',#785,#1461);
#1461 = DEFINITIONAL_REPRESENTATION('',(#1462),#1465);
#1462 = B_SPLINE_CURVE_WITH_KNOTS('',1,(#1463,#1464),.UNSPECIFIED.,.F.,
  .F.,(2,2),(0.96,1.44),.PIECEWISE_BEZIER_KNOTS.);
#1463 = CARTESIAN_POINT('',(-4.E-02,2.689060532806));
#1464 = CARTESIAN_POINT('',(0.44,2.689060532806));
#1465 = ( GEOMETRIC_REPRESENTATION_CONTEXT(2) 
PARAMETRIC_REPRESENTATION_CONTEXT() REPRESENTATION_CONTEXT('2D SPACE',''
  ) );
#1466 = PCURVE('',#813,#1467);
#1467 = DEFINITIONAL_REPRESENTATION('',(#1468),#1471);
#1468 = B_SPLINE_CURVE_WITH_KNOTS('',1,(#1469,#1470),.UNSPECIFIED.,.F.,
  .F.,(2,2),(0.96,1.44),.PIECEWISE_BEZIER_KNOTS.);
#1469 = CARTESIAN_POINT('',(3.742698142659,0.96));
#1470 = CARTESIAN_POINT('',(3.742698142659,1.44));
#1471 = ( GEOMETRIC_REPRESENTATION_CONTEXT(2) 
PARAMETRIC_REPRESENTATION_CONTEXT() REPRESENTATION_CONTEXT('2D SPACE',''
  ) );
#1472 = ADVANCED_FACE('',(#1473),#813,.T.);
#1473 = FACE_BOUND('',#1474,.T.);
#1474 = EDGE_LOOP('',(#1475,#1503,#1522,#1523));
#1475 = ORIENTED_EDGE('',*,*,#1476,.F.);
#1476 = EDGE_CURVE('',#1477,#1430,#1479,.T.);
#1477 = VERTEX_POINT('',#1478);
#1478 = CARTESIAN_POINT('',(-2.870189227994,-4.185407841001,3.4));
#1479 = SURFACE_CURVE('',#1480,(#1485,#1492),.PCURVE_S1.);
#1480 = CIRCLE('',#1481,5.075);
#1481 = AXIS2_PLACEMENT_3D('',#1482,#1483,#1484);
#1482 = CARTESIAN_POINT('',(0.,0.,3.4));
#1483 = DIRECTION('',(0.,0.,-1.));
#1484 = DIRECTION('',(-0.565554527683,-0.824710904631,-0.));
#1485 = PCURVE('',#813,#1486);
#1486 = DEFINITIONAL_REPRESENTATION('',(#1487),#1491);
#1487 = LINE('',#1488,#1489);
#1488 = CARTESIAN_POINT('',(4.111283491315,1.));
#1489 = VECTOR('',#1490,1.);
#1490 = DIRECTION('',(-1.,-0.));
#1491 = ( GEOMETRIC_REPRESENTATION_CONTEXT(2) 
PARAMETRIC_REPRESENTATION_CONTEXT() REPRESENTATION_CONTEXT('2D SPACE',''
  ) );
#1492 = PCURVE('',#987,#1493);
#1493 = DEFINITIONAL_REPRESENTATION('',(#1494),#1502);
#1494 = ( BOUNDED_CURVE() B_SPLINE_CURVE(2,(#1495,#1496,#1497,#1498,
#1499,#1500,#1501),.UNSPECIFIED.,.T.,.F.) B_SPLINE_CURVE_WITH_KNOTS((1,2
    ,2,2,2,1),(-2.094395102393,0.,2.094395102393,4.188790204786,
6.28318530718,8.377580409573),.UNSPECIFIED.) CURVE() 
GEOMETRIC_REPRESENTATION_ITEM() RATIONAL_B_SPLINE_CURVE((1.,0.5,1.,0.5,
1.,0.5,1.)) REPRESENTATION_ITEM('') );
#1495 = CARTESIAN_POINT('',(-2.870189227994,-4.185407841001));
#1496 = CARTESIAN_POINT('',(-10.119528259,0.785905729221));
#1497 = CARTESIAN_POINT('',(-2.189574901508,4.578360705611));
#1498 = CARTESIAN_POINT('',(5.740378455987,8.370815682001));
#1499 = CARTESIAN_POINT('',(5.059764129502,-0.392952864611));
#1500 = CARTESIAN_POINT('',(4.379149803017,-9.156721411222));
#1501 = CARTESIAN_POINT('',(-2.870189227994,-4.185407841001));
#1502 = ( GEOMETRIC_REPRESENTATION_CONTEXT(2) 
PARAMETRIC_REPRESENTATION_CONTEXT() REPRESENTATION_CONTEXT('2D SPACE',''
  ) );
#1503 = ORIENTED_EDGE('',*,*,#1504,.T.);
#1504 = EDGE_CURVE('',#1477,#797,#1505,.T.);
#1505 = SURFACE_CURVE('',#1506,(#1510,#1516),.PCURVE_S1.);
#1506 = LINE('',#1507,#1508);
#1507 = CARTESIAN_POINT('',(-2.870189227994,-4.185407841001,2.4));
#1508 = VECTOR('',#1509,1.);
#1509 = DIRECTION('',(0.,0.,1.));
#1510 = PCURVE('',#813,#1511);
#1511 = DEFINITIONAL_REPRESENTATION('',(#1512),#1515);
#1512 = B_SPLINE_CURVE_WITH_KNOTS('',1,(#1513,#1514),.UNSPECIFIED.,.F.,
  .F.,(2,2),(0.96,1.44),.PIECEWISE_BEZIER_KNOTS.);
#1513 = CARTESIAN_POINT('',(4.111283491315,0.96));
#1514 = CARTESIAN_POINT('',(4.111283491315,1.44));
#1515 = ( GEOMETRIC_REPRESENTATION_CONTEXT(2) 
PARAMETRIC_REPRESENTATION_CONTEXT() REPRESENTATION_CONTEXT('2D SPACE',''
  ) );
#1516 = PCURVE('',#841,#1517);
#1517 = DEFINITIONAL_REPRESENTATION('',(#1518),#1521);
#1518 = B_SPLINE_CURVE_WITH_KNOTS('',1,(#1519,#1520),.UNSPECIFIED.,.F.,
  .F.,(2,2),(0.96,1.44),.PIECEWISE_BEZIER_KNOTS.);
#1519 = CARTESIAN_POINT('',(-4.E-02,2.689060532806));
#1520 = CARTESIAN_POINT('',(0.44,2.689060532806));
#1521 = ( GEOMETRIC_REPRESENTATION_CONTEXT(2) 
PARAMETRIC_REPRESENTATION_CONTEXT() REPRESENTATION_CONTEXT('2D SPACE',''
  ) );
#1522 = ORIENTED_EDGE('',*,*,#796,.F.);
#1523 = ORIENTED_EDGE('',*,*,#1454,.F.);
#1524 = ADVANCED_FACE('',(#1525),#841,.T.);
#1525 = FACE_BOUND('',#1526,.T.);
#1526 = EDGE_LOOP('',(#1527,#1550,#1569,#1570));
#1527 = ORIENTED_EDGE('',*,*,#1528,.F.);
#1528 = EDGE_CURVE('',#1529,#1477,#1531,.T.);
#1529 = VERTEX_POINT('',#1530);
#1530 = CARTESIAN_POINT('',(-2.310984636763,-3.62620324977,3.4));
#1531 = SURFACE_CURVE('',#1532,(#1536,#1543),.PCURVE_S1.);
#1532 = LINE('',#1533,#1534);
#1533 = CARTESIAN_POINT('',(-0.968736290226,-2.283954903233,3.4));
#1534 = VECTOR('',#1535,1.);
#1535 = DIRECTION('',(-0.707106781187,-0.707106781187,0.));
#1536 = PCURVE('',#841,#1537);
#1537 = DEFINITIONAL_REPRESENTATION('',(#1538),#1542);
#1538 = LINE('',#1539,#1540);
#1539 = CARTESIAN_POINT('',(0.,0.));
#1540 = VECTOR('',#1541,1.);
#1541 = DIRECTION('',(0.,1.));
#1542 = ( GEOMETRIC_REPRESENTATION_CONTEXT(2) 
PARAMETRIC_REPRESENTATION_CONTEXT() REPRESENTATION_CONTEXT('2D SPACE',''
  ) );
#1543 = PCURVE('',#987,#1544);
#1544 = DEFINITIONAL_REPRESENTATION('',(#1545),#1549);
#1545 = LINE('',#1546,#1547);
#1546 = CARTESIAN_POINT('',(-0.968736290226,-2.283954903233));
#1547 = VECTOR('',#1548,1.);
#1548 = DIRECTION('',(-0.707106781187,-0.707106781187));
#1549 = ( GEOMETRIC_REPRESENTATION_CONTEXT(2) 
PARAMETRIC_REPRESENTATION_CONTEXT() REPRESENTATION_CONTEXT('2D SPACE',''
  ) );
#1550 = ORIENTED_EDGE('',*,*,#1551,.T.);
#1551 = EDGE_CURVE('',#1529,#826,#1552,.T.);
#1552 = SURFACE_CURVE('',#1553,(#1557,#1563),.PCURVE_S1.);
#1553 = LINE('',#1554,#1555);
#1554 = CARTESIAN_POINT('',(-2.310984636763,-3.62620324977,1.4));
#1555 = VECTOR('',#1556,1.);
#1556 = DIRECTION('',(0.,0.,1.));
#1557 = PCURVE('',#841,#1558);
#1558 = DEFINITIONAL_REPRESENTATION('',(#1559),#1562);
#1559 = B_SPLINE_CURVE_WITH_KNOTS('',1,(#1560,#1561),.UNSPECIFIED.,.F.,
  .F.,(2,2),(1.9999976,2.2400024),.PIECEWISE_BEZIER_KNOTS.);
#1560 = CARTESIAN_POINT('',(-2.400000000069E-06,1.898225815746));
#1561 = CARTESIAN_POINT('',(0.2400024,1.898225815746));
#1562 = ( GEOMETRIC_REPRESENTATION_CONTEXT(2) 
PARAMETRIC_REPRESENTATION_CONTEXT() REPRESENTATION_CONTEXT('2D SPACE',''
  ) );
#1563 = PCURVE('',#869,#1564);
#1564 = DEFINITIONAL_REPRESENTATION('',(#1565),#1568);
#1565 = B_SPLINE_CURVE_WITH_KNOTS('',1,(#1566,#1567),.UNSPECIFIED.,.F.,
  .F.,(2,2),(1.9999976,2.2400024),.PIECEWISE_BEZIER_KNOTS.);
#1566 = CARTESIAN_POINT('',(4.144992534378,1.9999976));
#1567 = CARTESIAN_POINT('',(4.144992534378,2.2400024));
#1568 = ( GEOMETRIC_REPRESENTATION_CONTEXT(2) 
PARAMETRIC_REPRESENTATION_CONTEXT() REPRESENTATION_CONTEXT('2D SPACE',''
  ) );
#1569 = ORIENTED_EDGE('',*,*,#825,.T.);
#1570 = ORIENTED_EDGE('',*,*,#1504,.F.);
#1571 = ADVANCED_FACE('',(#1572),#869,.T.);
#1572 = FACE_BOUND('',#1573,.T.);
#1573 = EDGE_LOOP('',(#1574,#1595,#1596,#1597));
#1574 = ORIENTED_EDGE('',*,*,#1575,.T.);
#1575 = EDGE_CURVE('',#1576,#853,#1578,.T.);
#1576 = VERTEX_POINT('',#1577);
#1577 = CARTESIAN_POINT('',(2.310984636763,-3.62620324977,3.4));
#1578 = SURFACE_CURVE('',#1579,(#1583,#1589),.PCURVE_S1.);
#1579 = LINE('',#1580,#1581);
#1580 = CARTESIAN_POINT('',(2.310984636763,-3.62620324977,1.4));
#1581 = VECTOR('',#1582,1.);
#1582 = DIRECTION('',(0.,0.,1.));
#1583 = PCURVE('',#869,#1584);
#1584 = DEFINITIONAL_REPRESENTATION('',(#1585),#1588);
#1585 = B_SPLINE_CURVE_WITH_KNOTS('',1,(#1586,#1587),.UNSPECIFIED.,.F.,
  .F.,(2,2),(1.9999976,2.2400024),.PIECEWISE_BEZIER_KNOTS.);
#1586 = CARTESIAN_POINT('',(5.279785426391,1.9999976));
#1587 = CARTESIAN_POINT('',(5.279785426391,2.2400024));
#1588 = ( GEOMETRIC_REPRESENTATION_CONTEXT(2) 
PARAMETRIC_REPRESENTATION_CONTEXT() REPRESENTATION_CONTEXT('2D SPACE',''
  ) );
#1589 = PCURVE('',#897,#1590);
#1590 = DEFINITIONAL_REPRESENTATION('',(#1591),#1594);
#1591 = B_SPLINE_CURVE_WITH_KNOTS('',1,(#1592,#1593),.UNSPECIFIED.,.F.,
  .F.,(2,2),(1.9999976,2.2400024),.PIECEWISE_BEZIER_KNOTS.);
#1592 = CARTESIAN_POINT('',(-2.400000000069E-06,1.898225815746));
#1593 = CARTESIAN_POINT('',(0.2400024,1.898225815746));
#1594 = ( GEOMETRIC_REPRESENTATION_CONTEXT(2) 
PARAMETRIC_REPRESENTATION_CONTEXT() REPRESENTATION_CONTEXT('2D SPACE',''
  ) );
#1595 = ORIENTED_EDGE('',*,*,#852,.F.);
#1596 = ORIENTED_EDGE('',*,*,#1551,.F.);
#1597 = ORIENTED_EDGE('',*,*,#1598,.T.);
#1598 = EDGE_CURVE('',#1529,#1576,#1599,.T.);
#1599 = SURFACE_CURVE('',#1600,(#1605,#1612),.PCURVE_S1.);
#1600 = CIRCLE('',#1601,4.3);
#1601 = AXIS2_PLACEMENT_3D('',#1602,#1603,#1604);
#1602 = CARTESIAN_POINT('',(0.,0.,3.4));
#1603 = DIRECTION('',(0.,0.,1.));
#1604 = DIRECTION('',(1.,0.,-0.));
#1605 = PCURVE('',#869,#1606);
#1606 = DEFINITIONAL_REPRESENTATION('',(#1607),#1611);
#1607 = LINE('',#1608,#1609);
#1608 = CARTESIAN_POINT('',(0.,2.));
#1609 = VECTOR('',#1610,1.);
#1610 = DIRECTION('',(1.,0.));
#1611 = ( GEOMETRIC_REPRESENTATION_CONTEXT(2) 
PARAMETRIC_REPRESENTATION_CONTEXT() REPRESENTATION_CONTEXT('2D SPACE',''
  ) );
#1612 = PCURVE('',#987,#1613);
#1613 = DEFINITIONAL_REPRESENTATION('',(#1614),#1618);
#1614 = CIRCLE('',#1615,4.3);
#1615 = AXIS2_PLACEMENT_2D('',#1616,#1617);
#1616 = CARTESIAN_POINT('',(0.,0.));
#1617 = DIRECTION('',(1.,0.));
#1618 = ( GEOMETRIC_REPRESENTATION_CONTEXT(2) 
PARAMETRIC_REPRESENTATION_CONTEXT() REPRESENTATION_CONTEXT('2D SPACE',''
  ) );
#1619 = ADVANCED_FACE('',(#1620),#897,.F.);
#1620 = FACE_BOUND('',#1621,.F.);
#1621 = EDGE_LOOP('',(#1622,#1645,#1646,#1647));
#1622 = ORIENTED_EDGE('',*,*,#1623,.F.);
#1623 = EDGE_CURVE('',#1576,#1624,#1626,.T.);
#1624 = VERTEX_POINT('',#1625);
#1625 = CARTESIAN_POINT('',(2.870189227994,-4.185407841001,3.4));
#1626 = SURFACE_CURVE('',#1627,(#1631,#1638),.PCURVE_S1.);
#1627 = LINE('',#1628,#1629);
#1628 = CARTESIAN_POINT('',(0.968736290226,-2.283954903233,3.4));
#1629 = VECTOR('',#1630,1.);
#1630 = DIRECTION('',(0.707106781187,-0.707106781187,0.));
#1631 = PCURVE('',#897,#1632);
#1632 = DEFINITIONAL_REPRESENTATION('',(#1633),#1637);
#1633 = LINE('',#1634,#1635);
#1634 = CARTESIAN_POINT('',(0.,0.));
#1635 = VECTOR('',#1636,1.);
#1636 = DIRECTION('',(0.,1.));
#1637 = ( GEOMETRIC_REPRESENTATION_CONTEXT(2) 
PARAMETRIC_REPRESENTATION_CONTEXT() REPRESENTATION_CONTEXT('2D SPACE',''
  ) );
#1638 = PCURVE('',#987,#1639);
#1639 = DEFINITIONAL_REPRESENTATION('',(#1640),#1644);
#1640 = LINE('',#1641,#1642);
#1641 = CARTESIAN_POINT('',(0.968736290226,-2.283954903233));
#1642 = VECTOR('',#1643,1.);
#1643 = DIRECTION('',(0.707106781187,-0.707106781187));
#1644 = ( GEOMETRIC_REPRESENTATION_CONTEXT(2) 
PARAMETRIC_REPRESENTATION_CONTEXT() REPRESENTATION_CONTEXT('2D SPACE',''
  ) );
#1645 = ORIENTED_EDGE('',*,*,#1575,.T.);
#1646 = ORIENTED_EDGE('',*,*,#881,.T.);
#1647 = ORIENTED_EDGE('',*,*,#1648,.F.);
#1648 = EDGE_CURVE('',#1624,#882,#1649,.T.);
#1649 = SURFACE_CURVE('',#1650,(#1654,#1660),.PCURVE_S1.);
#1650 = LINE('',#1651,#1652);
#1651 = CARTESIAN_POINT('',(2.870189227994,-4.185407841001,2.4));
#1652 = VECTOR('',#1653,1.);
#1653 = DIRECTION('',(0.,0.,1.));
#1654 = PCURVE('',#897,#1655);
#1655 = DEFINITIONAL_REPRESENTATION('',(#1656),#1659);
#1656 = B_SPLINE_CURVE_WITH_KNOTS('',1,(#1657,#1658),.UNSPECIFIED.,.F.,
  .F.,(2,2),(0.96,1.44),.PIECEWISE_BEZIER_KNOTS.);
#1657 = CARTESIAN_POINT('',(-4.E-02,2.689060532806));
#1658 = CARTESIAN_POINT('',(0.44,2.689060532806));
#1659 = ( GEOMETRIC_REPRESENTATION_CONTEXT(2) 
PARAMETRIC_REPRESENTATION_CONTEXT() REPRESENTATION_CONTEXT('2D SPACE',''
  ) );
#1660 = PCURVE('',#925,#1661);
#1661 = DEFINITIONAL_REPRESENTATION('',(#1662),#1665);
#1662 = B_SPLINE_CURVE_WITH_KNOTS('',1,(#1663,#1664),.UNSPECIFIED.,.F.,
  .F.,(2,2),(0.96,1.44),.PIECEWISE_BEZIER_KNOTS.);
#1663 = CARTESIAN_POINT('',(5.313494469454,0.96));
#1664 = CARTESIAN_POINT('',(5.313494469454,1.44));
#1665 = ( GEOMETRIC_REPRESENTATION_CONTEXT(2) 
PARAMETRIC_REPRESENTATION_CONTEXT() REPRESENTATION_CONTEXT('2D SPACE',''
  ) );
#1666 = ADVANCED_FACE('',(#1667),#925,.T.);
#1667 = FACE_BOUND('',#1668,.T.);
#1668 = EDGE_LOOP('',(#1669,#1697,#1716,#1717));
#1669 = ORIENTED_EDGE('',*,*,#1670,.F.);
#1670 = EDGE_CURVE('',#1671,#1624,#1673,.T.);
#1671 = VERTEX_POINT('',#1672);
#1672 = CARTESIAN_POINT('',(4.185407841001,-2.870189227994,3.4));
#1673 = SURFACE_CURVE('',#1674,(#1679,#1686),.PCURVE_S1.);
#1674 = CIRCLE('',#1675,5.075);
#1675 = AXIS2_PLACEMENT_3D('',#1676,#1677,#1678);
#1676 = CARTESIAN_POINT('',(0.,0.,3.4));
#1677 = DIRECTION('',(0.,0.,-1.));
#1678 = DIRECTION('',(0.824710904631,-0.565554527683,0.));
#1679 = PCURVE('',#925,#1680);
#1680 = DEFINITIONAL_REPRESENTATION('',(#1681),#1685);
#1681 = LINE('',#1682,#1683);
#1682 = CARTESIAN_POINT('',(5.68207981811,1.));
#1683 = VECTOR('',#1684,1.);
#1684 = DIRECTION('',(-1.,-0.));
#1685 = ( GEOMETRIC_REPRESENTATION_CONTEXT(2) 
PARAMETRIC_REPRESENTATION_CONTEXT() REPRESENTATION_CONTEXT('2D SPACE',''
  ) );
#1686 = PCURVE('',#987,#1687);
#1687 = DEFINITIONAL_REPRESENTATION('',(#1688),#1696);
#1688 = ( BOUNDED_CURVE() B_SPLINE_CURVE(2,(#1689,#1690,#1691,#1692,
#1693,#1694,#1695),.UNSPECIFIED.,.T.,.F.) B_SPLINE_CURVE_WITH_KNOTS((1,2
    ,2,2,2,1),(-2.094395102393,0.,2.094395102393,4.188790204786,
6.28318530718,8.377580409573),.UNSPECIFIED.) CURVE() 
GEOMETRIC_REPRESENTATION_ITEM() RATIONAL_B_SPLINE_CURVE((1.,0.5,1.,0.5,
1.,0.5,1.)) REPRESENTATION_ITEM('') );
#1689 = CARTESIAN_POINT('',(4.185407841001,-2.870189227994));
#1690 = CARTESIAN_POINT('',(-0.785905729221,-10.119528259));
#1691 = CARTESIAN_POINT('',(-4.578360705611,-2.189574901508));
#1692 = CARTESIAN_POINT('',(-8.370815682001,5.740378455987));
#1693 = CARTESIAN_POINT('',(0.392952864611,5.059764129502));
#1694 = CARTESIAN_POINT('',(9.156721411222,4.379149803017));
#1695 = CARTESIAN_POINT('',(4.185407841001,-2.870189227994));
#1696 = ( GEOMETRIC_REPRESENTATION_CONTEXT(2) 
PARAMETRIC_REPRESENTATION_CONTEXT() REPRESENTATION_CONTEXT('2D SPACE',''
  ) );
#1697 = ORIENTED_EDGE('',*,*,#1698,.T.);
#1698 = EDGE_CURVE('',#1671,#909,#1699,.T.);
#1699 = SURFACE_CURVE('',#1700,(#1704,#1710),.PCURVE_S1.);
#1700 = LINE('',#1701,#1702);
#1701 = CARTESIAN_POINT('',(4.185407841001,-2.870189227994,2.4));
#1702 = VECTOR('',#1703,1.);
#1703 = DIRECTION('',(0.,0.,1.));
#1704 = PCURVE('',#925,#1705);
#1705 = DEFINITIONAL_REPRESENTATION('',(#1706),#1709);
#1706 = B_SPLINE_CURVE_WITH_KNOTS('',1,(#1707,#1708),.UNSPECIFIED.,.F.,
  .F.,(2,2),(0.96,1.44),.PIECEWISE_BEZIER_KNOTS.);
#1707 = CARTESIAN_POINT('',(5.68207981811,0.96));
#1708 = CARTESIAN_POINT('',(5.68207981811,1.44));
#1709 = ( GEOMETRIC_REPRESENTATION_CONTEXT(2) 
PARAMETRIC_REPRESENTATION_CONTEXT() REPRESENTATION_CONTEXT('2D SPACE',''
  ) );
#1710 = PCURVE('',#951,#1711);
#1711 = DEFINITIONAL_REPRESENTATION('',(#1712),#1715);
#1712 = B_SPLINE_CURVE_WITH_KNOTS('',1,(#1713,#1714),.UNSPECIFIED.,.F.,
  .F.,(2,2),(0.96,1.44),.PIECEWISE_BEZIER_KNOTS.);
#1713 = CARTESIAN_POINT('',(-4.E-02,2.689060532806));
#1714 = CARTESIAN_POINT('',(0.44,2.689060532806));
#1715 = ( GEOMETRIC_REPRESENTATION_CONTEXT(2) 
PARAMETRIC_REPRESENTATION_CONTEXT() REPRESENTATION_CONTEXT('2D SPACE',''
  ) );
#1716 = ORIENTED_EDGE('',*,*,#908,.F.);
#1717 = ORIENTED_EDGE('',*,*,#1648,.F.);
#1718 = ADVANCED_FACE('',(#1719),#951,.T.);
#1719 = FACE_BOUND('',#1720,.T.);
#1720 = EDGE_LOOP('',(#1721,#1742,#1743,#1744));
#1721 = ORIENTED_EDGE('',*,*,#1722,.F.);
#1722 = EDGE_CURVE('',#969,#1671,#1723,.T.);
#1723 = SURFACE_CURVE('',#1724,(#1728,#1735),.PCURVE_S1.);
#1724 = LINE('',#1725,#1726);
#1725 = CARTESIAN_POINT('',(2.283954903233,-0.968736290226,3.4));
#1726 = VECTOR('',#1727,1.);
#1727 = DIRECTION('',(0.707106781187,-0.707106781187,0.));
#1728 = PCURVE('',#951,#1729);
#1729 = DEFINITIONAL_REPRESENTATION('',(#1730),#1734);
#1730 = LINE('',#1731,#1732);
#1731 = CARTESIAN_POINT('',(0.,0.));
#1732 = VECTOR('',#1733,1.);
#1733 = DIRECTION('',(0.,1.));
#1734 = ( GEOMETRIC_REPRESENTATION_CONTEXT(2) 
PARAMETRIC_REPRESENTATION_CONTEXT() REPRESENTATION_CONTEXT('2D SPACE',''
  ) );
#1735 = PCURVE('',#987,#1736);
#1736 = DEFINITIONAL_REPRESENTATION('',(#1737),#1741);
#1737 = LINE('',#1738,#1739);
#1738 = CARTESIAN_POINT('',(2.283954903233,-0.968736290226));
#1739 = VECTOR('',#1740,1.);
#1740 = DIRECTION('',(0.707106781187,-0.707106781187));
#1741 = ( GEOMETRIC_REPRESENTATION_CONTEXT(2) 
PARAMETRIC_REPRESENTATION_CONTEXT() REPRESENTATION_CONTEXT('2D SPACE',''
  ) );
#1742 = ORIENTED_EDGE('',*,*,#1019,.T.);
#1743 = ORIENTED_EDGE('',*,*,#937,.T.);
#1744 = ORIENTED_EDGE('',*,*,#1698,.F.);
#1745 = ADVANCED_FACE('',(#1746,#1764),#987,.F.);
#1746 = FACE_BOUND('',#1747,.F.);
#1747 = EDGE_LOOP('',(#1748,#1749,#1750,#1751,#1752,#1753,#1754,#1755,
    #1756,#1757,#1758,#1759,#1760,#1761,#1762,#1763));
#1748 = ORIENTED_EDGE('',*,*,#968,.T.);
#1749 = ORIENTED_EDGE('',*,*,#1041,.T.);
#1750 = ORIENTED_EDGE('',*,*,#1088,.F.);
#1751 = ORIENTED_EDGE('',*,*,#1140,.F.);
#1752 = ORIENTED_EDGE('',*,*,#1189,.T.);
#1753 = ORIENTED_EDGE('',*,*,#1235,.T.);
#1754 = ORIENTED_EDGE('',*,*,#1282,.F.);
#1755 = ORIENTED_EDGE('',*,*,#1334,.F.);
#1756 = ORIENTED_EDGE('',*,*,#1383,.T.);
#1757 = ORIENTED_EDGE('',*,*,#1429,.T.);
#1758 = ORIENTED_EDGE('',*,*,#1476,.F.);
#1759 = ORIENTED_EDGE('',*,*,#1528,.F.);
#1760 = ORIENTED_EDGE('',*,*,#1598,.T.);
#1761 = ORIENTED_EDGE('',*,*,#1623,.T.);
#1762 = ORIENTED_EDGE('',*,*,#1670,.F.);
#1763 = ORIENTED_EDGE('',*,*,#1722,.F.);
#1764 = FACE_BOUND('',#1765,.F.);
#1765 = EDGE_LOOP('',(#1766,#1794,#1820,#1846));
#1766 = ORIENTED_EDGE('',*,*,#1767,.F.);
#1767 = EDGE_CURVE('',#1768,#1770,#1772,.T.);
#1768 = VERTEX_POINT('',#1769);
#1769 = CARTESIAN_POINT('',(1.2,-1.2,3.4));
#1770 = VERTEX_POINT('',#1771);
#1771 = CARTESIAN_POINT('',(1.2,1.2,3.4));
#1772 = SURFACE_CURVE('',#1773,(#1777,#1783),.PCURVE_S1.);
#1773 = LINE('',#1774,#1775);
#1774 = CARTESIAN_POINT('',(1.2,-0.6,3.4));
#1775 = VECTOR('',#1776,1.);
#1776 = DIRECTION('',(-0.,1.,0.));
#1777 = PCURVE('',#987,#1778);
#1778 = DEFINITIONAL_REPRESENTATION('',(#1779),#1782);
#1779 = B_SPLINE_CURVE_WITH_KNOTS('',1,(#1780,#1781),.UNSPECIFIED.,.F.,
  .F.,(2,2),(-0.6,1.8),.PIECEWISE_BEZIER_KNOTS.);
#1780 = CARTESIAN_POINT('',(1.2,-1.2));
#1781 = CARTESIAN_POINT('',(1.2,1.2));
#1782 = ( GEOMETRIC_REPRESENTATION_CONTEXT(2) 
PARAMETRIC_REPRESENTATION_CONTEXT() REPRESENTATION_CONTEXT('2D SPACE',''
  ) );
#1783 = PCURVE('',#1784,#1789);
#1784 = PLANE('',#1785);
#1785 = AXIS2_PLACEMENT_3D('',#1786,#1787,#1788);
#1786 = CARTESIAN_POINT('',(1.2,-1.2,2.4));
#1787 = DIRECTION('',(1.,0.,-0.));
#1788 = DIRECTION('',(0.,0.,1.));
#1789 = DEFINITIONAL_REPRESENTATION('',(#1790),#1793);
#1790 = B_SPLINE_CURVE_WITH_KNOTS('',1,(#1791,#1792),.UNSPECIFIED.,.F.,
  .F.,(2,2),(-0.6,1.8),.PIECEWISE_BEZIER_KNOTS.);
#1791 = CARTESIAN_POINT('',(1.,0.));
#1792 = CARTESIAN_POINT('',(1.,-2.4));
#1793 = ( GEOMETRIC_REPRESENTATION_CONTEXT(2) 
PARAMETRIC_REPRESENTATION_CONTEXT() REPRESENTATION_CONTEXT('2D SPACE',''
  ) );
#1794 = ORIENTED_EDGE('',*,*,#1795,.T.);
#1795 = EDGE_CURVE('',#1768,#1796,#1798,.T.);
#1796 = VERTEX_POINT('',#1797);
#1797 = CARTESIAN_POINT('',(-1.2,-1.2,3.4));
#1798 = SURFACE_CURVE('',#1799,(#1803,#1809),.PCURVE_S1.);
#1799 = LINE('',#1800,#1801);
#1800 = CARTESIAN_POINT('',(-0.6,-1.2,3.4));
#1801 = VECTOR('',#1802,1.);
#1802 = DIRECTION('',(-1.,-0.,0.));
#1803 = PCURVE('',#987,#1804);
#1804 = DEFINITIONAL_REPRESENTATION('',(#1805),#1808);
#1805 = B_SPLINE_CURVE_WITH_KNOTS('',1,(#1806,#1807),.UNSPECIFIED.,.F.,
  .F.,(2,2),(-1.8,0.6),.PIECEWISE_BEZIER_KNOTS.);
#1806 = CARTESIAN_POINT('',(1.2,-1.2));
#1807 = CARTESIAN_POINT('',(-1.2,-1.2));
#1808 = ( GEOMETRIC_REPRESENTATION_CONTEXT(2) 
PARAMETRIC_REPRESENTATION_CONTEXT() REPRESENTATION_CONTEXT('2D SPACE',''
  ) );
#1809 = PCURVE('',#1810,#1815);
#1810 = PLANE('',#1811);
#1811 = AXIS2_PLACEMENT_3D('',#1812,#1813,#1814);
#1812 = CARTESIAN_POINT('',(-1.2,-1.2,2.4));
#1813 = DIRECTION('',(-0.,1.,0.));
#1814 = DIRECTION('',(0.,0.,1.));
#1815 = DEFINITIONAL_REPRESENTATION('',(#1816),#1819);
#1816 = B_SPLINE_CURVE_WITH_KNOTS('',1,(#1817,#1818),.UNSPECIFIED.,.F.,
  .F.,(2,2),(-1.8,0.6),.PIECEWISE_BEZIER_KNOTS.);
#1817 = CARTESIAN_POINT('',(1.,2.4));
#1818 = CARTESIAN_POINT('',(1.,0.));
#1819 = ( GEOMETRIC_REPRESENTATION_CONTEXT(2) 
PARAMETRIC_REPRESENTATION_CONTEXT() REPRESENTATION_CONTEXT('2D SPACE',''
  ) );
#1820 = ORIENTED_EDGE('',*,*,#1821,.T.);
#1821 = EDGE_CURVE('',#1796,#1822,#1824,.T.);
#1822 = VERTEX_POINT('',#1823);
#1823 = CARTESIAN_POINT('',(-1.2,1.2,3.4));
#1824 = SURFACE_CURVE('',#1825,(#1829,#1835),.PCURVE_S1.);
#1825 = LINE('',#1826,#1827);
#1826 = CARTESIAN_POINT('',(-1.2,-0.6,3.4));
#1827 = VECTOR('',#1828,1.);
#1828 = DIRECTION('',(-0.,1.,0.));
#1829 = PCURVE('',#987,#1830);
#1830 = DEFINITIONAL_REPRESENTATION('',(#1831),#1834);
#1831 = B_SPLINE_CURVE_WITH_KNOTS('',1,(#1832,#1833),.UNSPECIFIED.,.F.,
  .F.,(2,2),(-0.6,1.8),.PIECEWISE_BEZIER_KNOTS.);
#1832 = CARTESIAN_POINT('',(-1.2,-1.2));
#1833 = CARTESIAN_POINT('',(-1.2,1.2));
#1834 = ( GEOMETRIC_REPRESENTATION_CONTEXT(2) 
PARAMETRIC_REPRESENTATION_CONTEXT() REPRESENTATION_CONTEXT('2D SPACE',''
  ) );
#1835 = PCURVE('',#1836,#1841);
#1836 = PLANE('',#1837);
#1837 = AXIS2_PLACEMENT_3D('',#1838,#1839,#1840);
#1838 = CARTESIAN_POINT('',(-1.2,-1.2,2.4));
#1839 = DIRECTION('',(1.,0.,-0.));
#1840 = DIRECTION('',(0.,0.,1.));
#1841 = DEFINITIONAL_REPRESENTATION('',(#1842),#1845);
#1842 = B_SPLINE_CURVE_WITH_KNOTS('',1,(#1843,#1844),.UNSPECIFIED.,.F.,
  .F.,(2,2),(-0.6,1.8),.PIECEWISE_BEZIER_KNOTS.);
#1843 = CARTESIAN_POINT('',(1.,0.));
#1844 = CARTESIAN_POINT('',(1.,-2.4));
#1845 = ( GEOMETRIC_REPRESENTATION_CONTEXT(2) 
PARAMETRIC_REPRESENTATION_CONTEXT() REPRESENTATION_CONTEXT('2D SPACE',''
  ) );
#1846 = ORIENTED_EDGE('',*,*,#1847,.F.);
#1847 = EDGE_CURVE('',#1770,#1822,#1848,.T.);
#1848 = SURFACE_CURVE('',#1849,(#1853,#1859),.PCURVE_S1.);
#1849 = LINE('',#1850,#1851);
#1850 = CARTESIAN_POINT('',(-0.6,1.2,3.4));
#1851 = VECTOR('',#1852,1.);
#1852 = DIRECTION('',(-1.,-0.,0.));
#1853 = PCURVE('',#987,#1854);
#1854 = DEFINITIONAL_REPRESENTATION('',(#1855),#1858);
#1855 = B_SPLINE_CURVE_WITH_KNOTS('',1,(#1856,#1857),.UNSPECIFIED.,.F.,
  .F.,(2,2),(-1.8,0.6),.PIECEWISE_BEZIER_KNOTS.);
#1856 = CARTESIAN_POINT('',(1.2,1.2));
#1857 = CARTESIAN_POINT('',(-1.2,1.2));
#1858 = ( GEOMETRIC_REPRESENTATION_CONTEXT(2) 
PARAMETRIC_REPRESENTATION_CONTEXT() REPRESENTATION_CONTEXT('2D SPACE',''
  ) );
#1859 = PCURVE('',#1860,#1865);
#1860 = PLANE('',#1861);
#1861 = AXIS2_PLACEMENT_3D('',#1862,#1863,#1864);
#1862 = CARTESIAN_POINT('',(-1.2,1.2,2.4));
#1863 = DIRECTION('',(-0.,1.,0.));
#1864 = DIRECTION('',(0.,0.,1.));
#1865 = DEFINITIONAL_REPRESENTATION('',(#1866),#1869);
#1866 = B_SPLINE_CURVE_WITH_KNOTS('',1,(#1867,#1868),.UNSPECIFIED.,.F.,
  .F.,(2,2),(-1.8,0.6),.PIECEWISE_BEZIER_KNOTS.);
#1867 = CARTESIAN_POINT('',(1.,2.4));
#1868 = CARTESIAN_POINT('',(1.,0.));
#1869 = ( GEOMETRIC_REPRESENTATION_CONTEXT(2) 
PARAMETRIC_REPRESENTATION_CONTEXT() REPRESENTATION_CONTEXT('2D SPACE',''
  ) );
#1870 = ADVANCED_FACE('',(#1871),#1784,.F.);
#1871 = FACE_BOUND('',#1872,.F.);
#1872 = EDGE_LOOP('',(#1873,#1896,#1897,#1920));
#1873 = ORIENTED_EDGE('',*,*,#1874,.F.);
#1874 = EDGE_CURVE('',#1768,#1875,#1877,.T.);
#1875 = VERTEX_POINT('',#1876);
#1876 = CARTESIAN_POINT('',(1.2,-1.2,3.41));
#1877 = SURFACE_CURVE('',#1878,(#1882,#1889),.PCURVE_S1.);
#1878 = LINE('',#1879,#1880);
#1879 = CARTESIAN_POINT('',(1.2,-1.2,2.4));
#1880 = VECTOR('',#1881,1.);
#1881 = DIRECTION('',(0.,0.,1.));
#1882 = PCURVE('',#1784,#1883);
#1883 = DEFINITIONAL_REPRESENTATION('',(#1884),#1888);
#1884 = LINE('',#1885,#1886);
#1885 = CARTESIAN_POINT('',(0.,0.));
#1886 = VECTOR('',#1887,1.);
#1887 = DIRECTION('',(1.,0.));
#1888 = ( GEOMETRIC_REPRESENTATION_CONTEXT(2) 
PARAMETRIC_REPRESENTATION_CONTEXT() REPRESENTATION_CONTEXT('2D SPACE',''
  ) );
#1889 = PCURVE('',#1810,#1890);
#1890 = DEFINITIONAL_REPRESENTATION('',(#1891),#1895);
#1891 = LINE('',#1892,#1893);
#1892 = CARTESIAN_POINT('',(0.,2.4));
#1893 = VECTOR('',#1894,1.);
#1894 = DIRECTION('',(1.,0.));
#1895 = ( GEOMETRIC_REPRESENTATION_CONTEXT(2) 
PARAMETRIC_REPRESENTATION_CONTEXT() REPRESENTATION_CONTEXT('2D SPACE',''
  ) );
#1896 = ORIENTED_EDGE('',*,*,#1767,.T.);
#1897 = ORIENTED_EDGE('',*,*,#1898,.F.);
#1898 = EDGE_CURVE('',#1899,#1770,#1901,.T.);
#1899 = VERTEX_POINT('',#1900);
#1900 = CARTESIAN_POINT('',(1.2,1.2,3.41));
#1901 = SURFACE_CURVE('',#1902,(#1906,#1913),.PCURVE_S1.);
#1902 = LINE('',#1903,#1904);
#1903 = CARTESIAN_POINT('',(1.2,1.2,3.41));
#1904 = VECTOR('',#1905,1.);
#1905 = DIRECTION('',(0.,0.,-1.));
#1906 = PCURVE('',#1784,#1907);
#1907 = DEFINITIONAL_REPRESENTATION('',(#1908),#1912);
#1908 = LINE('',#1909,#1910);
#1909 = CARTESIAN_POINT('',(1.01,-2.4));
#1910 = VECTOR('',#1911,1.);
#1911 = DIRECTION('',(-1.,0.));
#1912 = ( GEOMETRIC_REPRESENTATION_CONTEXT(2) 
PARAMETRIC_REPRESENTATION_CONTEXT() REPRESENTATION_CONTEXT('2D SPACE',''
  ) );
#1913 = PCURVE('',#1860,#1914);
#1914 = DEFINITIONAL_REPRESENTATION('',(#1915),#1919);
#1915 = LINE('',#1916,#1917);
#1916 = CARTESIAN_POINT('',(1.01,2.4));
#1917 = VECTOR('',#1918,1.);
#1918 = DIRECTION('',(-1.,0.));
#1919 = ( GEOMETRIC_REPRESENTATION_CONTEXT(2) 
PARAMETRIC_REPRESENTATION_CONTEXT() REPRESENTATION_CONTEXT('2D SPACE',''
  ) );
#1920 = ORIENTED_EDGE('',*,*,#1921,.F.);
#1921 = EDGE_CURVE('',#1875,#1899,#1922,.T.);
#1922 = SURFACE_CURVE('',#1923,(#1927,#1934),.PCURVE_S1.);
#1923 = LINE('',#1924,#1925);
#1924 = CARTESIAN_POINT('',(1.2,-1.2,3.41));
#1925 = VECTOR('',#1926,1.);
#1926 = DIRECTION('',(-0.,1.,0.));
#1927 = PCURVE('',#1784,#1928);
#1928 = DEFINITIONAL_REPRESENTATION('',(#1929),#1933);
#1929 = LINE('',#1930,#1931);
#1930 = CARTESIAN_POINT('',(1.01,0.));
#1931 = VECTOR('',#1932,1.);
#1932 = DIRECTION('',(0.,-1.));
#1933 = ( GEOMETRIC_REPRESENTATION_CONTEXT(2) 
PARAMETRIC_REPRESENTATION_CONTEXT() REPRESENTATION_CONTEXT('2D SPACE',''
  ) );
#1934 = PCURVE('',#1935,#1940);
#1935 = PLANE('',#1936);
#1936 = AXIS2_PLACEMENT_3D('',#1937,#1938,#1939);
#1937 = CARTESIAN_POINT('',(-1.2,-1.2,3.41));
#1938 = DIRECTION('',(0.,0.,1.));
#1939 = DIRECTION('',(1.,0.,-0.));
#1940 = DEFINITIONAL_REPRESENTATION('',(#1941),#1945);
#1941 = LINE('',#1942,#1943);
#1942 = CARTESIAN_POINT('',(2.4,0.));
#1943 = VECTOR('',#1944,1.);
#1944 = DIRECTION('',(0.,1.));
#1945 = ( GEOMETRIC_REPRESENTATION_CONTEXT(2) 
PARAMETRIC_REPRESENTATION_CONTEXT() REPRESENTATION_CONTEXT('2D SPACE',''
  ) );
#1946 = ADVANCED_FACE('',(#1947),#1860,.F.);
#1947 = FACE_BOUND('',#1948,.F.);
#1948 = EDGE_LOOP('',(#1949,#1972,#1973,#1974));
#1949 = ORIENTED_EDGE('',*,*,#1950,.T.);
#1950 = EDGE_CURVE('',#1951,#1899,#1953,.T.);
#1951 = VERTEX_POINT('',#1952);
#1952 = CARTESIAN_POINT('',(-1.2,1.2,3.41));
#1953 = SURFACE_CURVE('',#1954,(#1958,#1965),.PCURVE_S1.);
#1954 = LINE('',#1955,#1956);
#1955 = CARTESIAN_POINT('',(-1.2,1.2,3.41));
#1956 = VECTOR('',#1957,1.);
#1957 = DIRECTION('',(1.,0.,-0.));
#1958 = PCURVE('',#1860,#1959);
#1959 = DEFINITIONAL_REPRESENTATION('',(#1960),#1964);
#1960 = LINE('',#1961,#1962);
#1961 = CARTESIAN_POINT('',(1.01,0.));
#1962 = VECTOR('',#1963,1.);
#1963 = DIRECTION('',(0.,1.));
#1964 = ( GEOMETRIC_REPRESENTATION_CONTEXT(2) 
PARAMETRIC_REPRESENTATION_CONTEXT() REPRESENTATION_CONTEXT('2D SPACE',''
  ) );
#1965 = PCURVE('',#1935,#1966);
#1966 = DEFINITIONAL_REPRESENTATION('',(#1967),#1971);
#1967 = LINE('',#1968,#1969);
#1968 = CARTESIAN_POINT('',(0.,2.4));
#1969 = VECTOR('',#1970,1.);
#1970 = DIRECTION('',(1.,0.));
#1971 = ( GEOMETRIC_REPRESENTATION_CONTEXT(2) 
PARAMETRIC_REPRESENTATION_CONTEXT() REPRESENTATION_CONTEXT('2D SPACE',''
  ) );
#1972 = ORIENTED_EDGE('',*,*,#1898,.T.);
#1973 = ORIENTED_EDGE('',*,*,#1847,.T.);
#1974 = ORIENTED_EDGE('',*,*,#1975,.F.);
#1975 = EDGE_CURVE('',#1951,#1822,#1976,.T.);
#1976 = SURFACE_CURVE('',#1977,(#1981,#1988),.PCURVE_S1.);
#1977 = LINE('',#1978,#1979);
#1978 = CARTESIAN_POINT('',(-1.2,1.2,3.41));
#1979 = VECTOR('',#1980,1.);
#1980 = DIRECTION('',(0.,0.,-1.));
#1981 = PCURVE('',#1860,#1982);
#1982 = DEFINITIONAL_REPRESENTATION('',(#1983),#1987);
#1983 = LINE('',#1984,#1985);
#1984 = CARTESIAN_POINT('',(1.01,0.));
#1985 = VECTOR('',#1986,1.);
#1986 = DIRECTION('',(-1.,0.));
#1987 = ( GEOMETRIC_REPRESENTATION_CONTEXT(2) 
PARAMETRIC_REPRESENTATION_CONTEXT() REPRESENTATION_CONTEXT('2D SPACE',''
  ) );
#1988 = PCURVE('',#1836,#1989);
#1989 = DEFINITIONAL_REPRESENTATION('',(#1990),#1994);
#1990 = LINE('',#1991,#1992);
#1991 = CARTESIAN_POINT('',(1.01,-2.4));
#1992 = VECTOR('',#1993,1.);
#1993 = DIRECTION('',(-1.,0.));
#1994 = ( GEOMETRIC_REPRESENTATION_CONTEXT(2) 
PARAMETRIC_REPRESENTATION_CONTEXT() REPRESENTATION_CONTEXT('2D SPACE',''
  ) );
#1995 = ADVANCED_FACE('',(#1996),#1836,.T.);
#1996 = FACE_BOUND('',#1997,.T.);
#1997 = EDGE_LOOP('',(#1998,#2021,#2022,#2023));
#1998 = ORIENTED_EDGE('',*,*,#1999,.F.);
#1999 = EDGE_CURVE('',#1796,#2000,#2002,.T.);
#2000 = VERTEX_POINT('',#2001);
#2001 = CARTESIAN_POINT('',(-1.2,-1.2,3.41));
#2002 = SURFACE_CURVE('',#2003,(#2007,#2014),.PCURVE_S1.);
#2003 = LINE('',#2004,#2005);
#2004 = CARTESIAN_POINT('',(-1.2,-1.2,2.4));
#2005 = VECTOR('',#2006,1.);
#2006 = DIRECTION('',(0.,0.,1.));
#2007 = PCURVE('',#1836,#2008);
#2008 = DEFINITIONAL_REPRESENTATION('',(#2009),#2013);
#2009 = LINE('',#2010,#2011);
#2010 = CARTESIAN_POINT('',(0.,0.));
#2011 = VECTOR('',#2012,1.);
#2012 = DIRECTION('',(1.,0.));
#2013 = ( GEOMETRIC_REPRESENTATION_CONTEXT(2) 
PARAMETRIC_REPRESENTATION_CONTEXT() REPRESENTATION_CONTEXT('2D SPACE',''
  ) );
#2014 = PCURVE('',#1810,#2015);
#2015 = DEFINITIONAL_REPRESENTATION('',(#2016),#2020);
#2016 = LINE('',#2017,#2018);
#2017 = CARTESIAN_POINT('',(0.,0.));
#2018 = VECTOR('',#2019,1.);
#2019 = DIRECTION('',(1.,0.));
#2020 = ( GEOMETRIC_REPRESENTATION_CONTEXT(2) 
PARAMETRIC_REPRESENTATION_CONTEXT() REPRESENTATION_CONTEXT('2D SPACE',''
  ) );
#2021 = ORIENTED_EDGE('',*,*,#1821,.T.);
#2022 = ORIENTED_EDGE('',*,*,#1975,.F.);
#2023 = ORIENTED_EDGE('',*,*,#2024,.F.);
#2024 = EDGE_CURVE('',#2000,#1951,#2025,.T.);
#2025 = SURFACE_CURVE('',#2026,(#2030,#2037),.PCURVE_S1.);
#2026 = LINE('',#2027,#2028);
#2027 = CARTESIAN_POINT('',(-1.2,-1.2,3.41));
#2028 = VECTOR('',#2029,1.);
#2029 = DIRECTION('',(-0.,1.,0.));
#2030 = PCURVE('',#1836,#2031);
#2031 = DEFINITIONAL_REPRESENTATION('',(#2032),#2036);
#2032 = LINE('',#2033,#2034);
#2033 = CARTESIAN_POINT('',(1.01,0.));
#2034 = VECTOR('',#2035,1.);
#2035 = DIRECTION('',(0.,-1.));
#2036 = ( GEOMETRIC_REPRESENTATION_CONTEXT(2) 
PARAMETRIC_REPRESENTATION_CONTEXT() REPRESENTATION_CONTEXT('2D SPACE',''
  ) );
#2037 = PCURVE('',#1935,#2038);
#2038 = DEFINITIONAL_REPRESENTATION('',(#2039),#2043);
#2039 = LINE('',#2040,#2041);
#2040 = CARTESIAN_POINT('',(0.,0.));
#2041 = VECTOR('',#2042,1.);
#2042 = DIRECTION('',(0.,1.));
#2043 = ( GEOMETRIC_REPRESENTATION_CONTEXT(2) 
PARAMETRIC_REPRESENTATION_CONTEXT() REPRESENTATION_CONTEXT('2D SPACE',''
  ) );
#2044 = ADVANCED_FACE('',(#2045),#1810,.T.);
#2045 = FACE_BOUND('',#2046,.T.);
#2046 = EDGE_LOOP('',(#2047,#2048,#2049,#2050));
#2047 = ORIENTED_EDGE('',*,*,#1874,.F.);
#2048 = ORIENTED_EDGE('',*,*,#1795,.T.);
#2049 = ORIENTED_EDGE('',*,*,#1999,.T.);
#2050 = ORIENTED_EDGE('',*,*,#2051,.T.);
#2051 = EDGE_CURVE('',#2000,#1875,#2052,.T.);
#2052 = SURFACE_CURVE('',#2053,(#2057,#2064),.PCURVE_S1.);
#2053 = LINE('',#2054,#2055);
#2054 = CARTESIAN_POINT('',(-1.2,-1.2,3.41));
#2055 = VECTOR('',#2056,1.);
#2056 = DIRECTION('',(1.,0.,-0.));
#2057 = PCURVE('',#1810,#2058);
#2058 = DEFINITIONAL_REPRESENTATION('',(#2059),#2063);
#2059 = LINE('',#2060,#2061);
#2060 = CARTESIAN_POINT('',(1.01,0.));
#2061 = VECTOR('',#2062,1.);
#2062 = DIRECTION('',(0.,1.));
#2063 = ( GEOMETRIC_REPRESENTATION_CONTEXT(2) 
PARAMETRIC_REPRESENTATION_CONTEXT() REPRESENTATION_CONTEXT('2D SPACE',''
  ) );
#2064 = PCURVE('',#1935,#2065);
#2065 = DEFINITIONAL_REPRESENTATION('',(#2066),#2070);
#2066 = LINE('',#2067,#2068);
#2067 = CARTESIAN_POINT('',(0.,0.));
#2068 = VECTOR('',#2069,1.);
#2069 = DIRECTION('',(1.,0.));
#2070 = ( GEOMETRIC_REPRESENTATION_CONTEXT(2) 
PARAMETRIC_REPRESENTATION_CONTEXT() REPRESENTATION_CONTEXT('2D SPACE',''
  ) );
#2071 = ADVANCED_FACE('',(#2072,#2078),#1935,.F.);
#2072 = FACE_BOUND('',#2073,.F.);
#2073 = EDGE_LOOP('',(#2074,#2075,#2076,#2077));
#2074 = ORIENTED_EDGE('',*,*,#2024,.F.);
#2075 = ORIENTED_EDGE('',*,*,#2051,.T.);
#2076 = ORIENTED_EDGE('',*,*,#1921,.T.);
#2077 = ORIENTED_EDGE('',*,*,#1950,.F.);
#2078 = FACE_BOUND('',#2079,.F.);
#2079 = EDGE_LOOP('',(#2080,#2107,#2132,#2157));
#2080 = ORIENTED_EDGE('',*,*,#2081,.T.);
#2081 = EDGE_CURVE('',#2082,#2084,#2086,.T.);
#2082 = VERTEX_POINT('',#2083);
#2083 = CARTESIAN_POINT('',(1.19,-1.19,3.41));
#2084 = VERTEX_POINT('',#2085);
#2085 = CARTESIAN_POINT('',(-1.19,-1.19,3.41));
#2086 = SURFACE_CURVE('',#2087,(#2090,#2096),.PCURVE_S1.);
#2087 = B_SPLINE_CURVE_WITH_KNOTS('',1,(#2088,#2089),.UNSPECIFIED.,.F.,
  .F.,(2,2),(0.,1.),.PIECEWISE_BEZIER_KNOTS.);
#2088 = CARTESIAN_POINT('',(1.19,-1.19,3.41));
#2089 = CARTESIAN_POINT('',(-1.19,-1.19,3.41));
#2090 = PCURVE('',#1935,#2091);
#2091 = DEFINITIONAL_REPRESENTATION('',(#2092),#2095);
#2092 = B_SPLINE_CURVE_WITH_KNOTS('',1,(#2093,#2094),.UNSPECIFIED.,.F.,
  .F.,(2,2),(0.,1.),.PIECEWISE_BEZIER_KNOTS.);
#2093 = CARTESIAN_POINT('',(2.39,1.E-02));
#2094 = CARTESIAN_POINT('',(1.E-02,1.E-02));
#2095 = ( GEOMETRIC_REPRESENTATION_CONTEXT(2) 
PARAMETRIC_REPRESENTATION_CONTEXT() REPRESENTATION_CONTEXT('2D SPACE',''
  ) );
#2096 = PCURVE('',#2097,#2102);
#2097 = B_SPLINE_SURFACE_WITH_KNOTS('',1,1,(
    (#2098,#2099)
    ,(#2100,#2101
    )),.UNSPECIFIED.,.F.,.F.,.F.,(2,2),(2,2),(-1.2,1.2),(0.,1.),
  .PIECEWISE_BEZIER_KNOTS.);
#2098 = CARTESIAN_POINT('',(-1.2,-1.2,3.4));
#2099 = CARTESIAN_POINT('',(-0.95,-0.95,3.65));
#2100 = CARTESIAN_POINT('',(1.2,-1.2,3.4));
#2101 = CARTESIAN_POINT('',(0.95,-0.95,3.65));
#2102 = DEFINITIONAL_REPRESENTATION('',(#2103),#2106);
#2103 = B_SPLINE_CURVE_WITH_KNOTS('',1,(#2104,#2105),.UNSPECIFIED.,.F.,
  .F.,(2,2),(0.,1.),.PIECEWISE_BEZIER_KNOTS.);
#2104 = CARTESIAN_POINT('',(1.2,4.E-02));
#2105 = CARTESIAN_POINT('',(-1.2,4.E-02));
#2106 = ( GEOMETRIC_REPRESENTATION_CONTEXT(2) 
PARAMETRIC_REPRESENTATION_CONTEXT() REPRESENTATION_CONTEXT('2D SPACE',''
  ) );
#2107 = ORIENTED_EDGE('',*,*,#2108,.T.);
#2108 = EDGE_CURVE('',#2084,#2109,#2111,.T.);
#2109 = VERTEX_POINT('',#2110);
#2110 = CARTESIAN_POINT('',(-1.19,1.19,3.41));
#2111 = SURFACE_CURVE('',#2112,(#2115,#2121),.PCURVE_S1.);
#2112 = B_SPLINE_CURVE_WITH_KNOTS('',1,(#2113,#2114),.UNSPECIFIED.,.F.,
  .F.,(2,2),(0.,1.),.PIECEWISE_BEZIER_KNOTS.);
#2113 = CARTESIAN_POINT('',(-1.19,-1.19,3.41));
#2114 = CARTESIAN_POINT('',(-1.19,1.19,3.41));
#2115 = PCURVE('',#1935,#2116);
#2116 = DEFINITIONAL_REPRESENTATION('',(#2117),#2120);
#2117 = B_SPLINE_CURVE_WITH_KNOTS('',1,(#2118,#2119),.UNSPECIFIED.,.F.,
  .F.,(2,2),(0.,1.),.PIECEWISE_BEZIER_KNOTS.);
#2118 = CARTESIAN_POINT('',(1.E-02,1.E-02));
#2119 = CARTESIAN_POINT('',(1.E-02,2.39));
#2120 = ( GEOMETRIC_REPRESENTATION_CONTEXT(2) 
PARAMETRIC_REPRESENTATION_CONTEXT() REPRESENTATION_CONTEXT('2D SPACE',''
  ) );
#2121 = PCURVE('',#2122,#2127);
#2122 = B_SPLINE_SURFACE_WITH_KNOTS('',1,1,(
    (#2123,#2124)
    ,(#2125,#2126
    )),.UNSPECIFIED.,.F.,.F.,.F.,(2,2),(2,2),(-1.2,1.2),(0.,1.),
  .PIECEWISE_BEZIER_KNOTS.);
#2123 = CARTESIAN_POINT('',(-1.2,1.2,3.4));
#2124 = CARTESIAN_POINT('',(-0.95,0.95,3.65));
#2125 = CARTESIAN_POINT('',(-1.2,-1.2,3.4));
#2126 = CARTESIAN_POINT('',(-0.95,-0.95,3.65));
#2127 = DEFINITIONAL_REPRESENTATION('',(#2128),#2131);
#2128 = B_SPLINE_CURVE_WITH_KNOTS('',1,(#2129,#2130),.UNSPECIFIED.,.F.,
  .F.,(2,2),(0.,1.),.PIECEWISE_BEZIER_KNOTS.);
#2129 = CARTESIAN_POINT('',(1.2,4.E-02));
#2130 = CARTESIAN_POINT('',(-1.2,4.E-02));
#2131 = ( GEOMETRIC_REPRESENTATION_CONTEXT(2) 
PARAMETRIC_REPRESENTATION_CONTEXT() REPRESENTATION_CONTEXT('2D SPACE',''
  ) );
#2132 = ORIENTED_EDGE('',*,*,#2133,.T.);
#2133 = EDGE_CURVE('',#2109,#2134,#2136,.T.);
#2134 = VERTEX_POINT('',#2135);
#2135 = CARTESIAN_POINT('',(1.19,1.19,3.41));
#2136 = SURFACE_CURVE('',#2137,(#2140,#2146),.PCURVE_S1.);
#2137 = B_SPLINE_CURVE_WITH_KNOTS('',1,(#2138,#2139),.UNSPECIFIED.,.F.,
  .F.,(2,2),(0.,1.),.PIECEWISE_BEZIER_KNOTS.);
#2138 = CARTESIAN_POINT('',(-1.19,1.19,3.41));
#2139 = CARTESIAN_POINT('',(1.19,1.19,3.41));
#2140 = PCURVE('',#1935,#2141);
#2141 = DEFINITIONAL_REPRESENTATION('',(#2142),#2145);
#2142 = B_SPLINE_CURVE_WITH_KNOTS('',1,(#2143,#2144),.UNSPECIFIED.,.F.,
  .F.,(2,2),(0.,1.),.PIECEWISE_BEZIER_KNOTS.);
#2143 = CARTESIAN_POINT('',(1.E-02,2.39));
#2144 = CARTESIAN_POINT('',(2.39,2.39));
#2145 = ( GEOMETRIC_REPRESENTATION_CONTEXT(2) 
PARAMETRIC_REPRESENTATION_CONTEXT() REPRESENTATION_CONTEXT('2D SPACE',''
  ) );
#2146 = PCURVE('',#2147,#2152);
#2147 = B_SPLINE_SURFACE_WITH_KNOTS('',1,1,(
    (#2148,#2149)
    ,(#2150,#2151
    )),.UNSPECIFIED.,.F.,.F.,.F.,(2,2),(2,2),(-1.2,1.2),(0.,1.),
  .PIECEWISE_BEZIER_KNOTS.);
#2148 = CARTESIAN_POINT('',(1.2,1.2,3.4));
#2149 = CARTESIAN_POINT('',(0.95,0.95,3.65));
#2150 = CARTESIAN_POINT('',(-1.2,1.2,3.4));
#2151 = CARTESIAN_POINT('',(-0.95,0.95,3.65));
#2152 = DEFINITIONAL_REPRESENTATION('',(#2153),#2156);
#2153 = B_SPLINE_CURVE_WITH_KNOTS('',1,(#2154,#2155),.UNSPECIFIED.,.F.,
  .F.,(2,2),(0.,1.),.PIECEWISE_BEZIER_KNOTS.);
#2154 = CARTESIAN_POINT('',(1.2,4.E-02));
#2155 = CARTESIAN_POINT('',(-1.2,4.E-02));
#2156 = ( GEOMETRIC_REPRESENTATION_CONTEXT(2) 
PARAMETRIC_REPRESENTATION_CONTEXT() REPRESENTATION_CONTEXT('2D SPACE',''
  ) );
#2157 = ORIENTED_EDGE('',*,*,#2158,.T.);
#2158 = EDGE_CURVE('',#2134,#2082,#2159,.T.);
#2159 = SURFACE_CURVE('',#2160,(#2163,#2169),.PCURVE_S1.);
#2160 = B_SPLINE_CURVE_WITH_KNOTS('',1,(#2161,#2162),.UNSPECIFIED.,.F.,
  .F.,(2,2),(0.,1.),.PIECEWISE_BEZIER_KNOTS.);
#2161 = CARTESIAN_POINT('',(1.19,1.19,3.41));
#2162 = CARTESIAN_POINT('',(1.19,-1.19,3.41));
#2163 = PCURVE('',#1935,#2164);
#2164 = DEFINITIONAL_REPRESENTATION('',(#2165),#2168);
#2165 = B_SPLINE_CURVE_WITH_KNOTS('',1,(#2166,#2167),.UNSPECIFIED.,.F.,
  .F.,(2,2),(0.,1.),.PIECEWISE_BEZIER_KNOTS.);
#2166 = CARTESIAN_POINT('',(2.39,2.39));
#2167 = CARTESIAN_POINT('',(2.39,1.E-02));
#2168 = ( GEOMETRIC_REPRESENTATION_CONTEXT(2) 
PARAMETRIC_REPRESENTATION_CONTEXT() REPRESENTATION_CONTEXT('2D SPACE',''
  ) );
#2169 = PCURVE('',#2170,#2175);
#2170 = B_SPLINE_SURFACE_WITH_KNOTS('',1,1,(
    (#2171,#2172)
    ,(#2173,#2174
    )),.UNSPECIFIED.,.F.,.F.,.F.,(2,2),(2,2),(-1.2,1.2),(0.,1.),
  .PIECEWISE_BEZIER_KNOTS.);
#2171 = CARTESIAN_POINT('',(1.2,-1.2,3.4));
#2172 = CARTESIAN_POINT('',(0.95,-0.95,3.65));
#2173 = CARTESIAN_POINT('',(1.2,1.2,3.4));
#2174 = CARTESIAN_POINT('',(0.95,0.95,3.65));
#2175 = DEFINITIONAL_REPRESENTATION('',(#2176),#2179);
#2176 = B_SPLINE_CURVE_WITH_KNOTS('',1,(#2177,#2178),.UNSPECIFIED.,.F.,
  .F.,(2,2),(0.,1.),.PIECEWISE_BEZIER_KNOTS.);
#2177 = CARTESIAN_POINT('',(1.2,4.E-02));
#2178 = CARTESIAN_POINT('',(-1.2,4.E-02));
#2179 = ( GEOMETRIC_REPRESENTATION_CONTEXT(2) 
PARAMETRIC_REPRESENTATION_CONTEXT() REPRESENTATION_CONTEXT('2D SPACE',''
  ) );
#2180 = ADVANCED_FACE('',(#2181),#2097,.F.);
#2181 = FACE_BOUND('',#2182,.F.);
#2182 = EDGE_LOOP('',(#2183,#2205,#2206,#2228));
#2183 = ORIENTED_EDGE('',*,*,#2184,.F.);
#2184 = EDGE_CURVE('',#2084,#2185,#2187,.T.);
#2185 = VERTEX_POINT('',#2186);
#2186 = CARTESIAN_POINT('',(-0.95,-0.95,3.65));
#2187 = SURFACE_CURVE('',#2188,(#2191,#2198),.PCURVE_S1.);
#2188 = B_SPLINE_CURVE_WITH_KNOTS('',1,(#2189,#2190),.UNSPECIFIED.,.F.,
  .F.,(2,2),(0.,1.),.PIECEWISE_BEZIER_KNOTS.);
#2189 = CARTESIAN_POINT('',(-1.2,-1.2,3.4));
#2190 = CARTESIAN_POINT('',(-0.95,-0.95,3.65));
#2191 = PCURVE('',#2097,#2192);
#2192 = DEFINITIONAL_REPRESENTATION('',(#2193),#2197);
#2193 = LINE('',#2194,#2195);
#2194 = CARTESIAN_POINT('',(-1.2,0.));
#2195 = VECTOR('',#2196,1.);
#2196 = DIRECTION('',(0.,1.));
#2197 = ( GEOMETRIC_REPRESENTATION_CONTEXT(2) 
PARAMETRIC_REPRESENTATION_CONTEXT() REPRESENTATION_CONTEXT('2D SPACE',''
  ) );
#2198 = PCURVE('',#2122,#2199);
#2199 = DEFINITIONAL_REPRESENTATION('',(#2200),#2204);
#2200 = LINE('',#2201,#2202);
#2201 = CARTESIAN_POINT('',(1.2,0.));
#2202 = VECTOR('',#2203,1.);
#2203 = DIRECTION('',(0.,1.));
#2204 = ( GEOMETRIC_REPRESENTATION_CONTEXT(2) 
PARAMETRIC_REPRESENTATION_CONTEXT() REPRESENTATION_CONTEXT('2D SPACE',''
  ) );
#2205 = ORIENTED_EDGE('',*,*,#2081,.F.);
#2206 = ORIENTED_EDGE('',*,*,#2207,.T.);
#2207 = EDGE_CURVE('',#2082,#2208,#2210,.T.);
#2208 = VERTEX_POINT('',#2209);
#2209 = CARTESIAN_POINT('',(0.95,-0.95,3.65));
#2210 = SURFACE_CURVE('',#2211,(#2214,#2221),.PCURVE_S1.);
#2211 = B_SPLINE_CURVE_WITH_KNOTS('',1,(#2212,#2213),.UNSPECIFIED.,.F.,
  .F.,(2,2),(0.,1.),.PIECEWISE_BEZIER_KNOTS.);
#2212 = CARTESIAN_POINT('',(1.2,-1.2,3.4));
#2213 = CARTESIAN_POINT('',(0.95,-0.95,3.65));
#2214 = PCURVE('',#2097,#2215);
#2215 = DEFINITIONAL_REPRESENTATION('',(#2216),#2220);
#2216 = LINE('',#2217,#2218);
#2217 = CARTESIAN_POINT('',(1.2,0.));
#2218 = VECTOR('',#2219,1.);
#2219 = DIRECTION('',(0.,1.));
#2220 = ( GEOMETRIC_REPRESENTATION_CONTEXT(2) 
PARAMETRIC_REPRESENTATION_CONTEXT() REPRESENTATION_CONTEXT('2D SPACE',''
  ) );
#2221 = PCURVE('',#2170,#2222);
#2222 = DEFINITIONAL_REPRESENTATION('',(#2223),#2227);
#2223 = LINE('',#2224,#2225);
#2224 = CARTESIAN_POINT('',(-1.2,0.));
#2225 = VECTOR('',#2226,1.);
#2226 = DIRECTION('',(0.,1.));
#2227 = ( GEOMETRIC_REPRESENTATION_CONTEXT(2) 
PARAMETRIC_REPRESENTATION_CONTEXT() REPRESENTATION_CONTEXT('2D SPACE',''
  ) );
#2228 = ORIENTED_EDGE('',*,*,#2229,.F.);
#2229 = EDGE_CURVE('',#2185,#2208,#2230,.T.);
#2230 = SURFACE_CURVE('',#2231,(#2235,#2241),.PCURVE_S1.);
#2231 = LINE('',#2232,#2233);
#2232 = CARTESIAN_POINT('',(0.,-0.95,3.65));
#2233 = VECTOR('',#2234,1.);
#2234 = DIRECTION('',(1.,0.,0.));
#2235 = PCURVE('',#2097,#2236);
#2236 = DEFINITIONAL_REPRESENTATION('',(#2237),#2240);
#2237 = B_SPLINE_CURVE_WITH_KNOTS('',1,(#2238,#2239),.UNSPECIFIED.,.F.,
  .F.,(2,2),(-0.95,0.95),.PIECEWISE_BEZIER_KNOTS.);
#2238 = CARTESIAN_POINT('',(-1.2,1.));
#2239 = CARTESIAN_POINT('',(1.2,1.));
#2240 = ( GEOMETRIC_REPRESENTATION_CONTEXT(2) 
PARAMETRIC_REPRESENTATION_CONTEXT() REPRESENTATION_CONTEXT('2D SPACE',''
  ) );
#2241 = PCURVE('',#2242,#2247);
#2242 = PLANE('',#2243);
#2243 = AXIS2_PLACEMENT_3D('',#2244,#2245,#2246);
#2244 = CARTESIAN_POINT('',(-0.95,-0.95,2.4));
#2245 = DIRECTION('',(-0.,1.,0.));
#2246 = DIRECTION('',(0.,0.,1.));
#2247 = DEFINITIONAL_REPRESENTATION('',(#2248),#2252);
#2248 = LINE('',#2249,#2250);
#2249 = CARTESIAN_POINT('',(1.25,0.95));
#2250 = VECTOR('',#2251,1.);
#2251 = DIRECTION('',(0.,1.));
#2252 = ( GEOMETRIC_REPRESENTATION_CONTEXT(2) 
PARAMETRIC_REPRESENTATION_CONTEXT() REPRESENTATION_CONTEXT('2D SPACE',''
  ) );
#2253 = ADVANCED_FACE('',(#2254),#2170,.F.);
#2254 = FACE_BOUND('',#2255,.F.);
#2255 = EDGE_LOOP('',(#2256,#2257,#2258,#2280));
#2256 = ORIENTED_EDGE('',*,*,#2207,.F.);
#2257 = ORIENTED_EDGE('',*,*,#2158,.F.);
#2258 = ORIENTED_EDGE('',*,*,#2259,.T.);
#2259 = EDGE_CURVE('',#2134,#2260,#2262,.T.);
#2260 = VERTEX_POINT('',#2261);
#2261 = CARTESIAN_POINT('',(0.95,0.95,3.65));
#2262 = SURFACE_CURVE('',#2263,(#2266,#2273),.PCURVE_S1.);
#2263 = B_SPLINE_CURVE_WITH_KNOTS('',1,(#2264,#2265),.UNSPECIFIED.,.F.,
  .F.,(2,2),(0.,1.),.PIECEWISE_BEZIER_KNOTS.);
#2264 = CARTESIAN_POINT('',(1.2,1.2,3.4));
#2265 = CARTESIAN_POINT('',(0.95,0.95,3.65));
#2266 = PCURVE('',#2170,#2267);
#2267 = DEFINITIONAL_REPRESENTATION('',(#2268),#2272);
#2268 = LINE('',#2269,#2270);
#2269 = CARTESIAN_POINT('',(1.2,0.));
#2270 = VECTOR('',#2271,1.);
#2271 = DIRECTION('',(0.,1.));
#2272 = ( GEOMETRIC_REPRESENTATION_CONTEXT(2) 
PARAMETRIC_REPRESENTATION_CONTEXT() REPRESENTATION_CONTEXT('2D SPACE',''
  ) );
#2273 = PCURVE('',#2147,#2274);
#2274 = DEFINITIONAL_REPRESENTATION('',(#2275),#2279);
#2275 = LINE('',#2276,#2277);
#2276 = CARTESIAN_POINT('',(-1.2,0.));
#2277 = VECTOR('',#2278,1.);
#2278 = DIRECTION('',(0.,1.));
#2279 = ( GEOMETRIC_REPRESENTATION_CONTEXT(2) 
PARAMETRIC_REPRESENTATION_CONTEXT() REPRESENTATION_CONTEXT('2D SPACE',''
  ) );
#2280 = ORIENTED_EDGE('',*,*,#2281,.F.);
#2281 = EDGE_CURVE('',#2208,#2260,#2282,.T.);
#2282 = SURFACE_CURVE('',#2283,(#2287,#2293),.PCURVE_S1.);
#2283 = LINE('',#2284,#2285);
#2284 = CARTESIAN_POINT('',(0.95,0.,3.65));
#2285 = VECTOR('',#2286,1.);
#2286 = DIRECTION('',(0.,1.,0.));
#2287 = PCURVE('',#2170,#2288);
#2288 = DEFINITIONAL_REPRESENTATION('',(#2289),#2292);
#2289 = B_SPLINE_CURVE_WITH_KNOTS('',1,(#2290,#2291),.UNSPECIFIED.,.F.,
  .F.,(2,2),(-0.95,0.95),.PIECEWISE_BEZIER_KNOTS.);
#2290 = CARTESIAN_POINT('',(-1.2,1.));
#2291 = CARTESIAN_POINT('',(1.2,1.));
#2292 = ( GEOMETRIC_REPRESENTATION_CONTEXT(2) 
PARAMETRIC_REPRESENTATION_CONTEXT() REPRESENTATION_CONTEXT('2D SPACE',''
  ) );
#2293 = PCURVE('',#2294,#2299);
#2294 = PLANE('',#2295);
#2295 = AXIS2_PLACEMENT_3D('',#2296,#2297,#2298);
#2296 = CARTESIAN_POINT('',(0.95,-0.95,2.4));
#2297 = DIRECTION('',(1.,0.,-0.));
#2298 = DIRECTION('',(0.,0.,1.));
#2299 = DEFINITIONAL_REPRESENTATION('',(#2300),#2304);
#2300 = LINE('',#2301,#2302);
#2301 = CARTESIAN_POINT('',(1.25,-0.95));
#2302 = VECTOR('',#2303,1.);
#2303 = DIRECTION('',(0.,-1.));
#2304 = ( GEOMETRIC_REPRESENTATION_CONTEXT(2) 
PARAMETRIC_REPRESENTATION_CONTEXT() REPRESENTATION_CONTEXT('2D SPACE',''
  ) );
#2305 = ADVANCED_FACE('',(#2306),#2147,.F.);
#2306 = FACE_BOUND('',#2307,.F.);
#2307 = EDGE_LOOP('',(#2308,#2309,#2331,#2356));
#2308 = ORIENTED_EDGE('',*,*,#2133,.F.);
#2309 = ORIENTED_EDGE('',*,*,#2310,.T.);
#2310 = EDGE_CURVE('',#2109,#2311,#2313,.T.);
#2311 = VERTEX_POINT('',#2312);
#2312 = CARTESIAN_POINT('',(-0.95,0.95,3.65));
#2313 = SURFACE_CURVE('',#2314,(#2317,#2324),.PCURVE_S1.);
#2314 = B_SPLINE_CURVE_WITH_KNOTS('',1,(#2315,#2316),.UNSPECIFIED.,.F.,
  .F.,(2,2),(0.,1.),.PIECEWISE_BEZIER_KNOTS.);
#2315 = CARTESIAN_POINT('',(-1.2,1.2,3.4));
#2316 = CARTESIAN_POINT('',(-0.95,0.95,3.65));
#2317 = PCURVE('',#2147,#2318);
#2318 = DEFINITIONAL_REPRESENTATION('',(#2319),#2323);
#2319 = LINE('',#2320,#2321);
#2320 = CARTESIAN_POINT('',(1.2,0.));
#2321 = VECTOR('',#2322,1.);
#2322 = DIRECTION('',(0.,1.));
#2323 = ( GEOMETRIC_REPRESENTATION_CONTEXT(2) 
PARAMETRIC_REPRESENTATION_CONTEXT() REPRESENTATION_CONTEXT('2D SPACE',''
  ) );
#2324 = PCURVE('',#2122,#2325);
#2325 = DEFINITIONAL_REPRESENTATION('',(#2326),#2330);
#2326 = LINE('',#2327,#2328);
#2327 = CARTESIAN_POINT('',(-1.2,0.));
#2328 = VECTOR('',#2329,1.);
#2329 = DIRECTION('',(0.,1.));
#2330 = ( GEOMETRIC_REPRESENTATION_CONTEXT(2) 
PARAMETRIC_REPRESENTATION_CONTEXT() REPRESENTATION_CONTEXT('2D SPACE',''
  ) );
#2331 = ORIENTED_EDGE('',*,*,#2332,.T.);
#2332 = EDGE_CURVE('',#2311,#2260,#2333,.T.);
#2333 = SURFACE_CURVE('',#2334,(#2338,#2344),.PCURVE_S1.);
#2334 = LINE('',#2335,#2336);
#2335 = CARTESIAN_POINT('',(0.,0.95,3.65));
#2336 = VECTOR('',#2337,1.);
#2337 = DIRECTION('',(1.,0.,0.));
#2338 = PCURVE('',#2147,#2339);
#2339 = DEFINITIONAL_REPRESENTATION('',(#2340),#2343);
#2340 = B_SPLINE_CURVE_WITH_KNOTS('',1,(#2341,#2342),.UNSPECIFIED.,.F.,
  .F.,(2,2),(-0.95,0.95),.PIECEWISE_BEZIER_KNOTS.);
#2341 = CARTESIAN_POINT('',(1.2,1.));
#2342 = CARTESIAN_POINT('',(-1.2,1.));
#2343 = ( GEOMETRIC_REPRESENTATION_CONTEXT(2) 
PARAMETRIC_REPRESENTATION_CONTEXT() REPRESENTATION_CONTEXT('2D SPACE',''
  ) );
#2344 = PCURVE('',#2345,#2350);
#2345 = PLANE('',#2346);
#2346 = AXIS2_PLACEMENT_3D('',#2347,#2348,#2349);
#2347 = CARTESIAN_POINT('',(-0.95,0.95,2.4));
#2348 = DIRECTION('',(-0.,1.,0.));
#2349 = DIRECTION('',(0.,0.,1.));
#2350 = DEFINITIONAL_REPRESENTATION('',(#2351),#2355);
#2351 = LINE('',#2352,#2353);
#2352 = CARTESIAN_POINT('',(1.25,0.95));
#2353 = VECTOR('',#2354,1.);
#2354 = DIRECTION('',(0.,1.));
#2355 = ( GEOMETRIC_REPRESENTATION_CONTEXT(2) 
PARAMETRIC_REPRESENTATION_CONTEXT() REPRESENTATION_CONTEXT('2D SPACE',''
  ) );
#2356 = ORIENTED_EDGE('',*,*,#2259,.F.);
#2357 = ADVANCED_FACE('',(#2358),#2122,.F.);
#2358 = FACE_BOUND('',#2359,.F.);
#2359 = EDGE_LOOP('',(#2360,#2361,#2362,#2387));
#2360 = ORIENTED_EDGE('',*,*,#2108,.F.);
#2361 = ORIENTED_EDGE('',*,*,#2184,.T.);
#2362 = ORIENTED_EDGE('',*,*,#2363,.T.);
#2363 = EDGE_CURVE('',#2185,#2311,#2364,.T.);
#2364 = SURFACE_CURVE('',#2365,(#2369,#2375),.PCURVE_S1.);
#2365 = LINE('',#2366,#2367);
#2366 = CARTESIAN_POINT('',(-0.95,0.,3.65));
#2367 = VECTOR('',#2368,1.);
#2368 = DIRECTION('',(0.,1.,0.));
#2369 = PCURVE('',#2122,#2370);
#2370 = DEFINITIONAL_REPRESENTATION('',(#2371),#2374);
#2371 = B_SPLINE_CURVE_WITH_KNOTS('',1,(#2372,#2373),.UNSPECIFIED.,.F.,
  .F.,(2,2),(-0.95,0.95),.PIECEWISE_BEZIER_KNOTS.);
#2372 = CARTESIAN_POINT('',(1.2,1.));
#2373 = CARTESIAN_POINT('',(-1.2,1.));
#2374 = ( GEOMETRIC_REPRESENTATION_CONTEXT(2) 
PARAMETRIC_REPRESENTATION_CONTEXT() REPRESENTATION_CONTEXT('2D SPACE',''
  ) );
#2375 = PCURVE('',#2376,#2381);
#2376 = PLANE('',#2377);
#2377 = AXIS2_PLACEMENT_3D('',#2378,#2379,#2380);
#2378 = CARTESIAN_POINT('',(-0.95,-0.95,2.4));
#2379 = DIRECTION('',(1.,0.,-0.));
#2380 = DIRECTION('',(0.,0.,1.));
#2381 = DEFINITIONAL_REPRESENTATION('',(#2382),#2386);
#2382 = LINE('',#2383,#2384);
#2383 = CARTESIAN_POINT('',(1.25,-0.95));
#2384 = VECTOR('',#2385,1.);
#2385 = DIRECTION('',(0.,-1.));
#2386 = ( GEOMETRIC_REPRESENTATION_CONTEXT(2) 
PARAMETRIC_REPRESENTATION_CONTEXT() REPRESENTATION_CONTEXT('2D SPACE',''
  ) );
#2387 = ORIENTED_EDGE('',*,*,#2310,.F.);
#2388 = ADVANCED_FACE('',(#2389),#2242,.T.);
#2389 = FACE_BOUND('',#2390,.T.);
#2390 = EDGE_LOOP('',(#2391,#2414,#2415,#2438));
#2391 = ORIENTED_EDGE('',*,*,#2392,.F.);
#2392 = EDGE_CURVE('',#2208,#2393,#2395,.T.);
#2393 = VERTEX_POINT('',#2394);
#2394 = CARTESIAN_POINT('',(0.95,-0.95,5.));
#2395 = SURFACE_CURVE('',#2396,(#2400,#2407),.PCURVE_S1.);
#2396 = LINE('',#2397,#2398);
#2397 = CARTESIAN_POINT('',(0.95,-0.95,2.4));
#2398 = VECTOR('',#2399,1.);
#2399 = DIRECTION('',(0.,0.,1.));
#2400 = PCURVE('',#2242,#2401);
#2401 = DEFINITIONAL_REPRESENTATION('',(#2402),#2406);
#2402 = LINE('',#2403,#2404);
#2403 = CARTESIAN_POINT('',(0.,1.9));
#2404 = VECTOR('',#2405,1.);
#2405 = DIRECTION('',(1.,0.));
#2406 = ( GEOMETRIC_REPRESENTATION_CONTEXT(2) 
PARAMETRIC_REPRESENTATION_CONTEXT() REPRESENTATION_CONTEXT('2D SPACE',''
  ) );
#2407 = PCURVE('',#2294,#2408);
#2408 = DEFINITIONAL_REPRESENTATION('',(#2409),#2413);
#2409 = LINE('',#2410,#2411);
#2410 = CARTESIAN_POINT('',(0.,0.));
#2411 = VECTOR('',#2412,1.);
#2412 = DIRECTION('',(1.,0.));
#2413 = ( GEOMETRIC_REPRESENTATION_CONTEXT(2) 
PARAMETRIC_REPRESENTATION_CONTEXT() REPRESENTATION_CONTEXT('2D SPACE',''
  ) );
#2414 = ORIENTED_EDGE('',*,*,#2229,.F.);
#2415 = ORIENTED_EDGE('',*,*,#2416,.T.);
#2416 = EDGE_CURVE('',#2185,#2417,#2419,.T.);
#2417 = VERTEX_POINT('',#2418);
#2418 = CARTESIAN_POINT('',(-0.95,-0.95,5.));
#2419 = SURFACE_CURVE('',#2420,(#2424,#2431),.PCURVE_S1.);
#2420 = LINE('',#2421,#2422);
#2421 = CARTESIAN_POINT('',(-0.95,-0.95,2.4));
#2422 = VECTOR('',#2423,1.);
#2423 = DIRECTION('',(0.,0.,1.));
#2424 = PCURVE('',#2242,#2425);
#2425 = DEFINITIONAL_REPRESENTATION('',(#2426),#2430);
#2426 = LINE('',#2427,#2428);
#2427 = CARTESIAN_POINT('',(0.,0.));
#2428 = VECTOR('',#2429,1.);
#2429 = DIRECTION('',(1.,0.));
#2430 = ( GEOMETRIC_REPRESENTATION_CONTEXT(2) 
PARAMETRIC_REPRESENTATION_CONTEXT() REPRESENTATION_CONTEXT('2D SPACE',''
  ) );
#2431 = PCURVE('',#2376,#2432);
#2432 = DEFINITIONAL_REPRESENTATION('',(#2433),#2437);
#2433 = LINE('',#2434,#2435);
#2434 = CARTESIAN_POINT('',(0.,0.));
#2435 = VECTOR('',#2436,1.);
#2436 = DIRECTION('',(1.,0.));
#2437 = ( GEOMETRIC_REPRESENTATION_CONTEXT(2) 
PARAMETRIC_REPRESENTATION_CONTEXT() REPRESENTATION_CONTEXT('2D SPACE',''
  ) );
#2438 = ORIENTED_EDGE('',*,*,#2439,.T.);
#2439 = EDGE_CURVE('',#2417,#2393,#2440,.T.);
#2440 = SURFACE_CURVE('',#2441,(#2445,#2452),.PCURVE_S1.);
#2441 = LINE('',#2442,#2443);
#2442 = CARTESIAN_POINT('',(-0.95,-0.95,5.));
#2443 = VECTOR('',#2444,1.);
#2444 = DIRECTION('',(1.,0.,-0.));
#2445 = PCURVE('',#2242,#2446);
#2446 = DEFINITIONAL_REPRESENTATION('',(#2447),#2451);
#2447 = LINE('',#2448,#2449);
#2448 = CARTESIAN_POINT('',(2.6,0.));
#2449 = VECTOR('',#2450,1.);
#2450 = DIRECTION('',(0.,1.));
#2451 = ( GEOMETRIC_REPRESENTATION_CONTEXT(2) 
PARAMETRIC_REPRESENTATION_CONTEXT() REPRESENTATION_CONTEXT('2D SPACE',''
  ) );
#2452 = PCURVE('',#2453,#2458);
#2453 = B_SPLINE_SURFACE_WITH_KNOTS('',1,1,(
    (#2454,#2455)
    ,(#2456,#2457
    )),.UNSPECIFIED.,.F.,.F.,.F.,(2,2),(2,2),(-0.95,0.95),(0.,1.),
  .PIECEWISE_BEZIER_KNOTS.);
#2454 = CARTESIAN_POINT('',(-0.95,-0.95,5.));
#2455 = CARTESIAN_POINT('',(-5.E-04,-5.E-04,5.95));
#2456 = CARTESIAN_POINT('',(0.95,-0.95,5.));
#2457 = CARTESIAN_POINT('',(5.E-04,-5.E-04,5.95));
#2458 = DEFINITIONAL_REPRESENTATION('',(#2459),#2462);
#2459 = B_SPLINE_CURVE_WITH_KNOTS('',1,(#2460,#2461),.UNSPECIFIED.,.F.,
  .F.,(2,2),(0.,1.9),.PIECEWISE_BEZIER_KNOTS.);
#2460 = CARTESIAN_POINT('',(-0.95,0.));
#2461 = CARTESIAN_POINT('',(0.95,0.));
#2462 = ( GEOMETRIC_REPRESENTATION_CONTEXT(2) 
PARAMETRIC_REPRESENTATION_CONTEXT() REPRESENTATION_CONTEXT('2D SPACE',''
  ) );
#2463 = ADVANCED_FACE('',(#2464),#2294,.F.);
#2464 = FACE_BOUND('',#2465,.F.);
#2465 = EDGE_LOOP('',(#2466,#2467,#2468,#2491));
#2466 = ORIENTED_EDGE('',*,*,#2392,.F.);
#2467 = ORIENTED_EDGE('',*,*,#2281,.T.);
#2468 = ORIENTED_EDGE('',*,*,#2469,.T.);
#2469 = EDGE_CURVE('',#2260,#2470,#2472,.T.);
#2470 = VERTEX_POINT('',#2471);
#2471 = CARTESIAN_POINT('',(0.95,0.95,5.));
#2472 = SURFACE_CURVE('',#2473,(#2477,#2484),.PCURVE_S1.);
#2473 = LINE('',#2474,#2475);
#2474 = CARTESIAN_POINT('',(0.95,0.95,2.4));
#2475 = VECTOR('',#2476,1.);
#2476 = DIRECTION('',(0.,0.,1.));
#2477 = PCURVE('',#2294,#2478);
#2478 = DEFINITIONAL_REPRESENTATION('',(#2479),#2483);
#2479 = LINE('',#2480,#2481);
#2480 = CARTESIAN_POINT('',(0.,-1.9));
#2481 = VECTOR('',#2482,1.);
#2482 = DIRECTION('',(1.,0.));
#2483 = ( GEOMETRIC_REPRESENTATION_CONTEXT(2) 
PARAMETRIC_REPRESENTATION_CONTEXT() REPRESENTATION_CONTEXT('2D SPACE',''
  ) );
#2484 = PCURVE('',#2345,#2485);
#2485 = DEFINITIONAL_REPRESENTATION('',(#2486),#2490);
#2486 = LINE('',#2487,#2488);
#2487 = CARTESIAN_POINT('',(0.,1.9));
#2488 = VECTOR('',#2489,1.);
#2489 = DIRECTION('',(1.,0.));
#2490 = ( GEOMETRIC_REPRESENTATION_CONTEXT(2) 
PARAMETRIC_REPRESENTATION_CONTEXT() REPRESENTATION_CONTEXT('2D SPACE',''
  ) );
#2491 = ORIENTED_EDGE('',*,*,#2492,.F.);
#2492 = EDGE_CURVE('',#2393,#2470,#2493,.T.);
#2493 = SURFACE_CURVE('',#2494,(#2498,#2505),.PCURVE_S1.);
#2494 = LINE('',#2495,#2496);
#2495 = CARTESIAN_POINT('',(0.95,-0.95,5.));
#2496 = VECTOR('',#2497,1.);
#2497 = DIRECTION('',(-0.,1.,0.));
#2498 = PCURVE('',#2294,#2499);
#2499 = DEFINITIONAL_REPRESENTATION('',(#2500),#2504);
#2500 = LINE('',#2501,#2502);
#2501 = CARTESIAN_POINT('',(2.6,0.));
#2502 = VECTOR('',#2503,1.);
#2503 = DIRECTION('',(0.,-1.));
#2504 = ( GEOMETRIC_REPRESENTATION_CONTEXT(2) 
PARAMETRIC_REPRESENTATION_CONTEXT() REPRESENTATION_CONTEXT('2D SPACE',''
  ) );
#2505 = PCURVE('',#2506,#2511);
#2506 = B_SPLINE_SURFACE_WITH_KNOTS('',1,1,(
    (#2507,#2508)
    ,(#2509,#2510
    )),.UNSPECIFIED.,.F.,.F.,.F.,(2,2),(2,2),(-0.95,0.95),(0.,1.),
  .PIECEWISE_BEZIER_KNOTS.);
#2507 = CARTESIAN_POINT('',(0.95,-0.95,5.));
#2508 = CARTESIAN_POINT('',(5.E-04,-5.E-04,5.95));
#2509 = CARTESIAN_POINT('',(0.95,0.95,5.));
#2510 = CARTESIAN_POINT('',(5.E-04,5.E-04,5.95));
#2511 = DEFINITIONAL_REPRESENTATION('',(#2512),#2515);
#2512 = B_SPLINE_CURVE_WITH_KNOTS('',1,(#2513,#2514),.UNSPECIFIED.,.F.,
  .F.,(2,2),(0.,1.9),.PIECEWISE_BEZIER_KNOTS.);
#2513 = CARTESIAN_POINT('',(-0.95,0.));
#2514 = CARTESIAN_POINT('',(0.95,0.));
#2515 = ( GEOMETRIC_REPRESENTATION_CONTEXT(2) 
PARAMETRIC_REPRESENTATION_CONTEXT() REPRESENTATION_CONTEXT('2D SPACE',''
  ) );
#2516 = ADVANCED_FACE('',(#2517),#2345,.F.);
#2517 = FACE_BOUND('',#2518,.F.);
#2518 = EDGE_LOOP('',(#2519,#2520,#2521,#2544));
#2519 = ORIENTED_EDGE('',*,*,#2469,.F.);
#2520 = ORIENTED_EDGE('',*,*,#2332,.F.);
#2521 = ORIENTED_EDGE('',*,*,#2522,.T.);
#2522 = EDGE_CURVE('',#2311,#2523,#2525,.T.);
#2523 = VERTEX_POINT('',#2524);
#2524 = CARTESIAN_POINT('',(-0.95,0.95,5.));
#2525 = SURFACE_CURVE('',#2526,(#2530,#2537),.PCURVE_S1.);
#2526 = LINE('',#2527,#2528);
#2527 = CARTESIAN_POINT('',(-0.95,0.95,2.4));
#2528 = VECTOR('',#2529,1.);
#2529 = DIRECTION('',(0.,0.,1.));
#2530 = PCURVE('',#2345,#2531);
#2531 = DEFINITIONAL_REPRESENTATION('',(#2532),#2536);
#2532 = LINE('',#2533,#2534);
#2533 = CARTESIAN_POINT('',(0.,0.));
#2534 = VECTOR('',#2535,1.);
#2535 = DIRECTION('',(1.,0.));
#2536 = ( GEOMETRIC_REPRESENTATION_CONTEXT(2) 
PARAMETRIC_REPRESENTATION_CONTEXT() REPRESENTATION_CONTEXT('2D SPACE',''
  ) );
#2537 = PCURVE('',#2376,#2538);
#2538 = DEFINITIONAL_REPRESENTATION('',(#2539),#2543);
#2539 = LINE('',#2540,#2541);
#2540 = CARTESIAN_POINT('',(0.,-1.9));
#2541 = VECTOR('',#2542,1.);
#2542 = DIRECTION('',(1.,0.));
#2543 = ( GEOMETRIC_REPRESENTATION_CONTEXT(2) 
PARAMETRIC_REPRESENTATION_CONTEXT() REPRESENTATION_CONTEXT('2D SPACE',''
  ) );
#2544 = ORIENTED_EDGE('',*,*,#2545,.T.);
#2545 = EDGE_CURVE('',#2523,#2470,#2546,.T.);
#2546 = SURFACE_CURVE('',#2547,(#2551,#2558),.PCURVE_S1.);
#2547 = LINE('',#2548,#2549);
#2548 = CARTESIAN_POINT('',(-0.95,0.95,5.));
#2549 = VECTOR('',#2550,1.);
#2550 = DIRECTION('',(1.,0.,-0.));
#2551 = PCURVE('',#2345,#2552);
#2552 = DEFINITIONAL_REPRESENTATION('',(#2553),#2557);
#2553 = LINE('',#2554,#2555);
#2554 = CARTESIAN_POINT('',(2.6,0.));
#2555 = VECTOR('',#2556,1.);
#2556 = DIRECTION('',(0.,1.));
#2557 = ( GEOMETRIC_REPRESENTATION_CONTEXT(2) 
PARAMETRIC_REPRESENTATION_CONTEXT() REPRESENTATION_CONTEXT('2D SPACE',''
  ) );
#2558 = PCURVE('',#2559,#2564);
#2559 = B_SPLINE_SURFACE_WITH_KNOTS('',1,1,(
    (#2560,#2561)
    ,(#2562,#2563
    )),.UNSPECIFIED.,.F.,.F.,.F.,(2,2),(2,2),(-0.95,0.95),(0.,1.),
  .PIECEWISE_BEZIER_KNOTS.);
#2560 = CARTESIAN_POINT('',(0.95,0.95,5.));
#2561 = CARTESIAN_POINT('',(5.E-04,5.E-04,5.95));
#2562 = CARTESIAN_POINT('',(-0.95,0.95,5.));
#2563 = CARTESIAN_POINT('',(-5.E-04,5.E-04,5.95));
#2564 = DEFINITIONAL_REPRESENTATION('',(#2565),#2568);
#2565 = B_SPLINE_CURVE_WITH_KNOTS('',1,(#2566,#2567),.UNSPECIFIED.,.F.,
  .F.,(2,2),(0.,1.9),.PIECEWISE_BEZIER_KNOTS.);
#2566 = CARTESIAN_POINT('',(0.95,0.));
#2567 = CARTESIAN_POINT('',(-0.95,0.));
#2568 = ( GEOMETRIC_REPRESENTATION_CONTEXT(2) 
PARAMETRIC_REPRESENTATION_CONTEXT() REPRESENTATION_CONTEXT('2D SPACE',''
  ) );
#2569 = ADVANCED_FACE('',(#2570),#2376,.T.);
#2570 = FACE_BOUND('',#2571,.T.);
#2571 = EDGE_LOOP('',(#2572,#2573,#2574,#2575));
#2572 = ORIENTED_EDGE('',*,*,#2416,.F.);
#2573 = ORIENTED_EDGE('',*,*,#2363,.T.);
#2574 = ORIENTED_EDGE('',*,*,#2522,.T.);
#2575 = ORIENTED_EDGE('',*,*,#2576,.F.);
#2576 = EDGE_CURVE('',#2417,#2523,#2577,.T.);
#2577 = SURFACE_CURVE('',#2578,(#2582,#2589),.PCURVE_S1.);
#2578 = LINE('',#2579,#2580);
#2579 = CARTESIAN_POINT('',(-0.95,-0.95,5.));
#2580 = VECTOR('',#2581,1.);
#2581 = DIRECTION('',(-0.,1.,0.));
#2582 = PCURVE('',#2376,#2583);
#2583 = DEFINITIONAL_REPRESENTATION('',(#2584),#2588);
#2584 = LINE('',#2585,#2586);
#2585 = CARTESIAN_POINT('',(2.6,0.));
#2586 = VECTOR('',#2587,1.);
#2587 = DIRECTION('',(0.,-1.));
#2588 = ( GEOMETRIC_REPRESENTATION_CONTEXT(2) 
PARAMETRIC_REPRESENTATION_CONTEXT() REPRESENTATION_CONTEXT('2D SPACE',''
  ) );
#2589 = PCURVE('',#2590,#2595);
#2590 = B_SPLINE_SURFACE_WITH_KNOTS('',1,1,(
    (#2591,#2592)
    ,(#2593,#2594
    )),.UNSPECIFIED.,.F.,.F.,.F.,(2,2),(2,2),(-0.95,0.95),(0.,1.),
  .PIECEWISE_BEZIER_KNOTS.);
#2591 = CARTESIAN_POINT('',(-0.95,0.95,5.));
#2592 = CARTESIAN_POINT('',(-5.E-04,5.E-04,5.95));
#2593 = CARTESIAN_POINT('',(-0.95,-0.95,5.));
#2594 = CARTESIAN_POINT('',(-5.E-04,-5.E-04,5.95));
#2595 = DEFINITIONAL_REPRESENTATION('',(#2596),#2599);
#2596 = B_SPLINE_CURVE_WITH_KNOTS('',1,(#2597,#2598),.UNSPECIFIED.,.F.,
  .F.,(2,2),(0.,1.9),.PIECEWISE_BEZIER_KNOTS.);
#2597 = CARTESIAN_POINT('',(0.95,0.));
#2598 = CARTESIAN_POINT('',(-0.95,0.));
#2599 = ( GEOMETRIC_REPRESENTATION_CONTEXT(2) 
PARAMETRIC_REPRESENTATION_CONTEXT() REPRESENTATION_CONTEXT('2D SPACE',''
  ) );
#2600 = ADVANCED_FACE('',(#2601),#2453,.F.);
#2601 = FACE_BOUND('',#2602,.F.);
#2602 = EDGE_LOOP('',(#2603,#2604,#2626,#2653));
#2603 = ORIENTED_EDGE('',*,*,#2439,.T.);
#2604 = ORIENTED_EDGE('',*,*,#2605,.T.);
#2605 = EDGE_CURVE('',#2393,#2606,#2608,.T.);
#2606 = VERTEX_POINT('',#2607);
#2607 = CARTESIAN_POINT('',(5.E-04,-5.E-04,5.95));
#2608 = SURFACE_CURVE('',#2609,(#2612,#2619),.PCURVE_S1.);
#2609 = B_SPLINE_CURVE_WITH_KNOTS('',1,(#2610,#2611),.UNSPECIFIED.,.F.,
  .F.,(2,2),(0.,1.),.PIECEWISE_BEZIER_KNOTS.);
#2610 = CARTESIAN_POINT('',(0.95,-0.95,5.));
#2611 = CARTESIAN_POINT('',(5.E-04,-5.E-04,5.95));
#2612 = PCURVE('',#2453,#2613);
#2613 = DEFINITIONAL_REPRESENTATION('',(#2614),#2618);
#2614 = LINE('',#2615,#2616);
#2615 = CARTESIAN_POINT('',(0.95,0.));
#2616 = VECTOR('',#2617,1.);
#2617 = DIRECTION('',(0.,1.));
#2618 = ( GEOMETRIC_REPRESENTATION_CONTEXT(2) 
PARAMETRIC_REPRESENTATION_CONTEXT() REPRESENTATION_CONTEXT('2D SPACE',''
  ) );
#2619 = PCURVE('',#2506,#2620);
#2620 = DEFINITIONAL_REPRESENTATION('',(#2621),#2625);
#2621 = LINE('',#2622,#2623);
#2622 = CARTESIAN_POINT('',(-0.95,0.));
#2623 = VECTOR('',#2624,1.);
#2624 = DIRECTION('',(0.,1.));
#2625 = ( GEOMETRIC_REPRESENTATION_CONTEXT(2) 
PARAMETRIC_REPRESENTATION_CONTEXT() REPRESENTATION_CONTEXT('2D SPACE',''
  ) );
#2626 = ORIENTED_EDGE('',*,*,#2627,.F.);
#2627 = EDGE_CURVE('',#2628,#2606,#2630,.T.);
#2628 = VERTEX_POINT('',#2629);
#2629 = CARTESIAN_POINT('',(-5.E-04,-5.E-04,5.95));
#2630 = SURFACE_CURVE('',#2631,(#2635,#2641),.PCURVE_S1.);
#2631 = LINE('',#2632,#2633);
#2632 = CARTESIAN_POINT('',(0.,-5.E-04,5.95));
#2633 = VECTOR('',#2634,1.);
#2634 = DIRECTION('',(1.,0.,0.));
#2635 = PCURVE('',#2453,#2636);
#2636 = DEFINITIONAL_REPRESENTATION('',(#2637),#2640);
#2637 = B_SPLINE_CURVE_WITH_KNOTS('',1,(#2638,#2639),.UNSPECIFIED.,.F.,
  .F.,(2,2),(-5.E-04,5.E-04),.PIECEWISE_BEZIER_KNOTS.);
#2638 = CARTESIAN_POINT('',(-0.95,1.));
#2639 = CARTESIAN_POINT('',(0.95,1.));
#2640 = ( GEOMETRIC_REPRESENTATION_CONTEXT(2) 
PARAMETRIC_REPRESENTATION_CONTEXT() REPRESENTATION_CONTEXT('2D SPACE',''
  ) );
#2641 = PCURVE('',#2642,#2647);
#2642 = PLANE('',#2643);
#2643 = AXIS2_PLACEMENT_3D('',#2644,#2645,#2646);
#2644 = CARTESIAN_POINT('',(-5.E-04,-5.E-04,5.95));
#2645 = DIRECTION('',(0.,0.,1.));
#2646 = DIRECTION('',(0.707106781187,0.707106781187,-0.));
#2647 = DEFINITIONAL_REPRESENTATION('',(#2648),#2652);
#2648 = LINE('',#2649,#2650);
#2649 = CARTESIAN_POINT('',(3.535533905933E-04,-3.535533905933E-04));
#2650 = VECTOR('',#2651,1.);
#2651 = DIRECTION('',(0.707106781187,-0.707106781187));
#2652 = ( GEOMETRIC_REPRESENTATION_CONTEXT(2) 
PARAMETRIC_REPRESENTATION_CONTEXT() REPRESENTATION_CONTEXT('2D SPACE',''
  ) );
#2653 = ORIENTED_EDGE('',*,*,#2654,.F.);
#2654 = EDGE_CURVE('',#2417,#2628,#2655,.T.);
#2655 = SURFACE_CURVE('',#2656,(#2659,#2666),.PCURVE_S1.);
#2656 = B_SPLINE_CURVE_WITH_KNOTS('',1,(#2657,#2658),.UNSPECIFIED.,.F.,
  .F.,(2,2),(0.,1.),.PIECEWISE_BEZIER_KNOTS.);
#2657 = CARTESIAN_POINT('',(-0.95,-0.95,5.));
#2658 = CARTESIAN_POINT('',(-5.E-04,-5.E-04,5.95));
#2659 = PCURVE('',#2453,#2660);
#2660 = DEFINITIONAL_REPRESENTATION('',(#2661),#2665);
#2661 = LINE('',#2662,#2663);
#2662 = CARTESIAN_POINT('',(-0.95,0.));
#2663 = VECTOR('',#2664,1.);
#2664 = DIRECTION('',(0.,1.));
#2665 = ( GEOMETRIC_REPRESENTATION_CONTEXT(2) 
PARAMETRIC_REPRESENTATION_CONTEXT() REPRESENTATION_CONTEXT('2D SPACE',''
  ) );
#2666 = PCURVE('',#2590,#2667);
#2667 = DEFINITIONAL_REPRESENTATION('',(#2668),#2672);
#2668 = LINE('',#2669,#2670);
#2669 = CARTESIAN_POINT('',(0.95,0.));
#2670 = VECTOR('',#2671,1.);
#2671 = DIRECTION('',(0.,1.));
#2672 = ( GEOMETRIC_REPRESENTATION_CONTEXT(2) 
PARAMETRIC_REPRESENTATION_CONTEXT() REPRESENTATION_CONTEXT('2D SPACE',''
  ) );
#2673 = ADVANCED_FACE('',(#2674),#2506,.F.);
#2674 = FACE_BOUND('',#2675,.F.);
#2675 = EDGE_LOOP('',(#2676,#2677,#2699,#2719));
#2676 = ORIENTED_EDGE('',*,*,#2492,.T.);
#2677 = ORIENTED_EDGE('',*,*,#2678,.T.);
#2678 = EDGE_CURVE('',#2470,#2679,#2681,.T.);
#2679 = VERTEX_POINT('',#2680);
#2680 = CARTESIAN_POINT('',(5.E-04,5.E-04,5.95));
#2681 = SURFACE_CURVE('',#2682,(#2685,#2692),.PCURVE_S1.);
#2682 = B_SPLINE_CURVE_WITH_KNOTS('',1,(#2683,#2684),.UNSPECIFIED.,.F.,
  .F.,(2,2),(0.,1.),.PIECEWISE_BEZIER_KNOTS.);
#2683 = CARTESIAN_POINT('',(0.95,0.95,5.));
#2684 = CARTESIAN_POINT('',(5.E-04,5.E-04,5.95));
#2685 = PCURVE('',#2506,#2686);
#2686 = DEFINITIONAL_REPRESENTATION('',(#2687),#2691);
#2687 = LINE('',#2688,#2689);
#2688 = CARTESIAN_POINT('',(0.95,0.));
#2689 = VECTOR('',#2690,1.);
#2690 = DIRECTION('',(0.,1.));
#2691 = ( GEOMETRIC_REPRESENTATION_CONTEXT(2) 
PARAMETRIC_REPRESENTATION_CONTEXT() REPRESENTATION_CONTEXT('2D SPACE',''
  ) );
#2692 = PCURVE('',#2559,#2693);
#2693 = DEFINITIONAL_REPRESENTATION('',(#2694),#2698);
#2694 = LINE('',#2695,#2696);
#2695 = CARTESIAN_POINT('',(-0.95,0.));
#2696 = VECTOR('',#2697,1.);
#2697 = DIRECTION('',(0.,1.));
#2698 = ( GEOMETRIC_REPRESENTATION_CONTEXT(2) 
PARAMETRIC_REPRESENTATION_CONTEXT() REPRESENTATION_CONTEXT('2D SPACE',''
  ) );
#2699 = ORIENTED_EDGE('',*,*,#2700,.F.);
#2700 = EDGE_CURVE('',#2606,#2679,#2701,.T.);
#2701 = SURFACE_CURVE('',#2702,(#2706,#2712),.PCURVE_S1.);
#2702 = LINE('',#2703,#2704);
#2703 = CARTESIAN_POINT('',(5.E-04,0.,5.95));
#2704 = VECTOR('',#2705,1.);
#2705 = DIRECTION('',(0.,1.,0.));
#2706 = PCURVE('',#2506,#2707);
#2707 = DEFINITIONAL_REPRESENTATION('',(#2708),#2711);
#2708 = B_SPLINE_CURVE_WITH_KNOTS('',1,(#2709,#2710),.UNSPECIFIED.,.F.,
  .F.,(2,2),(-5.E-04,5.E-04),.PIECEWISE_BEZIER_KNOTS.);
#2709 = CARTESIAN_POINT('',(-0.95,1.));
#2710 = CARTESIAN_POINT('',(0.95,1.));
#2711 = ( GEOMETRIC_REPRESENTATION_CONTEXT(2) 
PARAMETRIC_REPRESENTATION_CONTEXT() REPRESENTATION_CONTEXT('2D SPACE',''
  ) );
#2712 = PCURVE('',#2642,#2713);
#2713 = DEFINITIONAL_REPRESENTATION('',(#2714),#2718);
#2714 = LINE('',#2715,#2716);
#2715 = CARTESIAN_POINT('',(1.06066017178E-03,-3.535533905933E-04));
#2716 = VECTOR('',#2717,1.);
#2717 = DIRECTION('',(0.707106781187,0.707106781187));
#2718 = ( GEOMETRIC_REPRESENTATION_CONTEXT(2) 
PARAMETRIC_REPRESENTATION_CONTEXT() REPRESENTATION_CONTEXT('2D SPACE',''
  ) );
#2719 = ORIENTED_EDGE('',*,*,#2605,.F.);
#2720 = ADVANCED_FACE('',(#2721),#2559,.F.);
#2721 = FACE_BOUND('',#2722,.F.);
#2722 = EDGE_LOOP('',(#2723,#2724,#2746,#2766));
#2723 = ORIENTED_EDGE('',*,*,#2545,.F.);
#2724 = ORIENTED_EDGE('',*,*,#2725,.T.);
#2725 = EDGE_CURVE('',#2523,#2726,#2728,.T.);
#2726 = VERTEX_POINT('',#2727);
#2727 = CARTESIAN_POINT('',(-5.E-04,5.E-04,5.95));
#2728 = SURFACE_CURVE('',#2729,(#2732,#2739),.PCURVE_S1.);
#2729 = B_SPLINE_CURVE_WITH_KNOTS('',1,(#2730,#2731),.UNSPECIFIED.,.F.,
  .F.,(2,2),(0.,1.),.PIECEWISE_BEZIER_KNOTS.);
#2730 = CARTESIAN_POINT('',(-0.95,0.95,5.));
#2731 = CARTESIAN_POINT('',(-5.E-04,5.E-04,5.95));
#2732 = PCURVE('',#2559,#2733);
#2733 = DEFINITIONAL_REPRESENTATION('',(#2734),#2738);
#2734 = LINE('',#2735,#2736);
#2735 = CARTESIAN_POINT('',(0.95,0.));
#2736 = VECTOR('',#2737,1.);
#2737 = DIRECTION('',(0.,1.));
#2738 = ( GEOMETRIC_REPRESENTATION_CONTEXT(2) 
PARAMETRIC_REPRESENTATION_CONTEXT() REPRESENTATION_CONTEXT('2D SPACE',''
  ) );
#2739 = PCURVE('',#2590,#2740);
#2740 = DEFINITIONAL_REPRESENTATION('',(#2741),#2745);
#2741 = LINE('',#2742,#2743);
#2742 = CARTESIAN_POINT('',(-0.95,0.));
#2743 = VECTOR('',#2744,1.);
#2744 = DIRECTION('',(0.,1.));
#2745 = ( GEOMETRIC_REPRESENTATION_CONTEXT(2) 
PARAMETRIC_REPRESENTATION_CONTEXT() REPRESENTATION_CONTEXT('2D SPACE',''
  ) );
#2746 = ORIENTED_EDGE('',*,*,#2747,.T.);
#2747 = EDGE_CURVE('',#2726,#2679,#2748,.T.);
#2748 = SURFACE_CURVE('',#2749,(#2753,#2759),.PCURVE_S1.);
#2749 = LINE('',#2750,#2751);
#2750 = CARTESIAN_POINT('',(0.,5.E-04,5.95));
#2751 = VECTOR('',#2752,1.);
#2752 = DIRECTION('',(1.,0.,0.));
#2753 = PCURVE('',#2559,#2754);
#2754 = DEFINITIONAL_REPRESENTATION('',(#2755),#2758);
#2755 = B_SPLINE_CURVE_WITH_KNOTS('',1,(#2756,#2757),.UNSPECIFIED.,.F.,
  .F.,(2,2),(-5.E-04,5.E-04),.PIECEWISE_BEZIER_KNOTS.);
#2756 = CARTESIAN_POINT('',(0.95,1.));
#2757 = CARTESIAN_POINT('',(-0.95,1.));
#2758 = ( GEOMETRIC_REPRESENTATION_CONTEXT(2) 
PARAMETRIC_REPRESENTATION_CONTEXT() REPRESENTATION_CONTEXT('2D SPACE',''
  ) );
#2759 = PCURVE('',#2642,#2760);
#2760 = DEFINITIONAL_REPRESENTATION('',(#2761),#2765);
#2761 = LINE('',#2762,#2763);
#2762 = CARTESIAN_POINT('',(1.06066017178E-03,3.535533905933E-04));
#2763 = VECTOR('',#2764,1.);
#2764 = DIRECTION('',(0.707106781187,-0.707106781187));
#2765 = ( GEOMETRIC_REPRESENTATION_CONTEXT(2) 
PARAMETRIC_REPRESENTATION_CONTEXT() REPRESENTATION_CONTEXT('2D SPACE',''
  ) );
#2766 = ORIENTED_EDGE('',*,*,#2678,.F.);
#2767 = ADVANCED_FACE('',(#2768),#2590,.F.);
#2768 = FACE_BOUND('',#2769,.F.);
#2769 = EDGE_LOOP('',(#2770,#2771,#2772,#2792));
#2770 = ORIENTED_EDGE('',*,*,#2576,.F.);
#2771 = ORIENTED_EDGE('',*,*,#2654,.T.);
#2772 = ORIENTED_EDGE('',*,*,#2773,.T.);
#2773 = EDGE_CURVE('',#2628,#2726,#2774,.T.);
#2774 = SURFACE_CURVE('',#2775,(#2779,#2785),.PCURVE_S1.);
#2775 = LINE('',#2776,#2777);
#2776 = CARTESIAN_POINT('',(-5.E-04,0.,5.95));
#2777 = VECTOR('',#2778,1.);
#2778 = DIRECTION('',(0.,1.,0.));
#2779 = PCURVE('',#2590,#2780);
#2780 = DEFINITIONAL_REPRESENTATION('',(#2781),#2784);
#2781 = B_SPLINE_CURVE_WITH_KNOTS('',1,(#2782,#2783),.UNSPECIFIED.,.F.,
  .F.,(2,2),(-5.E-04,5.E-04),.PIECEWISE_BEZIER_KNOTS.);
#2782 = CARTESIAN_POINT('',(0.95,1.));
#2783 = CARTESIAN_POINT('',(-0.95,1.));
#2784 = ( GEOMETRIC_REPRESENTATION_CONTEXT(2) 
PARAMETRIC_REPRESENTATION_CONTEXT() REPRESENTATION_CONTEXT('2D SPACE',''
  ) );
#2785 = PCURVE('',#2642,#2786);
#2786 = DEFINITIONAL_REPRESENTATION('',(#2787),#2791);
#2787 = LINE('',#2788,#2789);
#2788 = CARTESIAN_POINT('',(3.535533905933E-04,3.535533905933E-04));
#2789 = VECTOR('',#2790,1.);
#2790 = DIRECTION('',(0.707106781187,0.707106781187));
#2791 = ( GEOMETRIC_REPRESENTATION_CONTEXT(2) 
PARAMETRIC_REPRESENTATION_CONTEXT() REPRESENTATION_CONTEXT('2D SPACE',''
  ) );
#2792 = ORIENTED_EDGE('',*,*,#2725,.F.);
#2793 = ADVANCED_FACE('',(#2794),#2642,.F.);
#2794 = FACE_BOUND('',#2795,.F.);
#2795 = EDGE_LOOP('',(#2796,#2797,#2798,#2799));
#2796 = ORIENTED_EDGE('',*,*,#2773,.F.);
#2797 = ORIENTED_EDGE('',*,*,#2627,.T.);
#2798 = ORIENTED_EDGE('',*,*,#2700,.T.);
#2799 = ORIENTED_EDGE('',*,*,#2747,.F.);
#2800 = ( GEOMETRIC_REPRESENTATION_CONTEXT(3) 
GLOBAL_UNCERTAINTY_ASSIGNED_CONTEXT((#2804)) 
GLOBAL_UNIT_ASSIGNED_CONTEXT((#2801,#2802,#2803)) REPRESENTATION_CONTEXT
('Context #1','3D Context with UNIT and UNCERTAINTY') );
#2801 = ( LENGTH_UNIT() NAMED_UNIT(*) SI_UNIT(.MILLI.,.METRE.) );
#2802 = ( NAMED_UNIT(*) PLANE_ANGLE_UNIT() SI_UNIT($,.RADIAN.) );
#2803 = ( NAMED_UNIT(*) SI_UNIT($,.STERADIAN.) SOLID_ANGLE_UNIT() );
#2804 = UNCERTAINTY_MEASURE_WITH_UNIT(LENGTH_MEASURE(1.E-06),#2801,
  'distance_accuracy_value','confusion accuracy');
#2805 = CONTEXT_DEPENDENT_SHAPE_REPRESENTATION(#2806,#2808);
#2806 = ( REPRESENTATION_RELATIONSHIP('','',#32,#10) 
REPRESENTATION_RELATIONSHIP_WITH_TRANSFORMATION(#2807) 
SHAPE_REPRESENTATION_RELATIONSHIP() );
#2807 = ITEM_DEFINED_TRANSFORMATION('','',#11,#15);
#2808 = PRODUCT_DEFINITION_SHAPE('Placement','Placement of an item',
  #2809);
#2809 = NEXT_ASSEMBLY_USAGE_OCCURRENCE('1','J19-1 depth 1.6','',#5,#27,$
  );
#2810 = PRODUCT_RELATED_PRODUCT_CATEGORY('part',$,(#29));
ENDSEC;
END-ISO-10303-21;
