ISO-10303-21;
HEADER;
FILE_DESCRIPTION(('Open CASCADE Model'),'2;1');
FILE_NAME('Pico pin spacer, i2c','2026-10-01T13:25:32',('Author'),(
    'Open CASCADE'),'Open CASCADE STEP processor 8.0','build123d',
  'Unknown');
FILE_SCHEMA(('AUTOMOTIVE_DESIGN { 1 0 10303 214 1 1 1 1 }'));
ENDSEC;
DATA;
#1 = APPLICATION_PROTOCOL_DEFINITION('international standard',
  'automotive_design',2000,#2);
#2 = APPLICATION_CONTEXT(
  'core data for automotive mechanical design processes');
#3 = SHAPE_DEFINITION_REPRESENTATION(#4,#10);
#4 = PRODUCT_DEFINITION_SHAPE('','',#5);
#5 = PRODUCT_DEFINITION('design','',#6,#9);
#6 = PRODUCT_DEFINITION_FORMATION('','',#7);
#7 = PRODUCT('Pico pin spacer, i2c','Pico pin spacer, i2c','',(#8));
#8 = PRODUCT_CONTEXT('',#2,'mechanical');
#9 = PRODUCT_DEFINITION_CONTEXT('part definition',#2,'design');
#10 = ADVANCED_BREP_SHAPE_REPRESENTATION('',(#11,#15),#7561);
#11 = AXIS2_PLACEMENT_3D('',#12,#13,#14);
#12 = CARTESIAN_POINT('',(0.,0.,0.));
#13 = DIRECTION('',(0.,0.,1.));
#14 = DIRECTION('',(1.,0.,-0.));
#15 = MANIFOLD_SOLID_BREP('',#16);
#16 = CLOSED_SHELL('',(#17,#2724,#2800,#2850,#2900,#2949,#2998,#3048,
    #3102,#3151,#3200,#3250,#3300,#3349,#3398,#3448,#3502,#3551,#3600,
    #3650,#3700,#3749,#3798,#3848,#3898,#3947,#3996,#4050,#4100,#4149,
    #4198,#4252,#4301,#4350,#4399,#4449,#4499,#4548,#4597,#4646,#4696,
    #4745,#4794,#4844,#4894,#4943,#4992,#5042,#5096,#5145,#5194,#5244,
    #5298,#5347,#5396,#5450,#5500,#5549,#5598,#5652,#5702,#5729,#5798,
    #5845,#5892,#5917,#5986,#6033,#6080,#6105,#6174,#6221,#6268,#6293,
    #6362,#6409,#6456,#6481,#6550,#6597,#6644,#6669,#6738,#6785,#6832,
    #6857,#6926,#6973,#7020,#7045,#7121,#7170,#7197,#7252,#7321,#7368,
    #7415,#7440,#7551,#7557));
#17 = ADVANCED_FACE('',(#18,#1765,#1871,#1977,#2083,#2189,#2295,#2401,
    #2507,#2587,#2618),#32,.T.);
#18 = FACE_BOUND('',#19,.T.);
#19 = EDGE_LOOP('',(#20,#55,#84,#112,#145,#173,#202,#230,#263,#291,#320,
    #348,#377,#405,#434,#462,#490,#518,#547,#575,#604,#632,#661,#689,
    #722,#750,#783,#811,#840,#868,#897,#925,#958,#986,#1019,#1047,#1076,
    #1104,#1133,#1161,#1190,#1218,#1246,#1274,#1303,#1331,#1364,#1392,
    #1425,#1453,#1482,#1510,#1539,#1567,#1596,#1624,#1653,#1681,#1710,
    #1738));
#20 = ORIENTED_EDGE('',*,*,#21,.F.);
#21 = EDGE_CURVE('',#22,#24,#26,.T.);
#22 = VERTEX_POINT('',#23);
#23 = CARTESIAN_POINT('',(-9.54,15.62,1.));
#24 = VERTEX_POINT('',#25);
#25 = CARTESIAN_POINT('',(-8.04,15.62,1.));
#26 = SURFACE_CURVE('',#27,(#31,#43),.PCURVE_S1.);
#27 = LINE('',#28,#29);
#28 = CARTESIAN_POINT('',(-10.54,15.62,1.));
#29 = VECTOR('',#30,1.);
#30 = DIRECTION('',(1.,0.,-0.));
#31 = PCURVE('',#32,#37);
#32 = PLANE('',#33);
#33 = AXIS2_PLACEMENT_3D('',#34,#35,#36);
#34 = CARTESIAN_POINT('',(-7.24,-24.13,1.));
#35 = DIRECTION('',(0.,0.,1.));
#36 = DIRECTION('',(1.,0.,-0.));
#37 = DEFINITIONAL_REPRESENTATION('',(#38),#42);
#38 = LINE('',#39,#40);
#39 = CARTESIAN_POINT('',(-3.3,39.75));
#40 = VECTOR('',#41,1.);
#41 = DIRECTION('',(1.,0.));
#42 = ( GEOMETRIC_REPRESENTATION_CONTEXT(2) 
PARAMETRIC_REPRESENTATION_CONTEXT() REPRESENTATION_CONTEXT('2D SPACE',''
  ) );
#43 = PCURVE('',#44,#49);
#44 = PLANE('',#45);
#45 = AXIS2_PLACEMENT_3D('',#46,#47,#48);
#46 = CARTESIAN_POINT('',(-10.54,15.62,0.));
#47 = DIRECTION('',(-0.,1.,0.));
#48 = DIRECTION('',(0.,0.,1.));
#49 = DEFINITIONAL_REPRESENTATION('',(#50),#54);
#50 = LINE('',#51,#52);
#51 = CARTESIAN_POINT('',(1.,0.));
#52 = VECTOR('',#53,1.);
#53 = DIRECTION('',(0.,1.));
#54 = ( GEOMETRIC_REPRESENTATION_CONTEXT(2) 
PARAMETRIC_REPRESENTATION_CONTEXT() REPRESENTATION_CONTEXT('2D SPACE',''
  ) );
#55 = ORIENTED_EDGE('',*,*,#56,.T.);
#56 = EDGE_CURVE('',#22,#57,#59,.T.);
#57 = VERTEX_POINT('',#58);
#58 = CARTESIAN_POINT('',(-10.54,14.62,1.));
#59 = SURFACE_CURVE('',#60,(#65,#72),.PCURVE_S1.);
#60 = CIRCLE('',#61,1.);
#61 = AXIS2_PLACEMENT_3D('',#62,#63,#64);
#62 = CARTESIAN_POINT('',(-9.54,14.62,1.));
#63 = DIRECTION('',(0.,0.,1.));
#64 = DIRECTION('',(0.,-1.,0.));
#65 = PCURVE('',#32,#66);
#66 = DEFINITIONAL_REPRESENTATION('',(#67),#71);
#67 = CIRCLE('',#68,1.);
#68 = AXIS2_PLACEMENT_2D('',#69,#70);
#69 = CARTESIAN_POINT('',(-2.3,38.75));
#70 = DIRECTION('',(0.,-1.));
#71 = ( GEOMETRIC_REPRESENTATION_CONTEXT(2) 
PARAMETRIC_REPRESENTATION_CONTEXT() REPRESENTATION_CONTEXT('2D SPACE',''
  ) );
#72 = PCURVE('',#73,#78);
#73 = CYLINDRICAL_SURFACE('',#74,1.);
#74 = AXIS2_PLACEMENT_3D('',#75,#76,#77);
#75 = CARTESIAN_POINT('',(-9.54,14.62,0.));
#76 = DIRECTION('',(0.,0.,1.));
#77 = DIRECTION('',(-0.,1.,0.));
#78 = DEFINITIONAL_REPRESENTATION('',(#79),#83);
#79 = LINE('',#80,#81);
#80 = CARTESIAN_POINT('',(-3.14159265359,1.));
#81 = VECTOR('',#82,1.);
#82 = DIRECTION('',(1.,0.));
#83 = ( GEOMETRIC_REPRESENTATION_CONTEXT(2) 
PARAMETRIC_REPRESENTATION_CONTEXT() REPRESENTATION_CONTEXT('2D SPACE',''
  ) );
#84 = ORIENTED_EDGE('',*,*,#85,.F.);
#85 = EDGE_CURVE('',#86,#57,#88,.T.);
#86 = VERTEX_POINT('',#87);
#87 = CARTESIAN_POINT('',(-10.54,13.32,1.));
#88 = SURFACE_CURVE('',#89,(#93,#100),.PCURVE_S1.);
#89 = LINE('',#90,#91);
#90 = CARTESIAN_POINT('',(-10.54,12.32,1.));
#91 = VECTOR('',#92,1.);
#92 = DIRECTION('',(-0.,1.,0.));
#93 = PCURVE('',#32,#94);
#94 = DEFINITIONAL_REPRESENTATION('',(#95),#99);
#95 = LINE('',#96,#97);
#96 = CARTESIAN_POINT('',(-3.3,36.45));
#97 = VECTOR('',#98,1.);
#98 = DIRECTION('',(0.,1.));
#99 = ( GEOMETRIC_REPRESENTATION_CONTEXT(2) 
PARAMETRIC_REPRESENTATION_CONTEXT() REPRESENTATION_CONTEXT('2D SPACE',''
  ) );
#100 = PCURVE('',#101,#106);
#101 = PLANE('',#102);
#102 = AXIS2_PLACEMENT_3D('',#103,#104,#105);
#103 = CARTESIAN_POINT('',(-10.54,12.32,0.));
#104 = DIRECTION('',(1.,0.,-0.));
#105 = DIRECTION('',(0.,0.,1.));
#106 = DEFINITIONAL_REPRESENTATION('',(#107),#111);
#107 = LINE('',#108,#109);
#108 = CARTESIAN_POINT('',(1.,0.));
#109 = VECTOR('',#110,1.);
#110 = DIRECTION('',(0.,-1.));
#111 = ( GEOMETRIC_REPRESENTATION_CONTEXT(2) 
PARAMETRIC_REPRESENTATION_CONTEXT() REPRESENTATION_CONTEXT('2D SPACE',''
  ) );
#112 = ORIENTED_EDGE('',*,*,#113,.F.);
#113 = EDGE_CURVE('',#114,#86,#116,.T.);
#114 = VERTEX_POINT('',#115);
#115 = CARTESIAN_POINT('',(-9.54,12.32,1.));
#116 = SURFACE_CURVE('',#117,(#122,#133),.PCURVE_S1.);
#117 = CIRCLE('',#118,1.);
#118 = AXIS2_PLACEMENT_3D('',#119,#120,#121);
#119 = CARTESIAN_POINT('',(-9.54,13.32,1.));
#120 = DIRECTION('',(-0.,-0.,-1.));
#121 = DIRECTION('',(0.,-1.,0.));
#122 = PCURVE('',#32,#123);
#123 = DEFINITIONAL_REPRESENTATION('',(#124),#132);
#124 = ( BOUNDED_CURVE() B_SPLINE_CURVE(2,(#125,#126,#127,#128,#129,#130
,#131),.UNSPECIFIED.,.T.,.F.) B_SPLINE_CURVE_WITH_KNOTS((1,2,2,2,2,1),(
    -2.094395102393,0.,2.094395102393,4.188790204786,6.28318530718,
8.377580409573),.UNSPECIFIED.) CURVE() GEOMETRIC_REPRESENTATION_ITEM() 
RATIONAL_B_SPLINE_CURVE((1.,0.5,1.,0.5,1.,0.5,1.)) REPRESENTATION_ITEM(
  '') );
#125 = CARTESIAN_POINT('',(-2.3,36.45));
#126 = CARTESIAN_POINT('',(-4.032050807569,36.45));
#127 = CARTESIAN_POINT('',(-3.166025403784,37.95));
#128 = CARTESIAN_POINT('',(-2.3,39.45));
#129 = CARTESIAN_POINT('',(-1.433974596216,37.95));
#130 = CARTESIAN_POINT('',(-0.567949192431,36.45));
#131 = CARTESIAN_POINT('',(-2.3,36.45));
#132 = ( GEOMETRIC_REPRESENTATION_CONTEXT(2) 
PARAMETRIC_REPRESENTATION_CONTEXT() REPRESENTATION_CONTEXT('2D SPACE',''
  ) );
#133 = PCURVE('',#134,#139);
#134 = CYLINDRICAL_SURFACE('',#135,1.);
#135 = AXIS2_PLACEMENT_3D('',#136,#137,#138);
#136 = CARTESIAN_POINT('',(-9.54,13.32,0.));
#137 = DIRECTION('',(0.,0.,1.));
#138 = DIRECTION('',(0.,-1.,0.));
#139 = DEFINITIONAL_REPRESENTATION('',(#140),#144);
#140 = LINE('',#141,#142);
#141 = CARTESIAN_POINT('',(-0.,1.));
#142 = VECTOR('',#143,1.);
#143 = DIRECTION('',(-1.,0.));
#144 = ( GEOMETRIC_REPRESENTATION_CONTEXT(2) 
PARAMETRIC_REPRESENTATION_CONTEXT() REPRESENTATION_CONTEXT('2D SPACE',''
  ) );
#145 = ORIENTED_EDGE('',*,*,#146,.T.);
#146 = EDGE_CURVE('',#114,#147,#149,.T.);
#147 = VERTEX_POINT('',#148);
#148 = CARTESIAN_POINT('',(-8.24,12.32,1.));
#149 = SURFACE_CURVE('',#150,(#154,#161),.PCURVE_S1.);
#150 = LINE('',#151,#152);
#151 = CARTESIAN_POINT('',(-10.54,12.32,1.));
#152 = VECTOR('',#153,1.);
#153 = DIRECTION('',(1.,0.,-0.));
#154 = PCURVE('',#32,#155);
#155 = DEFINITIONAL_REPRESENTATION('',(#156),#160);
#156 = LINE('',#157,#158);
#157 = CARTESIAN_POINT('',(-3.3,36.45));
#158 = VECTOR('',#159,1.);
#159 = DIRECTION('',(1.,0.));
#160 = ( GEOMETRIC_REPRESENTATION_CONTEXT(2) 
PARAMETRIC_REPRESENTATION_CONTEXT() REPRESENTATION_CONTEXT('2D SPACE',''
  ) );
#161 = PCURVE('',#162,#167);
#162 = PLANE('',#163);
#163 = AXIS2_PLACEMENT_3D('',#164,#165,#166);
#164 = CARTESIAN_POINT('',(-10.54,12.32,0.));
#165 = DIRECTION('',(-0.,1.,0.));
#166 = DIRECTION('',(0.,0.,1.));
#167 = DEFINITIONAL_REPRESENTATION('',(#168),#172);
#168 = LINE('',#169,#170);
#169 = CARTESIAN_POINT('',(1.,0.));
#170 = VECTOR('',#171,1.);
#171 = DIRECTION('',(0.,1.));
#172 = ( GEOMETRIC_REPRESENTATION_CONTEXT(2) 
PARAMETRIC_REPRESENTATION_CONTEXT() REPRESENTATION_CONTEXT('2D SPACE',''
  ) );
#173 = ORIENTED_EDGE('',*,*,#174,.F.);
#174 = EDGE_CURVE('',#175,#147,#177,.T.);
#175 = VERTEX_POINT('',#176);
#176 = CARTESIAN_POINT('',(-7.24,11.32,1.));
#177 = SURFACE_CURVE('',#178,(#183,#190),.PCURVE_S1.);
#178 = CIRCLE('',#179,1.);
#179 = AXIS2_PLACEMENT_3D('',#180,#181,#182);
#180 = CARTESIAN_POINT('',(-8.24,11.32,1.));
#181 = DIRECTION('',(0.,0.,1.));
#182 = DIRECTION('',(0.,-1.,0.));
#183 = PCURVE('',#32,#184);
#184 = DEFINITIONAL_REPRESENTATION('',(#185),#189);
#185 = CIRCLE('',#186,1.);
#186 = AXIS2_PLACEMENT_2D('',#187,#188);
#187 = CARTESIAN_POINT('',(-1.,35.45));
#188 = DIRECTION('',(0.,-1.));
#189 = ( GEOMETRIC_REPRESENTATION_CONTEXT(2) 
PARAMETRIC_REPRESENTATION_CONTEXT() REPRESENTATION_CONTEXT('2D SPACE',''
  ) );
#190 = PCURVE('',#191,#196);
#191 = CYLINDRICAL_SURFACE('',#192,1.);
#192 = AXIS2_PLACEMENT_3D('',#193,#194,#195);
#193 = CARTESIAN_POINT('',(-8.24,11.32,0.));
#194 = DIRECTION('',(0.,0.,1.));
#195 = DIRECTION('',(1.,0.,-0.));
#196 = DEFINITIONAL_REPRESENTATION('',(#197),#201);
#197 = LINE('',#198,#199);
#198 = CARTESIAN_POINT('',(-1.570796326795,1.));
#199 = VECTOR('',#200,1.);
#200 = DIRECTION('',(1.,0.));
#201 = ( GEOMETRIC_REPRESENTATION_CONTEXT(2) 
PARAMETRIC_REPRESENTATION_CONTEXT() REPRESENTATION_CONTEXT('2D SPACE',''
  ) );
#202 = ORIENTED_EDGE('',*,*,#203,.F.);
#203 = EDGE_CURVE('',#204,#175,#206,.T.);
#204 = VERTEX_POINT('',#205);
#205 = CARTESIAN_POINT('',(-7.24,-21.48,1.));
#206 = SURFACE_CURVE('',#207,(#211,#218),.PCURVE_S1.);
#207 = LINE('',#208,#209);
#208 = CARTESIAN_POINT('',(-7.24,-24.13,1.));
#209 = VECTOR('',#210,1.);
#210 = DIRECTION('',(-0.,1.,0.));
#211 = PCURVE('',#32,#212);
#212 = DEFINITIONAL_REPRESENTATION('',(#213),#217);
#213 = LINE('',#214,#215);
#214 = CARTESIAN_POINT('',(0.,0.));
#215 = VECTOR('',#216,1.);
#216 = DIRECTION('',(0.,1.));
#217 = ( GEOMETRIC_REPRESENTATION_CONTEXT(2) 
PARAMETRIC_REPRESENTATION_CONTEXT() REPRESENTATION_CONTEXT('2D SPACE',''
  ) );
#218 = PCURVE('',#219,#224);
#219 = PLANE('',#220);
#220 = AXIS2_PLACEMENT_3D('',#221,#222,#223);
#221 = CARTESIAN_POINT('',(-7.24,-24.13,0.));
#222 = DIRECTION('',(1.,0.,-0.));
#223 = DIRECTION('',(0.,0.,1.));
#224 = DEFINITIONAL_REPRESENTATION('',(#225),#229);
#225 = LINE('',#226,#227);
#226 = CARTESIAN_POINT('',(1.,0.));
#227 = VECTOR('',#228,1.);
#228 = DIRECTION('',(0.,-1.));
#229 = ( GEOMETRIC_REPRESENTATION_CONTEXT(2) 
PARAMETRIC_REPRESENTATION_CONTEXT() REPRESENTATION_CONTEXT('2D SPACE',''
  ) );
#230 = ORIENTED_EDGE('',*,*,#231,.T.);
#231 = EDGE_CURVE('',#204,#232,#234,.T.);
#232 = VERTEX_POINT('',#233);
#233 = CARTESIAN_POINT('',(-8.24,-22.48,1.));
#234 = SURFACE_CURVE('',#235,(#240,#251),.PCURVE_S1.);
#235 = CIRCLE('',#236,1.);
#236 = AXIS2_PLACEMENT_3D('',#237,#238,#239);
#237 = CARTESIAN_POINT('',(-8.24,-21.48,1.));
#238 = DIRECTION('',(-0.,-0.,-1.));
#239 = DIRECTION('',(0.,-1.,0.));
#240 = PCURVE('',#32,#241);
#241 = DEFINITIONAL_REPRESENTATION('',(#242),#250);
#242 = ( BOUNDED_CURVE() B_SPLINE_CURVE(2,(#243,#244,#245,#246,#247,#248
,#249),.UNSPECIFIED.,.T.,.F.) B_SPLINE_CURVE_WITH_KNOTS((1,2,2,2,2,1),(
    -2.094395102393,0.,2.094395102393,4.188790204786,6.28318530718,
8.377580409573),.UNSPECIFIED.) CURVE() GEOMETRIC_REPRESENTATION_ITEM() 
RATIONAL_B_SPLINE_CURVE((1.,0.5,1.,0.5,1.,0.5,1.)) REPRESENTATION_ITEM(
  '') );
#243 = CARTESIAN_POINT('',(-1.,1.65));
#244 = CARTESIAN_POINT('',(-2.732050807569,1.65));
#245 = CARTESIAN_POINT('',(-1.866025403784,3.15));
#246 = CARTESIAN_POINT('',(-1.,4.65));
#247 = CARTESIAN_POINT('',(-0.133974596216,3.15));
#248 = CARTESIAN_POINT('',(0.732050807569,1.65));
#249 = CARTESIAN_POINT('',(-1.,1.65));
#250 = ( GEOMETRIC_REPRESENTATION_CONTEXT(2) 
PARAMETRIC_REPRESENTATION_CONTEXT() REPRESENTATION_CONTEXT('2D SPACE',''
  ) );
#251 = PCURVE('',#252,#257);
#252 = CYLINDRICAL_SURFACE('',#253,1.);
#253 = AXIS2_PLACEMENT_3D('',#254,#255,#256);
#254 = CARTESIAN_POINT('',(-8.24,-21.48,0.));
#255 = DIRECTION('',(0.,0.,1.));
#256 = DIRECTION('',(1.,0.,-0.));
#257 = DEFINITIONAL_REPRESENTATION('',(#258),#262);
#258 = LINE('',#259,#260);
#259 = CARTESIAN_POINT('',(4.712388980385,1.));
#260 = VECTOR('',#261,1.);
#261 = DIRECTION('',(-1.,0.));
#262 = ( GEOMETRIC_REPRESENTATION_CONTEXT(2) 
PARAMETRIC_REPRESENTATION_CONTEXT() REPRESENTATION_CONTEXT('2D SPACE',''
  ) );
#263 = ORIENTED_EDGE('',*,*,#264,.F.);
#264 = EDGE_CURVE('',#265,#232,#267,.T.);
#265 = VERTEX_POINT('',#266);
#266 = CARTESIAN_POINT('',(-9.54,-22.48,1.));
#267 = SURFACE_CURVE('',#268,(#272,#279),.PCURVE_S1.);
#268 = LINE('',#269,#270);
#269 = CARTESIAN_POINT('',(-10.54,-22.48,1.));
#270 = VECTOR('',#271,1.);
#271 = DIRECTION('',(1.,0.,-0.));
#272 = PCURVE('',#32,#273);
#273 = DEFINITIONAL_REPRESENTATION('',(#274),#278);
#274 = LINE('',#275,#276);
#275 = CARTESIAN_POINT('',(-3.3,1.65));
#276 = VECTOR('',#277,1.);
#277 = DIRECTION('',(1.,0.));
#278 = ( GEOMETRIC_REPRESENTATION_CONTEXT(2) 
PARAMETRIC_REPRESENTATION_CONTEXT() REPRESENTATION_CONTEXT('2D SPACE',''
  ) );
#279 = PCURVE('',#280,#285);
#280 = PLANE('',#281);
#281 = AXIS2_PLACEMENT_3D('',#282,#283,#284);
#282 = CARTESIAN_POINT('',(-10.54,-22.48,0.));
#283 = DIRECTION('',(-0.,1.,0.));
#284 = DIRECTION('',(0.,0.,1.));
#285 = DEFINITIONAL_REPRESENTATION('',(#286),#290);
#286 = LINE('',#287,#288);
#287 = CARTESIAN_POINT('',(1.,0.));
#288 = VECTOR('',#289,1.);
#289 = DIRECTION('',(0.,1.));
#290 = ( GEOMETRIC_REPRESENTATION_CONTEXT(2) 
PARAMETRIC_REPRESENTATION_CONTEXT() REPRESENTATION_CONTEXT('2D SPACE',''
  ) );
#291 = ORIENTED_EDGE('',*,*,#292,.T.);
#292 = EDGE_CURVE('',#265,#293,#295,.T.);
#293 = VERTEX_POINT('',#294);
#294 = CARTESIAN_POINT('',(-10.54,-23.48,1.));
#295 = SURFACE_CURVE('',#296,(#301,#308),.PCURVE_S1.);
#296 = CIRCLE('',#297,1.);
#297 = AXIS2_PLACEMENT_3D('',#298,#299,#300);
#298 = CARTESIAN_POINT('',(-9.54,-23.48,1.));
#299 = DIRECTION('',(0.,0.,1.));
#300 = DIRECTION('',(0.,-1.,0.));
#301 = PCURVE('',#32,#302);
#302 = DEFINITIONAL_REPRESENTATION('',(#303),#307);
#303 = CIRCLE('',#304,1.);
#304 = AXIS2_PLACEMENT_2D('',#305,#306);
#305 = CARTESIAN_POINT('',(-2.3,0.65));
#306 = DIRECTION('',(0.,-1.));
#307 = ( GEOMETRIC_REPRESENTATION_CONTEXT(2) 
PARAMETRIC_REPRESENTATION_CONTEXT() REPRESENTATION_CONTEXT('2D SPACE',''
  ) );
#308 = PCURVE('',#309,#314);
#309 = CYLINDRICAL_SURFACE('',#310,1.);
#310 = AXIS2_PLACEMENT_3D('',#311,#312,#313);
#311 = CARTESIAN_POINT('',(-9.54,-23.48,0.));
#312 = DIRECTION('',(0.,0.,1.));
#313 = DIRECTION('',(-0.,1.,0.));
#314 = DEFINITIONAL_REPRESENTATION('',(#315),#319);
#315 = LINE('',#316,#317);
#316 = CARTESIAN_POINT('',(-3.14159265359,1.));
#317 = VECTOR('',#318,1.);
#318 = DIRECTION('',(1.,0.));
#319 = ( GEOMETRIC_REPRESENTATION_CONTEXT(2) 
PARAMETRIC_REPRESENTATION_CONTEXT() REPRESENTATION_CONTEXT('2D SPACE',''
  ) );
#320 = ORIENTED_EDGE('',*,*,#321,.F.);
#321 = EDGE_CURVE('',#322,#293,#324,.T.);
#322 = VERTEX_POINT('',#323);
#323 = CARTESIAN_POINT('',(-10.54,-24.78,1.));
#324 = SURFACE_CURVE('',#325,(#329,#336),.PCURVE_S1.);
#325 = LINE('',#326,#327);
#326 = CARTESIAN_POINT('',(-10.54,-25.78,1.));
#327 = VECTOR('',#328,1.);
#328 = DIRECTION('',(-0.,1.,0.));
#329 = PCURVE('',#32,#330);
#330 = DEFINITIONAL_REPRESENTATION('',(#331),#335);
#331 = LINE('',#332,#333);
#332 = CARTESIAN_POINT('',(-3.3,-1.65));
#333 = VECTOR('',#334,1.);
#334 = DIRECTION('',(0.,1.));
#335 = ( GEOMETRIC_REPRESENTATION_CONTEXT(2) 
PARAMETRIC_REPRESENTATION_CONTEXT() REPRESENTATION_CONTEXT('2D SPACE',''
  ) );
#336 = PCURVE('',#337,#342);
#337 = PLANE('',#338);
#338 = AXIS2_PLACEMENT_3D('',#339,#340,#341);
#339 = CARTESIAN_POINT('',(-10.54,-25.78,0.));
#340 = DIRECTION('',(1.,0.,-0.));
#341 = DIRECTION('',(0.,0.,1.));
#342 = DEFINITIONAL_REPRESENTATION('',(#343),#347);
#343 = LINE('',#344,#345);
#344 = CARTESIAN_POINT('',(1.,0.));
#345 = VECTOR('',#346,1.);
#346 = DIRECTION('',(0.,-1.));
#347 = ( GEOMETRIC_REPRESENTATION_CONTEXT(2) 
PARAMETRIC_REPRESENTATION_CONTEXT() REPRESENTATION_CONTEXT('2D SPACE',''
  ) );
#348 = ORIENTED_EDGE('',*,*,#349,.T.);
#349 = EDGE_CURVE('',#322,#350,#352,.T.);
#350 = VERTEX_POINT('',#351);
#351 = CARTESIAN_POINT('',(-9.54,-25.78,1.));
#352 = SURFACE_CURVE('',#353,(#358,#365),.PCURVE_S1.);
#353 = CIRCLE('',#354,1.);
#354 = AXIS2_PLACEMENT_3D('',#355,#356,#357);
#355 = CARTESIAN_POINT('',(-9.54,-24.78,1.));
#356 = DIRECTION('',(0.,0.,1.));
#357 = DIRECTION('',(0.,-1.,0.));
#358 = PCURVE('',#32,#359);
#359 = DEFINITIONAL_REPRESENTATION('',(#360),#364);
#360 = CIRCLE('',#361,1.);
#361 = AXIS2_PLACEMENT_2D('',#362,#363);
#362 = CARTESIAN_POINT('',(-2.3,-0.65));
#363 = DIRECTION('',(0.,-1.));
#364 = ( GEOMETRIC_REPRESENTATION_CONTEXT(2) 
PARAMETRIC_REPRESENTATION_CONTEXT() REPRESENTATION_CONTEXT('2D SPACE',''
  ) );
#365 = PCURVE('',#366,#371);
#366 = CYLINDRICAL_SURFACE('',#367,1.);
#367 = AXIS2_PLACEMENT_3D('',#368,#369,#370);
#368 = CARTESIAN_POINT('',(-9.54,-24.78,0.));
#369 = DIRECTION('',(0.,0.,1.));
#370 = DIRECTION('',(-1.,-0.,0.));
#371 = DEFINITIONAL_REPRESENTATION('',(#372),#376);
#372 = LINE('',#373,#374);
#373 = CARTESIAN_POINT('',(-4.712388980385,1.));
#374 = VECTOR('',#375,1.);
#375 = DIRECTION('',(1.,0.));
#376 = ( GEOMETRIC_REPRESENTATION_CONTEXT(2) 
PARAMETRIC_REPRESENTATION_CONTEXT() REPRESENTATION_CONTEXT('2D SPACE',''
  ) );
#377 = ORIENTED_EDGE('',*,*,#378,.T.);
#378 = EDGE_CURVE('',#350,#379,#381,.T.);
#379 = VERTEX_POINT('',#380);
#380 = CARTESIAN_POINT('',(-8.24,-25.78,1.));
#381 = SURFACE_CURVE('',#382,(#386,#393),.PCURVE_S1.);
#382 = LINE('',#383,#384);
#383 = CARTESIAN_POINT('',(-10.54,-25.78,1.));
#384 = VECTOR('',#385,1.);
#385 = DIRECTION('',(1.,0.,-0.));
#386 = PCURVE('',#32,#387);
#387 = DEFINITIONAL_REPRESENTATION('',(#388),#392);
#388 = LINE('',#389,#390);
#389 = CARTESIAN_POINT('',(-3.3,-1.65));
#390 = VECTOR('',#391,1.);
#391 = DIRECTION('',(1.,0.));
#392 = ( GEOMETRIC_REPRESENTATION_CONTEXT(2) 
PARAMETRIC_REPRESENTATION_CONTEXT() REPRESENTATION_CONTEXT('2D SPACE',''
  ) );
#393 = PCURVE('',#394,#399);
#394 = PLANE('',#395);
#395 = AXIS2_PLACEMENT_3D('',#396,#397,#398);
#396 = CARTESIAN_POINT('',(-10.54,-25.78,0.));
#397 = DIRECTION('',(-0.,1.,0.));
#398 = DIRECTION('',(0.,0.,1.));
#399 = DEFINITIONAL_REPRESENTATION('',(#400),#404);
#400 = LINE('',#401,#402);
#401 = CARTESIAN_POINT('',(1.,0.));
#402 = VECTOR('',#403,1.);
#403 = DIRECTION('',(0.,1.));
#404 = ( GEOMETRIC_REPRESENTATION_CONTEXT(2) 
PARAMETRIC_REPRESENTATION_CONTEXT() REPRESENTATION_CONTEXT('2D SPACE',''
  ) );
#405 = ORIENTED_EDGE('',*,*,#406,.T.);
#406 = EDGE_CURVE('',#379,#407,#409,.T.);
#407 = VERTEX_POINT('',#408);
#408 = CARTESIAN_POINT('',(-7.24,-24.78,1.));
#409 = SURFACE_CURVE('',#410,(#415,#422),.PCURVE_S1.);
#410 = CIRCLE('',#411,1.);
#411 = AXIS2_PLACEMENT_3D('',#412,#413,#414);
#412 = CARTESIAN_POINT('',(-8.24,-24.78,1.));
#413 = DIRECTION('',(0.,0.,1.));
#414 = DIRECTION('',(0.,-1.,0.));
#415 = PCURVE('',#32,#416);
#416 = DEFINITIONAL_REPRESENTATION('',(#417),#421);
#417 = CIRCLE('',#418,1.);
#418 = AXIS2_PLACEMENT_2D('',#419,#420);
#419 = CARTESIAN_POINT('',(-1.,-0.65));
#420 = DIRECTION('',(0.,-1.));
#421 = ( GEOMETRIC_REPRESENTATION_CONTEXT(2) 
PARAMETRIC_REPRESENTATION_CONTEXT() REPRESENTATION_CONTEXT('2D SPACE',''
  ) );
#422 = PCURVE('',#423,#428);
#423 = CYLINDRICAL_SURFACE('',#424,1.);
#424 = AXIS2_PLACEMENT_3D('',#425,#426,#427);
#425 = CARTESIAN_POINT('',(-8.24,-24.78,0.));
#426 = DIRECTION('',(0.,0.,1.));
#427 = DIRECTION('',(0.,-1.,0.));
#428 = DEFINITIONAL_REPRESENTATION('',(#429),#433);
#429 = LINE('',#430,#431);
#430 = CARTESIAN_POINT('',(0.,1.));
#431 = VECTOR('',#432,1.);
#432 = DIRECTION('',(1.,0.));
#433 = ( GEOMETRIC_REPRESENTATION_CONTEXT(2) 
PARAMETRIC_REPRESENTATION_CONTEXT() REPRESENTATION_CONTEXT('2D SPACE',''
  ) );
#434 = ORIENTED_EDGE('',*,*,#435,.T.);
#435 = EDGE_CURVE('',#407,#436,#438,.T.);
#436 = VERTEX_POINT('',#437);
#437 = CARTESIAN_POINT('',(-7.24,-24.13,1.));
#438 = SURFACE_CURVE('',#439,(#443,#450),.PCURVE_S1.);
#439 = LINE('',#440,#441);
#440 = CARTESIAN_POINT('',(-7.24,-25.78,1.));
#441 = VECTOR('',#442,1.);
#442 = DIRECTION('',(-0.,1.,0.));
#443 = PCURVE('',#32,#444);
#444 = DEFINITIONAL_REPRESENTATION('',(#445),#449);
#445 = LINE('',#446,#447);
#446 = CARTESIAN_POINT('',(0.,-1.65));
#447 = VECTOR('',#448,1.);
#448 = DIRECTION('',(0.,1.));
#449 = ( GEOMETRIC_REPRESENTATION_CONTEXT(2) 
PARAMETRIC_REPRESENTATION_CONTEXT() REPRESENTATION_CONTEXT('2D SPACE',''
  ) );
#450 = PCURVE('',#451,#456);
#451 = PLANE('',#452);
#452 = AXIS2_PLACEMENT_3D('',#453,#454,#455);
#453 = CARTESIAN_POINT('',(-7.24,-25.78,0.));
#454 = DIRECTION('',(1.,0.,-0.));
#455 = DIRECTION('',(0.,0.,1.));
#456 = DEFINITIONAL_REPRESENTATION('',(#457),#461);
#457 = LINE('',#458,#459);
#458 = CARTESIAN_POINT('',(1.,0.));
#459 = VECTOR('',#460,1.);
#460 = DIRECTION('',(0.,-1.));
#461 = ( GEOMETRIC_REPRESENTATION_CONTEXT(2) 
PARAMETRIC_REPRESENTATION_CONTEXT() REPRESENTATION_CONTEXT('2D SPACE',''
  ) );
#462 = ORIENTED_EDGE('',*,*,#463,.T.);
#463 = EDGE_CURVE('',#436,#464,#466,.T.);
#464 = VERTEX_POINT('',#465);
#465 = CARTESIAN_POINT('',(7.24,-24.13,1.));
#466 = SURFACE_CURVE('',#467,(#471,#478),.PCURVE_S1.);
#467 = LINE('',#468,#469);
#468 = CARTESIAN_POINT('',(-7.24,-24.13,1.));
#469 = VECTOR('',#470,1.);
#470 = DIRECTION('',(1.,0.,-0.));
#471 = PCURVE('',#32,#472);
#472 = DEFINITIONAL_REPRESENTATION('',(#473),#477);
#473 = LINE('',#474,#475);
#474 = CARTESIAN_POINT('',(0.,0.));
#475 = VECTOR('',#476,1.);
#476 = DIRECTION('',(1.,0.));
#477 = ( GEOMETRIC_REPRESENTATION_CONTEXT(2) 
PARAMETRIC_REPRESENTATION_CONTEXT() REPRESENTATION_CONTEXT('2D SPACE',''
  ) );
#478 = PCURVE('',#479,#484);
#479 = PLANE('',#480);
#480 = AXIS2_PLACEMENT_3D('',#481,#482,#483);
#481 = CARTESIAN_POINT('',(-7.24,-24.13,0.));
#482 = DIRECTION('',(-0.,1.,0.));
#483 = DIRECTION('',(0.,0.,1.));
#484 = DEFINITIONAL_REPRESENTATION('',(#485),#489);
#485 = LINE('',#486,#487);
#486 = CARTESIAN_POINT('',(1.,0.));
#487 = VECTOR('',#488,1.);
#488 = DIRECTION('',(0.,1.));
#489 = ( GEOMETRIC_REPRESENTATION_CONTEXT(2) 
PARAMETRIC_REPRESENTATION_CONTEXT() REPRESENTATION_CONTEXT('2D SPACE',''
  ) );
#490 = ORIENTED_EDGE('',*,*,#491,.F.);
#491 = EDGE_CURVE('',#492,#464,#494,.T.);
#492 = VERTEX_POINT('',#493);
#493 = CARTESIAN_POINT('',(7.24,-24.78,1.));
#494 = SURFACE_CURVE('',#495,(#499,#506),.PCURVE_S1.);
#495 = LINE('',#496,#497);
#496 = CARTESIAN_POINT('',(7.24,-25.78,1.));
#497 = VECTOR('',#498,1.);
#498 = DIRECTION('',(-0.,1.,0.));
#499 = PCURVE('',#32,#500);
#500 = DEFINITIONAL_REPRESENTATION('',(#501),#505);
#501 = LINE('',#502,#503);
#502 = CARTESIAN_POINT('',(14.48,-1.65));
#503 = VECTOR('',#504,1.);
#504 = DIRECTION('',(0.,1.));
#505 = ( GEOMETRIC_REPRESENTATION_CONTEXT(2) 
PARAMETRIC_REPRESENTATION_CONTEXT() REPRESENTATION_CONTEXT('2D SPACE',''
  ) );
#506 = PCURVE('',#507,#512);
#507 = PLANE('',#508);
#508 = AXIS2_PLACEMENT_3D('',#509,#510,#511);
#509 = CARTESIAN_POINT('',(7.24,-25.78,0.));
#510 = DIRECTION('',(1.,0.,-0.));
#511 = DIRECTION('',(0.,0.,1.));
#512 = DEFINITIONAL_REPRESENTATION('',(#513),#517);
#513 = LINE('',#514,#515);
#514 = CARTESIAN_POINT('',(1.,0.));
#515 = VECTOR('',#516,1.);
#516 = DIRECTION('',(0.,-1.));
#517 = ( GEOMETRIC_REPRESENTATION_CONTEXT(2) 
PARAMETRIC_REPRESENTATION_CONTEXT() REPRESENTATION_CONTEXT('2D SPACE',''
  ) );
#518 = ORIENTED_EDGE('',*,*,#519,.T.);
#519 = EDGE_CURVE('',#492,#520,#522,.T.);
#520 = VERTEX_POINT('',#521);
#521 = CARTESIAN_POINT('',(8.24,-25.78,1.));
#522 = SURFACE_CURVE('',#523,(#528,#535),.PCURVE_S1.);
#523 = CIRCLE('',#524,1.);
#524 = AXIS2_PLACEMENT_3D('',#525,#526,#527);
#525 = CARTESIAN_POINT('',(8.24,-24.78,1.));
#526 = DIRECTION('',(0.,0.,1.));
#527 = DIRECTION('',(0.,-1.,0.));
#528 = PCURVE('',#32,#529);
#529 = DEFINITIONAL_REPRESENTATION('',(#530),#534);
#530 = CIRCLE('',#531,1.);
#531 = AXIS2_PLACEMENT_2D('',#532,#533);
#532 = CARTESIAN_POINT('',(15.48,-0.65));
#533 = DIRECTION('',(0.,-1.));
#534 = ( GEOMETRIC_REPRESENTATION_CONTEXT(2) 
PARAMETRIC_REPRESENTATION_CONTEXT() REPRESENTATION_CONTEXT('2D SPACE',''
  ) );
#535 = PCURVE('',#536,#541);
#536 = CYLINDRICAL_SURFACE('',#537,1.);
#537 = AXIS2_PLACEMENT_3D('',#538,#539,#540);
#538 = CARTESIAN_POINT('',(8.24,-24.78,0.));
#539 = DIRECTION('',(0.,0.,1.));
#540 = DIRECTION('',(-1.,-0.,0.));
#541 = DEFINITIONAL_REPRESENTATION('',(#542),#546);
#542 = LINE('',#543,#544);
#543 = CARTESIAN_POINT('',(-4.712388980385,1.));
#544 = VECTOR('',#545,1.);
#545 = DIRECTION('',(1.,0.));
#546 = ( GEOMETRIC_REPRESENTATION_CONTEXT(2) 
PARAMETRIC_REPRESENTATION_CONTEXT() REPRESENTATION_CONTEXT('2D SPACE',''
  ) );
#547 = ORIENTED_EDGE('',*,*,#548,.T.);
#548 = EDGE_CURVE('',#520,#549,#551,.T.);
#549 = VERTEX_POINT('',#550);
#550 = CARTESIAN_POINT('',(9.54,-25.78,1.));
#551 = SURFACE_CURVE('',#552,(#556,#563),.PCURVE_S1.);
#552 = LINE('',#553,#554);
#553 = CARTESIAN_POINT('',(7.24,-25.78,1.));
#554 = VECTOR('',#555,1.);
#555 = DIRECTION('',(1.,0.,-0.));
#556 = PCURVE('',#32,#557);
#557 = DEFINITIONAL_REPRESENTATION('',(#558),#562);
#558 = LINE('',#559,#560);
#559 = CARTESIAN_POINT('',(14.48,-1.65));
#560 = VECTOR('',#561,1.);
#561 = DIRECTION('',(1.,0.));
#562 = ( GEOMETRIC_REPRESENTATION_CONTEXT(2) 
PARAMETRIC_REPRESENTATION_CONTEXT() REPRESENTATION_CONTEXT('2D SPACE',''
  ) );
#563 = PCURVE('',#564,#569);
#564 = PLANE('',#565);
#565 = AXIS2_PLACEMENT_3D('',#566,#567,#568);
#566 = CARTESIAN_POINT('',(7.24,-25.78,0.));
#567 = DIRECTION('',(-0.,1.,0.));
#568 = DIRECTION('',(0.,0.,1.));
#569 = DEFINITIONAL_REPRESENTATION('',(#570),#574);
#570 = LINE('',#571,#572);
#571 = CARTESIAN_POINT('',(1.,0.));
#572 = VECTOR('',#573,1.);
#573 = DIRECTION('',(0.,1.));
#574 = ( GEOMETRIC_REPRESENTATION_CONTEXT(2) 
PARAMETRIC_REPRESENTATION_CONTEXT() REPRESENTATION_CONTEXT('2D SPACE',''
  ) );
#575 = ORIENTED_EDGE('',*,*,#576,.T.);
#576 = EDGE_CURVE('',#549,#577,#579,.T.);
#577 = VERTEX_POINT('',#578);
#578 = CARTESIAN_POINT('',(10.54,-24.78,1.));
#579 = SURFACE_CURVE('',#580,(#585,#592),.PCURVE_S1.);
#580 = CIRCLE('',#581,1.);
#581 = AXIS2_PLACEMENT_3D('',#582,#583,#584);
#582 = CARTESIAN_POINT('',(9.54,-24.78,1.));
#583 = DIRECTION('',(0.,0.,1.));
#584 = DIRECTION('',(0.,-1.,0.));
#585 = PCURVE('',#32,#586);
#586 = DEFINITIONAL_REPRESENTATION('',(#587),#591);
#587 = CIRCLE('',#588,1.);
#588 = AXIS2_PLACEMENT_2D('',#589,#590);
#589 = CARTESIAN_POINT('',(16.78,-0.65));
#590 = DIRECTION('',(0.,-1.));
#591 = ( GEOMETRIC_REPRESENTATION_CONTEXT(2) 
PARAMETRIC_REPRESENTATION_CONTEXT() REPRESENTATION_CONTEXT('2D SPACE',''
  ) );
#592 = PCURVE('',#593,#598);
#593 = CYLINDRICAL_SURFACE('',#594,1.);
#594 = AXIS2_PLACEMENT_3D('',#595,#596,#597);
#595 = CARTESIAN_POINT('',(9.54,-24.78,0.));
#596 = DIRECTION('',(0.,0.,1.));
#597 = DIRECTION('',(0.,-1.,0.));
#598 = DEFINITIONAL_REPRESENTATION('',(#599),#603);
#599 = LINE('',#600,#601);
#600 = CARTESIAN_POINT('',(0.,1.));
#601 = VECTOR('',#602,1.);
#602 = DIRECTION('',(1.,0.));
#603 = ( GEOMETRIC_REPRESENTATION_CONTEXT(2) 
PARAMETRIC_REPRESENTATION_CONTEXT() REPRESENTATION_CONTEXT('2D SPACE',''
  ) );
#604 = ORIENTED_EDGE('',*,*,#605,.T.);
#605 = EDGE_CURVE('',#577,#606,#608,.T.);
#606 = VERTEX_POINT('',#607);
#607 = CARTESIAN_POINT('',(10.54,-23.48,1.));
#608 = SURFACE_CURVE('',#609,(#613,#620),.PCURVE_S1.);
#609 = LINE('',#610,#611);
#610 = CARTESIAN_POINT('',(10.54,-25.78,1.));
#611 = VECTOR('',#612,1.);
#612 = DIRECTION('',(-0.,1.,0.));
#613 = PCURVE('',#32,#614);
#614 = DEFINITIONAL_REPRESENTATION('',(#615),#619);
#615 = LINE('',#616,#617);
#616 = CARTESIAN_POINT('',(17.78,-1.65));
#617 = VECTOR('',#618,1.);
#618 = DIRECTION('',(0.,1.));
#619 = ( GEOMETRIC_REPRESENTATION_CONTEXT(2) 
PARAMETRIC_REPRESENTATION_CONTEXT() REPRESENTATION_CONTEXT('2D SPACE',''
  ) );
#620 = PCURVE('',#621,#626);
#621 = PLANE('',#622);
#622 = AXIS2_PLACEMENT_3D('',#623,#624,#625);
#623 = CARTESIAN_POINT('',(10.54,-25.78,0.));
#624 = DIRECTION('',(1.,0.,-0.));
#625 = DIRECTION('',(0.,0.,1.));
#626 = DEFINITIONAL_REPRESENTATION('',(#627),#631);
#627 = LINE('',#628,#629);
#628 = CARTESIAN_POINT('',(1.,0.));
#629 = VECTOR('',#630,1.);
#630 = DIRECTION('',(0.,-1.));
#631 = ( GEOMETRIC_REPRESENTATION_CONTEXT(2) 
PARAMETRIC_REPRESENTATION_CONTEXT() REPRESENTATION_CONTEXT('2D SPACE',''
  ) );
#632 = ORIENTED_EDGE('',*,*,#633,.T.);
#633 = EDGE_CURVE('',#606,#634,#636,.T.);
#634 = VERTEX_POINT('',#635);
#635 = CARTESIAN_POINT('',(9.54,-22.48,1.));
#636 = SURFACE_CURVE('',#637,(#642,#649),.PCURVE_S1.);
#637 = CIRCLE('',#638,1.);
#638 = AXIS2_PLACEMENT_3D('',#639,#640,#641);
#639 = CARTESIAN_POINT('',(9.54,-23.48,1.));
#640 = DIRECTION('',(0.,0.,1.));
#641 = DIRECTION('',(0.,-1.,0.));
#642 = PCURVE('',#32,#643);
#643 = DEFINITIONAL_REPRESENTATION('',(#644),#648);
#644 = CIRCLE('',#645,1.);
#645 = AXIS2_PLACEMENT_2D('',#646,#647);
#646 = CARTESIAN_POINT('',(16.78,0.65));
#647 = DIRECTION('',(0.,-1.));
#648 = ( GEOMETRIC_REPRESENTATION_CONTEXT(2) 
PARAMETRIC_REPRESENTATION_CONTEXT() REPRESENTATION_CONTEXT('2D SPACE',''
  ) );
#649 = PCURVE('',#650,#655);
#650 = CYLINDRICAL_SURFACE('',#651,1.);
#651 = AXIS2_PLACEMENT_3D('',#652,#653,#654);
#652 = CARTESIAN_POINT('',(9.54,-23.48,0.));
#653 = DIRECTION('',(0.,0.,1.));
#654 = DIRECTION('',(1.,0.,-0.));
#655 = DEFINITIONAL_REPRESENTATION('',(#656),#660);
#656 = LINE('',#657,#658);
#657 = CARTESIAN_POINT('',(-1.570796326795,1.));
#658 = VECTOR('',#659,1.);
#659 = DIRECTION('',(1.,0.));
#660 = ( GEOMETRIC_REPRESENTATION_CONTEXT(2) 
PARAMETRIC_REPRESENTATION_CONTEXT() REPRESENTATION_CONTEXT('2D SPACE',''
  ) );
#661 = ORIENTED_EDGE('',*,*,#662,.F.);
#662 = EDGE_CURVE('',#663,#634,#665,.T.);
#663 = VERTEX_POINT('',#664);
#664 = CARTESIAN_POINT('',(8.24,-22.48,1.));
#665 = SURFACE_CURVE('',#666,(#670,#677),.PCURVE_S1.);
#666 = LINE('',#667,#668);
#667 = CARTESIAN_POINT('',(7.24,-22.48,1.));
#668 = VECTOR('',#669,1.);
#669 = DIRECTION('',(1.,0.,-0.));
#670 = PCURVE('',#32,#671);
#671 = DEFINITIONAL_REPRESENTATION('',(#672),#676);
#672 = LINE('',#673,#674);
#673 = CARTESIAN_POINT('',(14.48,1.65));
#674 = VECTOR('',#675,1.);
#675 = DIRECTION('',(1.,0.));
#676 = ( GEOMETRIC_REPRESENTATION_CONTEXT(2) 
PARAMETRIC_REPRESENTATION_CONTEXT() REPRESENTATION_CONTEXT('2D SPACE',''
  ) );
#677 = PCURVE('',#678,#683);
#678 = PLANE('',#679);
#679 = AXIS2_PLACEMENT_3D('',#680,#681,#682);
#680 = CARTESIAN_POINT('',(7.24,-22.48,0.));
#681 = DIRECTION('',(-0.,1.,0.));
#682 = DIRECTION('',(0.,0.,1.));
#683 = DEFINITIONAL_REPRESENTATION('',(#684),#688);
#684 = LINE('',#685,#686);
#685 = CARTESIAN_POINT('',(1.,0.));
#686 = VECTOR('',#687,1.);
#687 = DIRECTION('',(0.,1.));
#688 = ( GEOMETRIC_REPRESENTATION_CONTEXT(2) 
PARAMETRIC_REPRESENTATION_CONTEXT() REPRESENTATION_CONTEXT('2D SPACE',''
  ) );
#689 = ORIENTED_EDGE('',*,*,#690,.T.);
#690 = EDGE_CURVE('',#663,#691,#693,.T.);
#691 = VERTEX_POINT('',#692);
#692 = CARTESIAN_POINT('',(7.24,-21.48,1.));
#693 = SURFACE_CURVE('',#694,(#699,#710),.PCURVE_S1.);
#694 = CIRCLE('',#695,1.);
#695 = AXIS2_PLACEMENT_3D('',#696,#697,#698);
#696 = CARTESIAN_POINT('',(8.24,-21.48,1.));
#697 = DIRECTION('',(-0.,-0.,-1.));
#698 = DIRECTION('',(0.,-1.,0.));
#699 = PCURVE('',#32,#700);
#700 = DEFINITIONAL_REPRESENTATION('',(#701),#709);
#701 = ( BOUNDED_CURVE() B_SPLINE_CURVE(2,(#702,#703,#704,#705,#706,#707
,#708),.UNSPECIFIED.,.T.,.F.) B_SPLINE_CURVE_WITH_KNOTS((1,2,2,2,2,1),(
    -2.094395102393,0.,2.094395102393,4.188790204786,6.28318530718,
8.377580409573),.UNSPECIFIED.) CURVE() GEOMETRIC_REPRESENTATION_ITEM() 
RATIONAL_B_SPLINE_CURVE((1.,0.5,1.,0.5,1.,0.5,1.)) REPRESENTATION_ITEM(
  '') );
#702 = CARTESIAN_POINT('',(15.48,1.65));
#703 = CARTESIAN_POINT('',(13.747949192431,1.65));
#704 = CARTESIAN_POINT('',(14.613974596216,3.15));
#705 = CARTESIAN_POINT('',(15.48,4.65));
#706 = CARTESIAN_POINT('',(16.346025403784,3.15));
#707 = CARTESIAN_POINT('',(17.212050807569,1.65));
#708 = CARTESIAN_POINT('',(15.48,1.65));
#709 = ( GEOMETRIC_REPRESENTATION_CONTEXT(2) 
PARAMETRIC_REPRESENTATION_CONTEXT() REPRESENTATION_CONTEXT('2D SPACE',''
  ) );
#710 = PCURVE('',#711,#716);
#711 = CYLINDRICAL_SURFACE('',#712,1.);
#712 = AXIS2_PLACEMENT_3D('',#713,#714,#715);
#713 = CARTESIAN_POINT('',(8.24,-21.48,0.));
#714 = DIRECTION('',(0.,0.,1.));
#715 = DIRECTION('',(0.,-1.,0.));
#716 = DEFINITIONAL_REPRESENTATION('',(#717),#721);
#717 = LINE('',#718,#719);
#718 = CARTESIAN_POINT('',(-0.,1.));
#719 = VECTOR('',#720,1.);
#720 = DIRECTION('',(-1.,0.));
#721 = ( GEOMETRIC_REPRESENTATION_CONTEXT(2) 
PARAMETRIC_REPRESENTATION_CONTEXT() REPRESENTATION_CONTEXT('2D SPACE',''
  ) );
#722 = ORIENTED_EDGE('',*,*,#723,.T.);
#723 = EDGE_CURVE('',#691,#724,#726,.T.);
#724 = VERTEX_POINT('',#725);
#725 = CARTESIAN_POINT('',(7.24,6.24,1.));
#726 = SURFACE_CURVE('',#727,(#731,#738),.PCURVE_S1.);
#727 = LINE('',#728,#729);
#728 = CARTESIAN_POINT('',(7.24,-24.13,1.));
#729 = VECTOR('',#730,1.);
#730 = DIRECTION('',(-0.,1.,0.));
#731 = PCURVE('',#32,#732);
#732 = DEFINITIONAL_REPRESENTATION('',(#733),#737);
#733 = LINE('',#734,#735);
#734 = CARTESIAN_POINT('',(14.48,0.));
#735 = VECTOR('',#736,1.);
#736 = DIRECTION('',(0.,1.));
#737 = ( GEOMETRIC_REPRESENTATION_CONTEXT(2) 
PARAMETRIC_REPRESENTATION_CONTEXT() REPRESENTATION_CONTEXT('2D SPACE',''
  ) );
#738 = PCURVE('',#739,#744);
#739 = PLANE('',#740);
#740 = AXIS2_PLACEMENT_3D('',#741,#742,#743);
#741 = CARTESIAN_POINT('',(7.24,-24.13,0.));
#742 = DIRECTION('',(1.,0.,-0.));
#743 = DIRECTION('',(0.,0.,1.));
#744 = DEFINITIONAL_REPRESENTATION('',(#745),#749);
#745 = LINE('',#746,#747);
#746 = CARTESIAN_POINT('',(1.,0.));
#747 = VECTOR('',#748,1.);
#748 = DIRECTION('',(0.,-1.));
#749 = ( GEOMETRIC_REPRESENTATION_CONTEXT(2) 
PARAMETRIC_REPRESENTATION_CONTEXT() REPRESENTATION_CONTEXT('2D SPACE',''
  ) );
#750 = ORIENTED_EDGE('',*,*,#751,.T.);
#751 = EDGE_CURVE('',#724,#752,#754,.T.);
#752 = VERTEX_POINT('',#753);
#753 = CARTESIAN_POINT('',(8.24,7.24,1.));
#754 = SURFACE_CURVE('',#755,(#760,#771),.PCURVE_S1.);
#755 = CIRCLE('',#756,1.);
#756 = AXIS2_PLACEMENT_3D('',#757,#758,#759);
#757 = CARTESIAN_POINT('',(8.24,6.24,1.));
#758 = DIRECTION('',(-0.,-0.,-1.));
#759 = DIRECTION('',(0.,-1.,0.));
#760 = PCURVE('',#32,#761);
#761 = DEFINITIONAL_REPRESENTATION('',(#762),#770);
#762 = ( BOUNDED_CURVE() B_SPLINE_CURVE(2,(#763,#764,#765,#766,#767,#768
,#769),.UNSPECIFIED.,.T.,.F.) B_SPLINE_CURVE_WITH_KNOTS((1,2,2,2,2,1),(
    -2.094395102393,0.,2.094395102393,4.188790204786,6.28318530718,
8.377580409573),.UNSPECIFIED.) CURVE() GEOMETRIC_REPRESENTATION_ITEM() 
RATIONAL_B_SPLINE_CURVE((1.,0.5,1.,0.5,1.,0.5,1.)) REPRESENTATION_ITEM(
  '') );
#763 = CARTESIAN_POINT('',(15.48,29.37));
#764 = CARTESIAN_POINT('',(13.747949192431,29.37));
#765 = CARTESIAN_POINT('',(14.613974596216,30.87));
#766 = CARTESIAN_POINT('',(15.48,32.37));
#767 = CARTESIAN_POINT('',(16.346025403784,30.87));
#768 = CARTESIAN_POINT('',(17.212050807569,29.37));
#769 = CARTESIAN_POINT('',(15.48,29.37));
#770 = ( GEOMETRIC_REPRESENTATION_CONTEXT(2) 
PARAMETRIC_REPRESENTATION_CONTEXT() REPRESENTATION_CONTEXT('2D SPACE',''
  ) );
#771 = PCURVE('',#772,#777);
#772 = CYLINDRICAL_SURFACE('',#773,1.);
#773 = AXIS2_PLACEMENT_3D('',#774,#775,#776);
#774 = CARTESIAN_POINT('',(8.24,6.24,0.));
#775 = DIRECTION('',(0.,0.,1.));
#776 = DIRECTION('',(-1.,-0.,0.));
#777 = DEFINITIONAL_REPRESENTATION('',(#778),#782);
#778 = LINE('',#779,#780);
#779 = CARTESIAN_POINT('',(1.570796326795,1.));
#780 = VECTOR('',#781,1.);
#781 = DIRECTION('',(-1.,0.));
#782 = ( GEOMETRIC_REPRESENTATION_CONTEXT(2) 
PARAMETRIC_REPRESENTATION_CONTEXT() REPRESENTATION_CONTEXT('2D SPACE',''
  ) );
#783 = ORIENTED_EDGE('',*,*,#784,.T.);
#784 = EDGE_CURVE('',#752,#785,#787,.T.);
#785 = VERTEX_POINT('',#786);
#786 = CARTESIAN_POINT('',(9.54,7.24,1.));
#787 = SURFACE_CURVE('',#788,(#792,#799),.PCURVE_S1.);
#788 = LINE('',#789,#790);
#789 = CARTESIAN_POINT('',(7.24,7.24,1.));
#790 = VECTOR('',#791,1.);
#791 = DIRECTION('',(1.,0.,-0.));
#792 = PCURVE('',#32,#793);
#793 = DEFINITIONAL_REPRESENTATION('',(#794),#798);
#794 = LINE('',#795,#796);
#795 = CARTESIAN_POINT('',(14.48,31.37));
#796 = VECTOR('',#797,1.);
#797 = DIRECTION('',(1.,0.));
#798 = ( GEOMETRIC_REPRESENTATION_CONTEXT(2) 
PARAMETRIC_REPRESENTATION_CONTEXT() REPRESENTATION_CONTEXT('2D SPACE',''
  ) );
#799 = PCURVE('',#800,#805);
#800 = PLANE('',#801);
#801 = AXIS2_PLACEMENT_3D('',#802,#803,#804);
#802 = CARTESIAN_POINT('',(7.24,7.24,0.));
#803 = DIRECTION('',(-0.,1.,0.));
#804 = DIRECTION('',(0.,0.,1.));
#805 = DEFINITIONAL_REPRESENTATION('',(#806),#810);
#806 = LINE('',#807,#808);
#807 = CARTESIAN_POINT('',(1.,0.));
#808 = VECTOR('',#809,1.);
#809 = DIRECTION('',(0.,1.));
#810 = ( GEOMETRIC_REPRESENTATION_CONTEXT(2) 
PARAMETRIC_REPRESENTATION_CONTEXT() REPRESENTATION_CONTEXT('2D SPACE',''
  ) );
#811 = ORIENTED_EDGE('',*,*,#812,.T.);
#812 = EDGE_CURVE('',#785,#813,#815,.T.);
#813 = VERTEX_POINT('',#814);
#814 = CARTESIAN_POINT('',(10.54,8.24,1.));
#815 = SURFACE_CURVE('',#816,(#821,#828),.PCURVE_S1.);
#816 = CIRCLE('',#817,1.);
#817 = AXIS2_PLACEMENT_3D('',#818,#819,#820);
#818 = CARTESIAN_POINT('',(9.54,8.24,1.));
#819 = DIRECTION('',(0.,0.,1.));
#820 = DIRECTION('',(0.,-1.,0.));
#821 = PCURVE('',#32,#822);
#822 = DEFINITIONAL_REPRESENTATION('',(#823),#827);
#823 = CIRCLE('',#824,1.);
#824 = AXIS2_PLACEMENT_2D('',#825,#826);
#825 = CARTESIAN_POINT('',(16.78,32.37));
#826 = DIRECTION('',(0.,-1.));
#827 = ( GEOMETRIC_REPRESENTATION_CONTEXT(2) 
PARAMETRIC_REPRESENTATION_CONTEXT() REPRESENTATION_CONTEXT('2D SPACE',''
  ) );
#828 = PCURVE('',#829,#834);
#829 = CYLINDRICAL_SURFACE('',#830,1.);
#830 = AXIS2_PLACEMENT_3D('',#831,#832,#833);
#831 = CARTESIAN_POINT('',(9.54,8.24,0.));
#832 = DIRECTION('',(0.,0.,1.));
#833 = DIRECTION('',(0.,-1.,0.));
#834 = DEFINITIONAL_REPRESENTATION('',(#835),#839);
#835 = LINE('',#836,#837);
#836 = CARTESIAN_POINT('',(0.,1.));
#837 = VECTOR('',#838,1.);
#838 = DIRECTION('',(1.,0.));
#839 = ( GEOMETRIC_REPRESENTATION_CONTEXT(2) 
PARAMETRIC_REPRESENTATION_CONTEXT() REPRESENTATION_CONTEXT('2D SPACE',''
  ) );
#840 = ORIENTED_EDGE('',*,*,#841,.T.);
#841 = EDGE_CURVE('',#813,#842,#844,.T.);
#842 = VERTEX_POINT('',#843);
#843 = CARTESIAN_POINT('',(10.54,12.08,1.));
#844 = SURFACE_CURVE('',#845,(#849,#856),.PCURVE_S1.);
#845 = LINE('',#846,#847);
#846 = CARTESIAN_POINT('',(10.54,7.24,1.));
#847 = VECTOR('',#848,1.);
#848 = DIRECTION('',(-0.,1.,0.));
#849 = PCURVE('',#32,#850);
#850 = DEFINITIONAL_REPRESENTATION('',(#851),#855);
#851 = LINE('',#852,#853);
#852 = CARTESIAN_POINT('',(17.78,31.37));
#853 = VECTOR('',#854,1.);
#854 = DIRECTION('',(0.,1.));
#855 = ( GEOMETRIC_REPRESENTATION_CONTEXT(2) 
PARAMETRIC_REPRESENTATION_CONTEXT() REPRESENTATION_CONTEXT('2D SPACE',''
  ) );
#856 = PCURVE('',#857,#862);
#857 = PLANE('',#858);
#858 = AXIS2_PLACEMENT_3D('',#859,#860,#861);
#859 = CARTESIAN_POINT('',(10.54,7.24,0.));
#860 = DIRECTION('',(1.,0.,-0.));
#861 = DIRECTION('',(0.,0.,1.));
#862 = DEFINITIONAL_REPRESENTATION('',(#863),#867);
#863 = LINE('',#864,#865);
#864 = CARTESIAN_POINT('',(1.,0.));
#865 = VECTOR('',#866,1.);
#866 = DIRECTION('',(0.,-1.));
#867 = ( GEOMETRIC_REPRESENTATION_CONTEXT(2) 
PARAMETRIC_REPRESENTATION_CONTEXT() REPRESENTATION_CONTEXT('2D SPACE',''
  ) );
#868 = ORIENTED_EDGE('',*,*,#869,.T.);
#869 = EDGE_CURVE('',#842,#870,#872,.T.);
#870 = VERTEX_POINT('',#871);
#871 = CARTESIAN_POINT('',(9.54,13.08,1.));
#872 = SURFACE_CURVE('',#873,(#878,#885),.PCURVE_S1.);
#873 = CIRCLE('',#874,1.);
#874 = AXIS2_PLACEMENT_3D('',#875,#876,#877);
#875 = CARTESIAN_POINT('',(9.54,12.08,1.));
#876 = DIRECTION('',(0.,0.,1.));
#877 = DIRECTION('',(0.,-1.,0.));
#878 = PCURVE('',#32,#879);
#879 = DEFINITIONAL_REPRESENTATION('',(#880),#884);
#880 = CIRCLE('',#881,1.);
#881 = AXIS2_PLACEMENT_2D('',#882,#883);
#882 = CARTESIAN_POINT('',(16.78,36.21));
#883 = DIRECTION('',(0.,-1.));
#884 = ( GEOMETRIC_REPRESENTATION_CONTEXT(2) 
PARAMETRIC_REPRESENTATION_CONTEXT() REPRESENTATION_CONTEXT('2D SPACE',''
  ) );
#885 = PCURVE('',#886,#891);
#886 = CYLINDRICAL_SURFACE('',#887,1.);
#887 = AXIS2_PLACEMENT_3D('',#888,#889,#890);
#888 = CARTESIAN_POINT('',(9.54,12.08,0.));
#889 = DIRECTION('',(0.,0.,1.));
#890 = DIRECTION('',(1.,0.,-0.));
#891 = DEFINITIONAL_REPRESENTATION('',(#892),#896);
#892 = LINE('',#893,#894);
#893 = CARTESIAN_POINT('',(-1.570796326795,1.));
#894 = VECTOR('',#895,1.);
#895 = DIRECTION('',(1.,0.));
#896 = ( GEOMETRIC_REPRESENTATION_CONTEXT(2) 
PARAMETRIC_REPRESENTATION_CONTEXT() REPRESENTATION_CONTEXT('2D SPACE',''
  ) );
#897 = ORIENTED_EDGE('',*,*,#898,.F.);
#898 = EDGE_CURVE('',#899,#870,#901,.T.);
#899 = VERTEX_POINT('',#900);
#900 = CARTESIAN_POINT('',(8.24,13.08,1.));
#901 = SURFACE_CURVE('',#902,(#906,#913),.PCURVE_S1.);
#902 = LINE('',#903,#904);
#903 = CARTESIAN_POINT('',(7.24,13.08,1.));
#904 = VECTOR('',#905,1.);
#905 = DIRECTION('',(1.,0.,-0.));
#906 = PCURVE('',#32,#907);
#907 = DEFINITIONAL_REPRESENTATION('',(#908),#912);
#908 = LINE('',#909,#910);
#909 = CARTESIAN_POINT('',(14.48,37.21));
#910 = VECTOR('',#911,1.);
#911 = DIRECTION('',(1.,0.));
#912 = ( GEOMETRIC_REPRESENTATION_CONTEXT(2) 
PARAMETRIC_REPRESENTATION_CONTEXT() REPRESENTATION_CONTEXT('2D SPACE',''
  ) );
#913 = PCURVE('',#914,#919);
#914 = PLANE('',#915);
#915 = AXIS2_PLACEMENT_3D('',#916,#917,#918);
#916 = CARTESIAN_POINT('',(7.24,13.08,0.));
#917 = DIRECTION('',(-0.,1.,0.));
#918 = DIRECTION('',(0.,0.,1.));
#919 = DEFINITIONAL_REPRESENTATION('',(#920),#924);
#920 = LINE('',#921,#922);
#921 = CARTESIAN_POINT('',(1.,0.));
#922 = VECTOR('',#923,1.);
#923 = DIRECTION('',(0.,1.));
#924 = ( GEOMETRIC_REPRESENTATION_CONTEXT(2) 
PARAMETRIC_REPRESENTATION_CONTEXT() REPRESENTATION_CONTEXT('2D SPACE',''
  ) );
#925 = ORIENTED_EDGE('',*,*,#926,.T.);
#926 = EDGE_CURVE('',#899,#927,#929,.T.);
#927 = VERTEX_POINT('',#928);
#928 = CARTESIAN_POINT('',(7.24,14.08,1.));
#929 = SURFACE_CURVE('',#930,(#935,#946),.PCURVE_S1.);
#930 = CIRCLE('',#931,1.);
#931 = AXIS2_PLACEMENT_3D('',#932,#933,#934);
#932 = CARTESIAN_POINT('',(8.24,14.08,1.));
#933 = DIRECTION('',(-0.,-0.,-1.));
#934 = DIRECTION('',(0.,-1.,0.));
#935 = PCURVE('',#32,#936);
#936 = DEFINITIONAL_REPRESENTATION('',(#937),#945);
#937 = ( BOUNDED_CURVE() B_SPLINE_CURVE(2,(#938,#939,#940,#941,#942,#943
,#944),.UNSPECIFIED.,.T.,.F.) B_SPLINE_CURVE_WITH_KNOTS((1,2,2,2,2,1),(
    -2.094395102393,0.,2.094395102393,4.188790204786,6.28318530718,
8.377580409573),.UNSPECIFIED.) CURVE() GEOMETRIC_REPRESENTATION_ITEM() 
RATIONAL_B_SPLINE_CURVE((1.,0.5,1.,0.5,1.,0.5,1.)) REPRESENTATION_ITEM(
  '') );
#938 = CARTESIAN_POINT('',(15.48,37.21));
#939 = CARTESIAN_POINT('',(13.747949192431,37.21));
#940 = CARTESIAN_POINT('',(14.613974596216,38.71));
#941 = CARTESIAN_POINT('',(15.48,40.21));
#942 = CARTESIAN_POINT('',(16.346025403784,38.71));
#943 = CARTESIAN_POINT('',(17.212050807569,37.21));
#944 = CARTESIAN_POINT('',(15.48,37.21));
#945 = ( GEOMETRIC_REPRESENTATION_CONTEXT(2) 
PARAMETRIC_REPRESENTATION_CONTEXT() REPRESENTATION_CONTEXT('2D SPACE',''
  ) );
#946 = PCURVE('',#947,#952);
#947 = CYLINDRICAL_SURFACE('',#948,1.);
#948 = AXIS2_PLACEMENT_3D('',#949,#950,#951);
#949 = CARTESIAN_POINT('',(8.24,14.08,0.));
#950 = DIRECTION('',(0.,0.,1.));
#951 = DIRECTION('',(0.,-1.,0.));
#952 = DEFINITIONAL_REPRESENTATION('',(#953),#957);
#953 = LINE('',#954,#955);
#954 = CARTESIAN_POINT('',(-0.,1.));
#955 = VECTOR('',#956,1.);
#956 = DIRECTION('',(-1.,0.));
#957 = ( GEOMETRIC_REPRESENTATION_CONTEXT(2) 
PARAMETRIC_REPRESENTATION_CONTEXT() REPRESENTATION_CONTEXT('2D SPACE',''
  ) );
#958 = ORIENTED_EDGE('',*,*,#959,.T.);
#959 = EDGE_CURVE('',#927,#960,#962,.T.);
#960 = VERTEX_POINT('',#961);
#961 = CARTESIAN_POINT('',(7.24,21.48,1.));
#962 = SURFACE_CURVE('',#963,(#967,#974),.PCURVE_S1.);
#963 = LINE('',#964,#965);
#964 = CARTESIAN_POINT('',(7.24,-24.13,1.));
#965 = VECTOR('',#966,1.);
#966 = DIRECTION('',(-0.,1.,0.));
#967 = PCURVE('',#32,#968);
#968 = DEFINITIONAL_REPRESENTATION('',(#969),#973);
#969 = LINE('',#970,#971);
#970 = CARTESIAN_POINT('',(14.48,0.));
#971 = VECTOR('',#972,1.);
#972 = DIRECTION('',(0.,1.));
#973 = ( GEOMETRIC_REPRESENTATION_CONTEXT(2) 
PARAMETRIC_REPRESENTATION_CONTEXT() REPRESENTATION_CONTEXT('2D SPACE',''
  ) );
#974 = PCURVE('',#975,#980);
#975 = PLANE('',#976);
#976 = AXIS2_PLACEMENT_3D('',#977,#978,#979);
#977 = CARTESIAN_POINT('',(7.24,-24.13,0.));
#978 = DIRECTION('',(1.,0.,-0.));
#979 = DIRECTION('',(0.,0.,1.));
#980 = DEFINITIONAL_REPRESENTATION('',(#981),#985);
#981 = LINE('',#982,#983);
#982 = CARTESIAN_POINT('',(1.,0.));
#983 = VECTOR('',#984,1.);
#984 = DIRECTION('',(0.,-1.));
#985 = ( GEOMETRIC_REPRESENTATION_CONTEXT(2) 
PARAMETRIC_REPRESENTATION_CONTEXT() REPRESENTATION_CONTEXT('2D SPACE',''
  ) );
#986 = ORIENTED_EDGE('',*,*,#987,.T.);
#987 = EDGE_CURVE('',#960,#988,#990,.T.);
#988 = VERTEX_POINT('',#989);
#989 = CARTESIAN_POINT('',(8.24,22.48,1.));
#990 = SURFACE_CURVE('',#991,(#996,#1007),.PCURVE_S1.);
#991 = CIRCLE('',#992,1.);
#992 = AXIS2_PLACEMENT_3D('',#993,#994,#995);
#993 = CARTESIAN_POINT('',(8.24,21.48,1.));
#994 = DIRECTION('',(-0.,-0.,-1.));
#995 = DIRECTION('',(0.,-1.,0.));
#996 = PCURVE('',#32,#997);
#997 = DEFINITIONAL_REPRESENTATION('',(#998),#1006);
#998 = ( BOUNDED_CURVE() B_SPLINE_CURVE(2,(#999,#1000,#1001,#1002,#1003,
#1004,#1005),.UNSPECIFIED.,.T.,.F.) B_SPLINE_CURVE_WITH_KNOTS((1,2,2,2,2
    ,1),(-2.094395102393,0.,2.094395102393,4.188790204786,6.28318530718,
8.377580409573),.UNSPECIFIED.) CURVE() GEOMETRIC_REPRESENTATION_ITEM() 
RATIONAL_B_SPLINE_CURVE((1.,0.5,1.,0.5,1.,0.5,1.)) REPRESENTATION_ITEM(
  '') );
#999 = CARTESIAN_POINT('',(15.48,44.61));
#1000 = CARTESIAN_POINT('',(13.747949192431,44.61));
#1001 = CARTESIAN_POINT('',(14.613974596216,46.11));
#1002 = CARTESIAN_POINT('',(15.48,47.61));
#1003 = CARTESIAN_POINT('',(16.346025403784,46.11));
#1004 = CARTESIAN_POINT('',(17.212050807569,44.61));
#1005 = CARTESIAN_POINT('',(15.48,44.61));
#1006 = ( GEOMETRIC_REPRESENTATION_CONTEXT(2) 
PARAMETRIC_REPRESENTATION_CONTEXT() REPRESENTATION_CONTEXT('2D SPACE',''
  ) );
#1007 = PCURVE('',#1008,#1013);
#1008 = CYLINDRICAL_SURFACE('',#1009,1.);
#1009 = AXIS2_PLACEMENT_3D('',#1010,#1011,#1012);
#1010 = CARTESIAN_POINT('',(8.24,21.48,0.));
#1011 = DIRECTION('',(0.,0.,1.));
#1012 = DIRECTION('',(-1.,-0.,0.));
#1013 = DEFINITIONAL_REPRESENTATION('',(#1014),#1018);
#1014 = LINE('',#1015,#1016);
#1015 = CARTESIAN_POINT('',(1.570796326795,1.));
#1016 = VECTOR('',#1017,1.);
#1017 = DIRECTION('',(-1.,0.));
#1018 = ( GEOMETRIC_REPRESENTATION_CONTEXT(2) 
PARAMETRIC_REPRESENTATION_CONTEXT() REPRESENTATION_CONTEXT('2D SPACE',''
  ) );
#1019 = ORIENTED_EDGE('',*,*,#1020,.T.);
#1020 = EDGE_CURVE('',#988,#1021,#1023,.T.);
#1021 = VERTEX_POINT('',#1022);
#1022 = CARTESIAN_POINT('',(9.54,22.48,1.));
#1023 = SURFACE_CURVE('',#1024,(#1028,#1035),.PCURVE_S1.);
#1024 = LINE('',#1025,#1026);
#1025 = CARTESIAN_POINT('',(7.24,22.48,1.));
#1026 = VECTOR('',#1027,1.);
#1027 = DIRECTION('',(1.,0.,-0.));
#1028 = PCURVE('',#32,#1029);
#1029 = DEFINITIONAL_REPRESENTATION('',(#1030),#1034);
#1030 = LINE('',#1031,#1032);
#1031 = CARTESIAN_POINT('',(14.48,46.61));
#1032 = VECTOR('',#1033,1.);
#1033 = DIRECTION('',(1.,0.));
#1034 = ( GEOMETRIC_REPRESENTATION_CONTEXT(2) 
PARAMETRIC_REPRESENTATION_CONTEXT() REPRESENTATION_CONTEXT('2D SPACE',''
  ) );
#1035 = PCURVE('',#1036,#1041);
#1036 = PLANE('',#1037);
#1037 = AXIS2_PLACEMENT_3D('',#1038,#1039,#1040);
#1038 = CARTESIAN_POINT('',(7.24,22.48,0.));
#1039 = DIRECTION('',(-0.,1.,0.));
#1040 = DIRECTION('',(0.,0.,1.));
#1041 = DEFINITIONAL_REPRESENTATION('',(#1042),#1046);
#1042 = LINE('',#1043,#1044);
#1043 = CARTESIAN_POINT('',(1.,0.));
#1044 = VECTOR('',#1045,1.);
#1045 = DIRECTION('',(0.,1.));
#1046 = ( GEOMETRIC_REPRESENTATION_CONTEXT(2) 
PARAMETRIC_REPRESENTATION_CONTEXT() REPRESENTATION_CONTEXT('2D SPACE',''
  ) );
#1047 = ORIENTED_EDGE('',*,*,#1048,.T.);
#1048 = EDGE_CURVE('',#1021,#1049,#1051,.T.);
#1049 = VERTEX_POINT('',#1050);
#1050 = CARTESIAN_POINT('',(10.54,23.48,1.));
#1051 = SURFACE_CURVE('',#1052,(#1057,#1064),.PCURVE_S1.);
#1052 = CIRCLE('',#1053,1.);
#1053 = AXIS2_PLACEMENT_3D('',#1054,#1055,#1056);
#1054 = CARTESIAN_POINT('',(9.54,23.48,1.));
#1055 = DIRECTION('',(0.,0.,1.));
#1056 = DIRECTION('',(0.,-1.,0.));
#1057 = PCURVE('',#32,#1058);
#1058 = DEFINITIONAL_REPRESENTATION('',(#1059),#1063);
#1059 = CIRCLE('',#1060,1.);
#1060 = AXIS2_PLACEMENT_2D('',#1061,#1062);
#1061 = CARTESIAN_POINT('',(16.78,47.61));
#1062 = DIRECTION('',(0.,-1.));
#1063 = ( GEOMETRIC_REPRESENTATION_CONTEXT(2) 
PARAMETRIC_REPRESENTATION_CONTEXT() REPRESENTATION_CONTEXT('2D SPACE',''
  ) );
#1064 = PCURVE('',#1065,#1070);
#1065 = CYLINDRICAL_SURFACE('',#1066,1.);
#1066 = AXIS2_PLACEMENT_3D('',#1067,#1068,#1069);
#1067 = CARTESIAN_POINT('',(9.54,23.48,0.));
#1068 = DIRECTION('',(0.,0.,1.));
#1069 = DIRECTION('',(0.,-1.,0.));
#1070 = DEFINITIONAL_REPRESENTATION('',(#1071),#1075);
#1071 = LINE('',#1072,#1073);
#1072 = CARTESIAN_POINT('',(0.,1.));
#1073 = VECTOR('',#1074,1.);
#1074 = DIRECTION('',(1.,0.));
#1075 = ( GEOMETRIC_REPRESENTATION_CONTEXT(2) 
PARAMETRIC_REPRESENTATION_CONTEXT() REPRESENTATION_CONTEXT('2D SPACE',''
  ) );
#1076 = ORIENTED_EDGE('',*,*,#1077,.T.);
#1077 = EDGE_CURVE('',#1049,#1078,#1080,.T.);
#1078 = VERTEX_POINT('',#1079);
#1079 = CARTESIAN_POINT('',(10.54,24.78,1.));
#1080 = SURFACE_CURVE('',#1081,(#1085,#1092),.PCURVE_S1.);
#1081 = LINE('',#1082,#1083);
#1082 = CARTESIAN_POINT('',(10.54,22.48,1.));
#1083 = VECTOR('',#1084,1.);
#1084 = DIRECTION('',(-0.,1.,0.));
#1085 = PCURVE('',#32,#1086);
#1086 = DEFINITIONAL_REPRESENTATION('',(#1087),#1091);
#1087 = LINE('',#1088,#1089);
#1088 = CARTESIAN_POINT('',(17.78,46.61));
#1089 = VECTOR('',#1090,1.);
#1090 = DIRECTION('',(0.,1.));
#1091 = ( GEOMETRIC_REPRESENTATION_CONTEXT(2) 
PARAMETRIC_REPRESENTATION_CONTEXT() REPRESENTATION_CONTEXT('2D SPACE',''
  ) );
#1092 = PCURVE('',#1093,#1098);
#1093 = PLANE('',#1094);
#1094 = AXIS2_PLACEMENT_3D('',#1095,#1096,#1097);
#1095 = CARTESIAN_POINT('',(10.54,22.48,0.));
#1096 = DIRECTION('',(1.,0.,-0.));
#1097 = DIRECTION('',(0.,0.,1.));
#1098 = DEFINITIONAL_REPRESENTATION('',(#1099),#1103);
#1099 = LINE('',#1100,#1101);
#1100 = CARTESIAN_POINT('',(1.,0.));
#1101 = VECTOR('',#1102,1.);
#1102 = DIRECTION('',(0.,-1.));
#1103 = ( GEOMETRIC_REPRESENTATION_CONTEXT(2) 
PARAMETRIC_REPRESENTATION_CONTEXT() REPRESENTATION_CONTEXT('2D SPACE',''
  ) );
#1104 = ORIENTED_EDGE('',*,*,#1105,.T.);
#1105 = EDGE_CURVE('',#1078,#1106,#1108,.T.);
#1106 = VERTEX_POINT('',#1107);
#1107 = CARTESIAN_POINT('',(9.54,25.78,1.));
#1108 = SURFACE_CURVE('',#1109,(#1114,#1121),.PCURVE_S1.);
#1109 = CIRCLE('',#1110,1.);
#1110 = AXIS2_PLACEMENT_3D('',#1111,#1112,#1113);
#1111 = CARTESIAN_POINT('',(9.54,24.78,1.));
#1112 = DIRECTION('',(0.,0.,1.));
#1113 = DIRECTION('',(0.,-1.,0.));
#1114 = PCURVE('',#32,#1115);
#1115 = DEFINITIONAL_REPRESENTATION('',(#1116),#1120);
#1116 = CIRCLE('',#1117,1.);
#1117 = AXIS2_PLACEMENT_2D('',#1118,#1119);
#1118 = CARTESIAN_POINT('',(16.78,48.91));
#1119 = DIRECTION('',(0.,-1.));
#1120 = ( GEOMETRIC_REPRESENTATION_CONTEXT(2) 
PARAMETRIC_REPRESENTATION_CONTEXT() REPRESENTATION_CONTEXT('2D SPACE',''
  ) );
#1121 = PCURVE('',#1122,#1127);
#1122 = CYLINDRICAL_SURFACE('',#1123,1.);
#1123 = AXIS2_PLACEMENT_3D('',#1124,#1125,#1126);
#1124 = CARTESIAN_POINT('',(9.54,24.78,0.));
#1125 = DIRECTION('',(0.,0.,1.));
#1126 = DIRECTION('',(1.,0.,-0.));
#1127 = DEFINITIONAL_REPRESENTATION('',(#1128),#1132);
#1128 = LINE('',#1129,#1130);
#1129 = CARTESIAN_POINT('',(-1.570796326795,1.));
#1130 = VECTOR('',#1131,1.);
#1131 = DIRECTION('',(1.,0.));
#1132 = ( GEOMETRIC_REPRESENTATION_CONTEXT(2) 
PARAMETRIC_REPRESENTATION_CONTEXT() REPRESENTATION_CONTEXT('2D SPACE',''
  ) );
#1133 = ORIENTED_EDGE('',*,*,#1134,.F.);
#1134 = EDGE_CURVE('',#1135,#1106,#1137,.T.);
#1135 = VERTEX_POINT('',#1136);
#1136 = CARTESIAN_POINT('',(8.24,25.78,1.));
#1137 = SURFACE_CURVE('',#1138,(#1142,#1149),.PCURVE_S1.);
#1138 = LINE('',#1139,#1140);
#1139 = CARTESIAN_POINT('',(7.24,25.78,1.));
#1140 = VECTOR('',#1141,1.);
#1141 = DIRECTION('',(1.,0.,-0.));
#1142 = PCURVE('',#32,#1143);
#1143 = DEFINITIONAL_REPRESENTATION('',(#1144),#1148);
#1144 = LINE('',#1145,#1146);
#1145 = CARTESIAN_POINT('',(14.48,49.91));
#1146 = VECTOR('',#1147,1.);
#1147 = DIRECTION('',(1.,0.));
#1148 = ( GEOMETRIC_REPRESENTATION_CONTEXT(2) 
PARAMETRIC_REPRESENTATION_CONTEXT() REPRESENTATION_CONTEXT('2D SPACE',''
  ) );
#1149 = PCURVE('',#1150,#1155);
#1150 = PLANE('',#1151);
#1151 = AXIS2_PLACEMENT_3D('',#1152,#1153,#1154);
#1152 = CARTESIAN_POINT('',(7.24,25.78,0.));
#1153 = DIRECTION('',(-0.,1.,0.));
#1154 = DIRECTION('',(0.,0.,1.));
#1155 = DEFINITIONAL_REPRESENTATION('',(#1156),#1160);
#1156 = LINE('',#1157,#1158);
#1157 = CARTESIAN_POINT('',(1.,0.));
#1158 = VECTOR('',#1159,1.);
#1159 = DIRECTION('',(0.,1.));
#1160 = ( GEOMETRIC_REPRESENTATION_CONTEXT(2) 
PARAMETRIC_REPRESENTATION_CONTEXT() REPRESENTATION_CONTEXT('2D SPACE',''
  ) );
#1161 = ORIENTED_EDGE('',*,*,#1162,.T.);
#1162 = EDGE_CURVE('',#1135,#1163,#1165,.T.);
#1163 = VERTEX_POINT('',#1164);
#1164 = CARTESIAN_POINT('',(7.24,24.78,1.));
#1165 = SURFACE_CURVE('',#1166,(#1171,#1178),.PCURVE_S1.);
#1166 = CIRCLE('',#1167,1.);
#1167 = AXIS2_PLACEMENT_3D('',#1168,#1169,#1170);
#1168 = CARTESIAN_POINT('',(8.24,24.78,1.));
#1169 = DIRECTION('',(0.,0.,1.));
#1170 = DIRECTION('',(0.,-1.,0.));
#1171 = PCURVE('',#32,#1172);
#1172 = DEFINITIONAL_REPRESENTATION('',(#1173),#1177);
#1173 = CIRCLE('',#1174,1.);
#1174 = AXIS2_PLACEMENT_2D('',#1175,#1176);
#1175 = CARTESIAN_POINT('',(15.48,48.91));
#1176 = DIRECTION('',(0.,-1.));
#1177 = ( GEOMETRIC_REPRESENTATION_CONTEXT(2) 
PARAMETRIC_REPRESENTATION_CONTEXT() REPRESENTATION_CONTEXT('2D SPACE',''
  ) );
#1178 = PCURVE('',#1179,#1184);
#1179 = CYLINDRICAL_SURFACE('',#1180,1.);
#1180 = AXIS2_PLACEMENT_3D('',#1181,#1182,#1183);
#1181 = CARTESIAN_POINT('',(8.24,24.78,0.));
#1182 = DIRECTION('',(0.,0.,1.));
#1183 = DIRECTION('',(-0.,1.,0.));
#1184 = DEFINITIONAL_REPRESENTATION('',(#1185),#1189);
#1185 = LINE('',#1186,#1187);
#1186 = CARTESIAN_POINT('',(-3.14159265359,1.));
#1187 = VECTOR('',#1188,1.);
#1188 = DIRECTION('',(1.,0.));
#1189 = ( GEOMETRIC_REPRESENTATION_CONTEXT(2) 
PARAMETRIC_REPRESENTATION_CONTEXT() REPRESENTATION_CONTEXT('2D SPACE',''
  ) );
#1190 = ORIENTED_EDGE('',*,*,#1191,.F.);
#1191 = EDGE_CURVE('',#1192,#1163,#1194,.T.);
#1192 = VERTEX_POINT('',#1193);
#1193 = CARTESIAN_POINT('',(7.24,24.13,1.));
#1194 = SURFACE_CURVE('',#1195,(#1199,#1206),.PCURVE_S1.);
#1195 = LINE('',#1196,#1197);
#1196 = CARTESIAN_POINT('',(7.24,22.48,1.));
#1197 = VECTOR('',#1198,1.);
#1198 = DIRECTION('',(-0.,1.,0.));
#1199 = PCURVE('',#32,#1200);
#1200 = DEFINITIONAL_REPRESENTATION('',(#1201),#1205);
#1201 = LINE('',#1202,#1203);
#1202 = CARTESIAN_POINT('',(14.48,46.61));
#1203 = VECTOR('',#1204,1.);
#1204 = DIRECTION('',(0.,1.));
#1205 = ( GEOMETRIC_REPRESENTATION_CONTEXT(2) 
PARAMETRIC_REPRESENTATION_CONTEXT() REPRESENTATION_CONTEXT('2D SPACE',''
  ) );
#1206 = PCURVE('',#1207,#1212);
#1207 = PLANE('',#1208);
#1208 = AXIS2_PLACEMENT_3D('',#1209,#1210,#1211);
#1209 = CARTESIAN_POINT('',(7.24,22.48,0.));
#1210 = DIRECTION('',(1.,0.,-0.));
#1211 = DIRECTION('',(0.,0.,1.));
#1212 = DEFINITIONAL_REPRESENTATION('',(#1213),#1217);
#1213 = LINE('',#1214,#1215);
#1214 = CARTESIAN_POINT('',(1.,0.));
#1215 = VECTOR('',#1216,1.);
#1216 = DIRECTION('',(0.,-1.));
#1217 = ( GEOMETRIC_REPRESENTATION_CONTEXT(2) 
PARAMETRIC_REPRESENTATION_CONTEXT() REPRESENTATION_CONTEXT('2D SPACE',''
  ) );
#1218 = ORIENTED_EDGE('',*,*,#1219,.F.);
#1219 = EDGE_CURVE('',#1220,#1192,#1222,.T.);
#1220 = VERTEX_POINT('',#1221);
#1221 = CARTESIAN_POINT('',(-7.24,24.13,1.));
#1222 = SURFACE_CURVE('',#1223,(#1227,#1234),.PCURVE_S1.);
#1223 = LINE('',#1224,#1225);
#1224 = CARTESIAN_POINT('',(-7.24,24.13,1.));
#1225 = VECTOR('',#1226,1.);
#1226 = DIRECTION('',(1.,0.,-0.));
#1227 = PCURVE('',#32,#1228);
#1228 = DEFINITIONAL_REPRESENTATION('',(#1229),#1233);
#1229 = LINE('',#1230,#1231);
#1230 = CARTESIAN_POINT('',(0.,48.26));
#1231 = VECTOR('',#1232,1.);
#1232 = DIRECTION('',(1.,0.));
#1233 = ( GEOMETRIC_REPRESENTATION_CONTEXT(2) 
PARAMETRIC_REPRESENTATION_CONTEXT() REPRESENTATION_CONTEXT('2D SPACE',''
  ) );
#1234 = PCURVE('',#1235,#1240);
#1235 = PLANE('',#1236);
#1236 = AXIS2_PLACEMENT_3D('',#1237,#1238,#1239);
#1237 = CARTESIAN_POINT('',(-7.24,24.13,0.));
#1238 = DIRECTION('',(-0.,1.,0.));
#1239 = DIRECTION('',(0.,0.,1.));
#1240 = DEFINITIONAL_REPRESENTATION('',(#1241),#1245);
#1241 = LINE('',#1242,#1243);
#1242 = CARTESIAN_POINT('',(1.,0.));
#1243 = VECTOR('',#1244,1.);
#1244 = DIRECTION('',(0.,1.));
#1245 = ( GEOMETRIC_REPRESENTATION_CONTEXT(2) 
PARAMETRIC_REPRESENTATION_CONTEXT() REPRESENTATION_CONTEXT('2D SPACE',''
  ) );
#1246 = ORIENTED_EDGE('',*,*,#1247,.T.);
#1247 = EDGE_CURVE('',#1220,#1248,#1250,.T.);
#1248 = VERTEX_POINT('',#1249);
#1249 = CARTESIAN_POINT('',(-7.24,24.78,1.));
#1250 = SURFACE_CURVE('',#1251,(#1255,#1262),.PCURVE_S1.);
#1251 = LINE('',#1252,#1253);
#1252 = CARTESIAN_POINT('',(-7.24,22.48,1.));
#1253 = VECTOR('',#1254,1.);
#1254 = DIRECTION('',(-0.,1.,0.));
#1255 = PCURVE('',#32,#1256);
#1256 = DEFINITIONAL_REPRESENTATION('',(#1257),#1261);
#1257 = LINE('',#1258,#1259);
#1258 = CARTESIAN_POINT('',(0.,46.61));
#1259 = VECTOR('',#1260,1.);
#1260 = DIRECTION('',(0.,1.));
#1261 = ( GEOMETRIC_REPRESENTATION_CONTEXT(2) 
PARAMETRIC_REPRESENTATION_CONTEXT() REPRESENTATION_CONTEXT('2D SPACE',''
  ) );
#1262 = PCURVE('',#1263,#1268);
#1263 = PLANE('',#1264);
#1264 = AXIS2_PLACEMENT_3D('',#1265,#1266,#1267);
#1265 = CARTESIAN_POINT('',(-7.24,22.48,0.));
#1266 = DIRECTION('',(1.,0.,-0.));
#1267 = DIRECTION('',(0.,0.,1.));
#1268 = DEFINITIONAL_REPRESENTATION('',(#1269),#1273);
#1269 = LINE('',#1270,#1271);
#1270 = CARTESIAN_POINT('',(1.,0.));
#1271 = VECTOR('',#1272,1.);
#1272 = DIRECTION('',(0.,-1.));
#1273 = ( GEOMETRIC_REPRESENTATION_CONTEXT(2) 
PARAMETRIC_REPRESENTATION_CONTEXT() REPRESENTATION_CONTEXT('2D SPACE',''
  ) );
#1274 = ORIENTED_EDGE('',*,*,#1275,.T.);
#1275 = EDGE_CURVE('',#1248,#1276,#1278,.T.);
#1276 = VERTEX_POINT('',#1277);
#1277 = CARTESIAN_POINT('',(-8.24,25.78,1.));
#1278 = SURFACE_CURVE('',#1279,(#1284,#1291),.PCURVE_S1.);
#1279 = CIRCLE('',#1280,1.);
#1280 = AXIS2_PLACEMENT_3D('',#1281,#1282,#1283);
#1281 = CARTESIAN_POINT('',(-8.24,24.78,1.));
#1282 = DIRECTION('',(0.,0.,1.));
#1283 = DIRECTION('',(0.,-1.,0.));
#1284 = PCURVE('',#32,#1285);
#1285 = DEFINITIONAL_REPRESENTATION('',(#1286),#1290);
#1286 = CIRCLE('',#1287,1.);
#1287 = AXIS2_PLACEMENT_2D('',#1288,#1289);
#1288 = CARTESIAN_POINT('',(-1.,48.91));
#1289 = DIRECTION('',(0.,-1.));
#1290 = ( GEOMETRIC_REPRESENTATION_CONTEXT(2) 
PARAMETRIC_REPRESENTATION_CONTEXT() REPRESENTATION_CONTEXT('2D SPACE',''
  ) );
#1291 = PCURVE('',#1292,#1297);
#1292 = CYLINDRICAL_SURFACE('',#1293,1.);
#1293 = AXIS2_PLACEMENT_3D('',#1294,#1295,#1296);
#1294 = CARTESIAN_POINT('',(-8.24,24.78,0.));
#1295 = DIRECTION('',(0.,0.,1.));
#1296 = DIRECTION('',(1.,0.,-0.));
#1297 = DEFINITIONAL_REPRESENTATION('',(#1298),#1302);
#1298 = LINE('',#1299,#1300);
#1299 = CARTESIAN_POINT('',(-1.570796326795,1.));
#1300 = VECTOR('',#1301,1.);
#1301 = DIRECTION('',(1.,0.));
#1302 = ( GEOMETRIC_REPRESENTATION_CONTEXT(2) 
PARAMETRIC_REPRESENTATION_CONTEXT() REPRESENTATION_CONTEXT('2D SPACE',''
  ) );
#1303 = ORIENTED_EDGE('',*,*,#1304,.F.);
#1304 = EDGE_CURVE('',#1305,#1276,#1307,.T.);
#1305 = VERTEX_POINT('',#1306);
#1306 = CARTESIAN_POINT('',(-9.54,25.78,1.));
#1307 = SURFACE_CURVE('',#1308,(#1312,#1319),.PCURVE_S1.);
#1308 = LINE('',#1309,#1310);
#1309 = CARTESIAN_POINT('',(-10.54,25.78,1.));
#1310 = VECTOR('',#1311,1.);
#1311 = DIRECTION('',(1.,0.,-0.));
#1312 = PCURVE('',#32,#1313);
#1313 = DEFINITIONAL_REPRESENTATION('',(#1314),#1318);
#1314 = LINE('',#1315,#1316);
#1315 = CARTESIAN_POINT('',(-3.3,49.91));
#1316 = VECTOR('',#1317,1.);
#1317 = DIRECTION('',(1.,0.));
#1318 = ( GEOMETRIC_REPRESENTATION_CONTEXT(2) 
PARAMETRIC_REPRESENTATION_CONTEXT() REPRESENTATION_CONTEXT('2D SPACE',''
  ) );
#1319 = PCURVE('',#1320,#1325);
#1320 = PLANE('',#1321);
#1321 = AXIS2_PLACEMENT_3D('',#1322,#1323,#1324);
#1322 = CARTESIAN_POINT('',(-10.54,25.78,0.));
#1323 = DIRECTION('',(-0.,1.,0.));
#1324 = DIRECTION('',(0.,0.,1.));
#1325 = DEFINITIONAL_REPRESENTATION('',(#1326),#1330);
#1326 = LINE('',#1327,#1328);
#1327 = CARTESIAN_POINT('',(1.,0.));
#1328 = VECTOR('',#1329,1.);
#1329 = DIRECTION('',(0.,1.));
#1330 = ( GEOMETRIC_REPRESENTATION_CONTEXT(2) 
PARAMETRIC_REPRESENTATION_CONTEXT() REPRESENTATION_CONTEXT('2D SPACE',''
  ) );
#1331 = ORIENTED_EDGE('',*,*,#1332,.F.);
#1332 = EDGE_CURVE('',#1333,#1305,#1335,.T.);
#1333 = VERTEX_POINT('',#1334);
#1334 = CARTESIAN_POINT('',(-10.54,24.78,1.));
#1335 = SURFACE_CURVE('',#1336,(#1341,#1352),.PCURVE_S1.);
#1336 = CIRCLE('',#1337,1.);
#1337 = AXIS2_PLACEMENT_3D('',#1338,#1339,#1340);
#1338 = CARTESIAN_POINT('',(-9.54,24.78,1.));
#1339 = DIRECTION('',(-0.,-0.,-1.));
#1340 = DIRECTION('',(0.,-1.,0.));
#1341 = PCURVE('',#32,#1342);
#1342 = DEFINITIONAL_REPRESENTATION('',(#1343),#1351);
#1343 = ( BOUNDED_CURVE() B_SPLINE_CURVE(2,(#1344,#1345,#1346,#1347,
#1348,#1349,#1350),.UNSPECIFIED.,.T.,.F.) B_SPLINE_CURVE_WITH_KNOTS((1,2
    ,2,2,2,1),(-2.094395102393,0.,2.094395102393,4.188790204786,
6.28318530718,8.377580409573),.UNSPECIFIED.) CURVE() 
GEOMETRIC_REPRESENTATION_ITEM() RATIONAL_B_SPLINE_CURVE((1.,0.5,1.,0.5,
1.,0.5,1.)) REPRESENTATION_ITEM('') );
#1344 = CARTESIAN_POINT('',(-2.3,47.91));
#1345 = CARTESIAN_POINT('',(-4.032050807569,47.91));
#1346 = CARTESIAN_POINT('',(-3.166025403784,49.41));
#1347 = CARTESIAN_POINT('',(-2.3,50.91));
#1348 = CARTESIAN_POINT('',(-1.433974596216,49.41));
#1349 = CARTESIAN_POINT('',(-0.567949192431,47.91));
#1350 = CARTESIAN_POINT('',(-2.3,47.91));
#1351 = ( GEOMETRIC_REPRESENTATION_CONTEXT(2) 
PARAMETRIC_REPRESENTATION_CONTEXT() REPRESENTATION_CONTEXT('2D SPACE',''
  ) );
#1352 = PCURVE('',#1353,#1358);
#1353 = CYLINDRICAL_SURFACE('',#1354,1.);
#1354 = AXIS2_PLACEMENT_3D('',#1355,#1356,#1357);
#1355 = CARTESIAN_POINT('',(-9.54,24.78,0.));
#1356 = DIRECTION('',(0.,0.,1.));
#1357 = DIRECTION('',(-1.,-0.,0.));
#1358 = DEFINITIONAL_REPRESENTATION('',(#1359),#1363);
#1359 = LINE('',#1360,#1361);
#1360 = CARTESIAN_POINT('',(1.570796326795,1.));
#1361 = VECTOR('',#1362,1.);
#1362 = DIRECTION('',(-1.,0.));
#1363 = ( GEOMETRIC_REPRESENTATION_CONTEXT(2) 
PARAMETRIC_REPRESENTATION_CONTEXT() REPRESENTATION_CONTEXT('2D SPACE',''
  ) );
#1364 = ORIENTED_EDGE('',*,*,#1365,.F.);
#1365 = EDGE_CURVE('',#1366,#1333,#1368,.T.);
#1366 = VERTEX_POINT('',#1367);
#1367 = CARTESIAN_POINT('',(-10.54,23.48,1.));
#1368 = SURFACE_CURVE('',#1369,(#1373,#1380),.PCURVE_S1.);
#1369 = LINE('',#1370,#1371);
#1370 = CARTESIAN_POINT('',(-10.54,22.48,1.));
#1371 = VECTOR('',#1372,1.);
#1372 = DIRECTION('',(-0.,1.,0.));
#1373 = PCURVE('',#32,#1374);
#1374 = DEFINITIONAL_REPRESENTATION('',(#1375),#1379);
#1375 = LINE('',#1376,#1377);
#1376 = CARTESIAN_POINT('',(-3.3,46.61));
#1377 = VECTOR('',#1378,1.);
#1378 = DIRECTION('',(0.,1.));
#1379 = ( GEOMETRIC_REPRESENTATION_CONTEXT(2) 
PARAMETRIC_REPRESENTATION_CONTEXT() REPRESENTATION_CONTEXT('2D SPACE',''
  ) );
#1380 = PCURVE('',#1381,#1386);
#1381 = PLANE('',#1382);
#1382 = AXIS2_PLACEMENT_3D('',#1383,#1384,#1385);
#1383 = CARTESIAN_POINT('',(-10.54,22.48,0.));
#1384 = DIRECTION('',(1.,0.,-0.));
#1385 = DIRECTION('',(0.,0.,1.));
#1386 = DEFINITIONAL_REPRESENTATION('',(#1387),#1391);
#1387 = LINE('',#1388,#1389);
#1388 = CARTESIAN_POINT('',(1.,0.));
#1389 = VECTOR('',#1390,1.);
#1390 = DIRECTION('',(0.,-1.));
#1391 = ( GEOMETRIC_REPRESENTATION_CONTEXT(2) 
PARAMETRIC_REPRESENTATION_CONTEXT() REPRESENTATION_CONTEXT('2D SPACE',''
  ) );
#1392 = ORIENTED_EDGE('',*,*,#1393,.F.);
#1393 = EDGE_CURVE('',#1394,#1366,#1396,.T.);
#1394 = VERTEX_POINT('',#1395);
#1395 = CARTESIAN_POINT('',(-9.54,22.48,1.));
#1396 = SURFACE_CURVE('',#1397,(#1402,#1413),.PCURVE_S1.);
#1397 = CIRCLE('',#1398,1.);
#1398 = AXIS2_PLACEMENT_3D('',#1399,#1400,#1401);
#1399 = CARTESIAN_POINT('',(-9.54,23.48,1.));
#1400 = DIRECTION('',(-0.,-0.,-1.));
#1401 = DIRECTION('',(0.,-1.,0.));
#1402 = PCURVE('',#32,#1403);
#1403 = DEFINITIONAL_REPRESENTATION('',(#1404),#1412);
#1404 = ( BOUNDED_CURVE() B_SPLINE_CURVE(2,(#1405,#1406,#1407,#1408,
#1409,#1410,#1411),.UNSPECIFIED.,.T.,.F.) B_SPLINE_CURVE_WITH_KNOTS((1,2
    ,2,2,2,1),(-2.094395102393,0.,2.094395102393,4.188790204786,
6.28318530718,8.377580409573),.UNSPECIFIED.) CURVE() 
GEOMETRIC_REPRESENTATION_ITEM() RATIONAL_B_SPLINE_CURVE((1.,0.5,1.,0.5,
1.,0.5,1.)) REPRESENTATION_ITEM('') );
#1405 = CARTESIAN_POINT('',(-2.3,46.61));
#1406 = CARTESIAN_POINT('',(-4.032050807569,46.61));
#1407 = CARTESIAN_POINT('',(-3.166025403784,48.11));
#1408 = CARTESIAN_POINT('',(-2.3,49.61));
#1409 = CARTESIAN_POINT('',(-1.433974596216,48.11));
#1410 = CARTESIAN_POINT('',(-0.567949192431,46.61));
#1411 = CARTESIAN_POINT('',(-2.3,46.61));
#1412 = ( GEOMETRIC_REPRESENTATION_CONTEXT(2) 
PARAMETRIC_REPRESENTATION_CONTEXT() REPRESENTATION_CONTEXT('2D SPACE',''
  ) );
#1413 = PCURVE('',#1414,#1419);
#1414 = CYLINDRICAL_SURFACE('',#1415,1.);
#1415 = AXIS2_PLACEMENT_3D('',#1416,#1417,#1418);
#1416 = CARTESIAN_POINT('',(-9.54,23.48,0.));
#1417 = DIRECTION('',(0.,0.,1.));
#1418 = DIRECTION('',(0.,-1.,0.));
#1419 = DEFINITIONAL_REPRESENTATION('',(#1420),#1424);
#1420 = LINE('',#1421,#1422);
#1421 = CARTESIAN_POINT('',(-0.,1.));
#1422 = VECTOR('',#1423,1.);
#1423 = DIRECTION('',(-1.,0.));
#1424 = ( GEOMETRIC_REPRESENTATION_CONTEXT(2) 
PARAMETRIC_REPRESENTATION_CONTEXT() REPRESENTATION_CONTEXT('2D SPACE',''
  ) );
#1425 = ORIENTED_EDGE('',*,*,#1426,.T.);
#1426 = EDGE_CURVE('',#1394,#1427,#1429,.T.);
#1427 = VERTEX_POINT('',#1428);
#1428 = CARTESIAN_POINT('',(-8.04,22.48,1.));
#1429 = SURFACE_CURVE('',#1430,(#1434,#1441),.PCURVE_S1.);
#1430 = LINE('',#1431,#1432);
#1431 = CARTESIAN_POINT('',(-10.54,22.48,1.));
#1432 = VECTOR('',#1433,1.);
#1433 = DIRECTION('',(1.,0.,-0.));
#1434 = PCURVE('',#32,#1435);
#1435 = DEFINITIONAL_REPRESENTATION('',(#1436),#1440);
#1436 = LINE('',#1437,#1438);
#1437 = CARTESIAN_POINT('',(-3.3,46.61));
#1438 = VECTOR('',#1439,1.);
#1439 = DIRECTION('',(1.,0.));
#1440 = ( GEOMETRIC_REPRESENTATION_CONTEXT(2) 
PARAMETRIC_REPRESENTATION_CONTEXT() REPRESENTATION_CONTEXT('2D SPACE',''
  ) );
#1441 = PCURVE('',#1442,#1447);
#1442 = PLANE('',#1443);
#1443 = AXIS2_PLACEMENT_3D('',#1444,#1445,#1446);
#1444 = CARTESIAN_POINT('',(-10.54,22.48,0.));
#1445 = DIRECTION('',(-0.,1.,0.));
#1446 = DIRECTION('',(0.,0.,1.));
#1447 = DEFINITIONAL_REPRESENTATION('',(#1448),#1452);
#1448 = LINE('',#1449,#1450);
#1449 = CARTESIAN_POINT('',(1.,0.));
#1450 = VECTOR('',#1451,1.);
#1451 = DIRECTION('',(0.,1.));
#1452 = ( GEOMETRIC_REPRESENTATION_CONTEXT(2) 
PARAMETRIC_REPRESENTATION_CONTEXT() REPRESENTATION_CONTEXT('2D SPACE',''
  ) );
#1453 = ORIENTED_EDGE('',*,*,#1454,.F.);
#1454 = EDGE_CURVE('',#1455,#1427,#1457,.T.);
#1455 = VERTEX_POINT('',#1456);
#1456 = CARTESIAN_POINT('',(-7.24,21.68,1.));
#1457 = SURFACE_CURVE('',#1458,(#1463,#1470),.PCURVE_S1.);
#1458 = CIRCLE('',#1459,0.8);
#1459 = AXIS2_PLACEMENT_3D('',#1460,#1461,#1462);
#1460 = CARTESIAN_POINT('',(-8.04,21.68,1.));
#1461 = DIRECTION('',(0.,0.,1.));
#1462 = DIRECTION('',(0.,-1.,0.));
#1463 = PCURVE('',#32,#1464);
#1464 = DEFINITIONAL_REPRESENTATION('',(#1465),#1469);
#1465 = CIRCLE('',#1466,0.8);
#1466 = AXIS2_PLACEMENT_2D('',#1467,#1468);
#1467 = CARTESIAN_POINT('',(-0.8,45.81));
#1468 = DIRECTION('',(0.,-1.));
#1469 = ( GEOMETRIC_REPRESENTATION_CONTEXT(2) 
PARAMETRIC_REPRESENTATION_CONTEXT() REPRESENTATION_CONTEXT('2D SPACE',''
  ) );
#1470 = PCURVE('',#1471,#1476);
#1471 = CYLINDRICAL_SURFACE('',#1472,0.8);
#1472 = AXIS2_PLACEMENT_3D('',#1473,#1474,#1475);
#1473 = CARTESIAN_POINT('',(-8.04,21.68,0.));
#1474 = DIRECTION('',(0.,0.,1.));
#1475 = DIRECTION('',(1.,0.,-0.));
#1476 = DEFINITIONAL_REPRESENTATION('',(#1477),#1481);
#1477 = LINE('',#1478,#1479);
#1478 = CARTESIAN_POINT('',(-1.570796326795,1.));
#1479 = VECTOR('',#1480,1.);
#1480 = DIRECTION('',(1.,0.));
#1481 = ( GEOMETRIC_REPRESENTATION_CONTEXT(2) 
PARAMETRIC_REPRESENTATION_CONTEXT() REPRESENTATION_CONTEXT('2D SPACE',''
  ) );
#1482 = ORIENTED_EDGE('',*,*,#1483,.F.);
#1483 = EDGE_CURVE('',#1484,#1455,#1486,.T.);
#1484 = VERTEX_POINT('',#1485);
#1485 = CARTESIAN_POINT('',(-7.24,21.5,1.));
#1486 = SURFACE_CURVE('',#1487,(#1491,#1498),.PCURVE_S1.);
#1487 = LINE('',#1488,#1489);
#1488 = CARTESIAN_POINT('',(-7.24,-24.13,1.));
#1489 = VECTOR('',#1490,1.);
#1490 = DIRECTION('',(-0.,1.,0.));
#1491 = PCURVE('',#32,#1492);
#1492 = DEFINITIONAL_REPRESENTATION('',(#1493),#1497);
#1493 = LINE('',#1494,#1495);
#1494 = CARTESIAN_POINT('',(0.,0.));
#1495 = VECTOR('',#1496,1.);
#1496 = DIRECTION('',(0.,1.));
#1497 = ( GEOMETRIC_REPRESENTATION_CONTEXT(2) 
PARAMETRIC_REPRESENTATION_CONTEXT() REPRESENTATION_CONTEXT('2D SPACE',''
  ) );
#1498 = PCURVE('',#1499,#1504);
#1499 = PLANE('',#1500);
#1500 = AXIS2_PLACEMENT_3D('',#1501,#1502,#1503);
#1501 = CARTESIAN_POINT('',(-7.24,-24.13,0.));
#1502 = DIRECTION('',(1.,0.,-0.));
#1503 = DIRECTION('',(0.,0.,1.));
#1504 = DEFINITIONAL_REPRESENTATION('',(#1505),#1509);
#1505 = LINE('',#1506,#1507);
#1506 = CARTESIAN_POINT('',(1.,0.));
#1507 = VECTOR('',#1508,1.);
#1508 = DIRECTION('',(0.,-1.));
#1509 = ( GEOMETRIC_REPRESENTATION_CONTEXT(2) 
PARAMETRIC_REPRESENTATION_CONTEXT() REPRESENTATION_CONTEXT('2D SPACE',''
  ) );
#1510 = ORIENTED_EDGE('',*,*,#1511,.F.);
#1511 = EDGE_CURVE('',#1512,#1484,#1514,.T.);
#1512 = VERTEX_POINT('',#1513);
#1513 = CARTESIAN_POINT('',(-8.04,20.7,1.));
#1514 = SURFACE_CURVE('',#1515,(#1520,#1527),.PCURVE_S1.);
#1515 = CIRCLE('',#1516,0.8);
#1516 = AXIS2_PLACEMENT_3D('',#1517,#1518,#1519);
#1517 = CARTESIAN_POINT('',(-8.04,21.5,1.));
#1518 = DIRECTION('',(0.,0.,1.));
#1519 = DIRECTION('',(0.,-1.,0.));
#1520 = PCURVE('',#32,#1521);
#1521 = DEFINITIONAL_REPRESENTATION('',(#1522),#1526);
#1522 = CIRCLE('',#1523,0.8);
#1523 = AXIS2_PLACEMENT_2D('',#1524,#1525);
#1524 = CARTESIAN_POINT('',(-0.8,45.63));
#1525 = DIRECTION('',(0.,-1.));
#1526 = ( GEOMETRIC_REPRESENTATION_CONTEXT(2) 
PARAMETRIC_REPRESENTATION_CONTEXT() REPRESENTATION_CONTEXT('2D SPACE',''
  ) );
#1527 = PCURVE('',#1528,#1533);
#1528 = CYLINDRICAL_SURFACE('',#1529,0.8);
#1529 = AXIS2_PLACEMENT_3D('',#1530,#1531,#1532);
#1530 = CARTESIAN_POINT('',(-8.04,21.5,0.));
#1531 = DIRECTION('',(0.,0.,1.));
#1532 = DIRECTION('',(0.,-1.,0.));
#1533 = DEFINITIONAL_REPRESENTATION('',(#1534),#1538);
#1534 = LINE('',#1535,#1536);
#1535 = CARTESIAN_POINT('',(0.,1.));
#1536 = VECTOR('',#1537,1.);
#1537 = DIRECTION('',(1.,0.));
#1538 = ( GEOMETRIC_REPRESENTATION_CONTEXT(2) 
PARAMETRIC_REPRESENTATION_CONTEXT() REPRESENTATION_CONTEXT('2D SPACE',''
  ) );
#1539 = ORIENTED_EDGE('',*,*,#1540,.F.);
#1540 = EDGE_CURVE('',#1541,#1512,#1543,.T.);
#1541 = VERTEX_POINT('',#1542);
#1542 = CARTESIAN_POINT('',(-9.54,20.7,1.));
#1543 = SURFACE_CURVE('',#1544,(#1548,#1555),.PCURVE_S1.);
#1544 = LINE('',#1545,#1546);
#1545 = CARTESIAN_POINT('',(-10.54,20.7,1.));
#1546 = VECTOR('',#1547,1.);
#1547 = DIRECTION('',(1.,0.,-0.));
#1548 = PCURVE('',#32,#1549);
#1549 = DEFINITIONAL_REPRESENTATION('',(#1550),#1554);
#1550 = LINE('',#1551,#1552);
#1551 = CARTESIAN_POINT('',(-3.3,44.83));
#1552 = VECTOR('',#1553,1.);
#1553 = DIRECTION('',(1.,0.));
#1554 = ( GEOMETRIC_REPRESENTATION_CONTEXT(2) 
PARAMETRIC_REPRESENTATION_CONTEXT() REPRESENTATION_CONTEXT('2D SPACE',''
  ) );
#1555 = PCURVE('',#1556,#1561);
#1556 = PLANE('',#1557);
#1557 = AXIS2_PLACEMENT_3D('',#1558,#1559,#1560);
#1558 = CARTESIAN_POINT('',(-10.54,20.7,0.));
#1559 = DIRECTION('',(-0.,1.,0.));
#1560 = DIRECTION('',(0.,0.,1.));
#1561 = DEFINITIONAL_REPRESENTATION('',(#1562),#1566);
#1562 = LINE('',#1563,#1564);
#1563 = CARTESIAN_POINT('',(1.,0.));
#1564 = VECTOR('',#1565,1.);
#1565 = DIRECTION('',(0.,1.));
#1566 = ( GEOMETRIC_REPRESENTATION_CONTEXT(2) 
PARAMETRIC_REPRESENTATION_CONTEXT() REPRESENTATION_CONTEXT('2D SPACE',''
  ) );
#1567 = ORIENTED_EDGE('',*,*,#1568,.T.);
#1568 = EDGE_CURVE('',#1541,#1569,#1571,.T.);
#1569 = VERTEX_POINT('',#1570);
#1570 = CARTESIAN_POINT('',(-10.54,19.7,1.));
#1571 = SURFACE_CURVE('',#1572,(#1577,#1584),.PCURVE_S1.);
#1572 = CIRCLE('',#1573,1.);
#1573 = AXIS2_PLACEMENT_3D('',#1574,#1575,#1576);
#1574 = CARTESIAN_POINT('',(-9.54,19.7,1.));
#1575 = DIRECTION('',(0.,0.,1.));
#1576 = DIRECTION('',(0.,-1.,0.));
#1577 = PCURVE('',#32,#1578);
#1578 = DEFINITIONAL_REPRESENTATION('',(#1579),#1583);
#1579 = CIRCLE('',#1580,1.);
#1580 = AXIS2_PLACEMENT_2D('',#1581,#1582);
#1581 = CARTESIAN_POINT('',(-2.3,43.83));
#1582 = DIRECTION('',(0.,-1.));
#1583 = ( GEOMETRIC_REPRESENTATION_CONTEXT(2) 
PARAMETRIC_REPRESENTATION_CONTEXT() REPRESENTATION_CONTEXT('2D SPACE',''
  ) );
#1584 = PCURVE('',#1585,#1590);
#1585 = CYLINDRICAL_SURFACE('',#1586,1.);
#1586 = AXIS2_PLACEMENT_3D('',#1587,#1588,#1589);
#1587 = CARTESIAN_POINT('',(-9.54,19.7,0.));
#1588 = DIRECTION('',(0.,0.,1.));
#1589 = DIRECTION('',(-0.,1.,0.));
#1590 = DEFINITIONAL_REPRESENTATION('',(#1591),#1595);
#1591 = LINE('',#1592,#1593);
#1592 = CARTESIAN_POINT('',(-3.14159265359,1.));
#1593 = VECTOR('',#1594,1.);
#1594 = DIRECTION('',(1.,0.));
#1595 = ( GEOMETRIC_REPRESENTATION_CONTEXT(2) 
PARAMETRIC_REPRESENTATION_CONTEXT() REPRESENTATION_CONTEXT('2D SPACE',''
  ) );
#1596 = ORIENTED_EDGE('',*,*,#1597,.F.);
#1597 = EDGE_CURVE('',#1598,#1569,#1600,.T.);
#1598 = VERTEX_POINT('',#1599);
#1599 = CARTESIAN_POINT('',(-10.54,18.4,1.));
#1600 = SURFACE_CURVE('',#1601,(#1605,#1612),.PCURVE_S1.);
#1601 = LINE('',#1602,#1603);
#1602 = CARTESIAN_POINT('',(-10.54,17.4,1.));
#1603 = VECTOR('',#1604,1.);
#1604 = DIRECTION('',(-0.,1.,0.));
#1605 = PCURVE('',#32,#1606);
#1606 = DEFINITIONAL_REPRESENTATION('',(#1607),#1611);
#1607 = LINE('',#1608,#1609);
#1608 = CARTESIAN_POINT('',(-3.3,41.53));
#1609 = VECTOR('',#1610,1.);
#1610 = DIRECTION('',(0.,1.));
#1611 = ( GEOMETRIC_REPRESENTATION_CONTEXT(2) 
PARAMETRIC_REPRESENTATION_CONTEXT() REPRESENTATION_CONTEXT('2D SPACE',''
  ) );
#1612 = PCURVE('',#1613,#1618);
#1613 = PLANE('',#1614);
#1614 = AXIS2_PLACEMENT_3D('',#1615,#1616,#1617);
#1615 = CARTESIAN_POINT('',(-10.54,17.4,0.));
#1616 = DIRECTION('',(1.,0.,-0.));
#1617 = DIRECTION('',(0.,0.,1.));
#1618 = DEFINITIONAL_REPRESENTATION('',(#1619),#1623);
#1619 = LINE('',#1620,#1621);
#1620 = CARTESIAN_POINT('',(1.,0.));
#1621 = VECTOR('',#1622,1.);
#1622 = DIRECTION('',(0.,-1.));
#1623 = ( GEOMETRIC_REPRESENTATION_CONTEXT(2) 
PARAMETRIC_REPRESENTATION_CONTEXT() REPRESENTATION_CONTEXT('2D SPACE',''
  ) );
#1624 = ORIENTED_EDGE('',*,*,#1625,.T.);
#1625 = EDGE_CURVE('',#1598,#1626,#1628,.T.);
#1626 = VERTEX_POINT('',#1627);
#1627 = CARTESIAN_POINT('',(-9.54,17.4,1.));
#1628 = SURFACE_CURVE('',#1629,(#1634,#1641),.PCURVE_S1.);
#1629 = CIRCLE('',#1630,1.);
#1630 = AXIS2_PLACEMENT_3D('',#1631,#1632,#1633);
#1631 = CARTESIAN_POINT('',(-9.54,18.4,1.));
#1632 = DIRECTION('',(0.,0.,1.));
#1633 = DIRECTION('',(0.,-1.,0.));
#1634 = PCURVE('',#32,#1635);
#1635 = DEFINITIONAL_REPRESENTATION('',(#1636),#1640);
#1636 = CIRCLE('',#1637,1.);
#1637 = AXIS2_PLACEMENT_2D('',#1638,#1639);
#1638 = CARTESIAN_POINT('',(-2.3,42.53));
#1639 = DIRECTION('',(0.,-1.));
#1640 = ( GEOMETRIC_REPRESENTATION_CONTEXT(2) 
PARAMETRIC_REPRESENTATION_CONTEXT() REPRESENTATION_CONTEXT('2D SPACE',''
  ) );
#1641 = PCURVE('',#1642,#1647);
#1642 = CYLINDRICAL_SURFACE('',#1643,1.);
#1643 = AXIS2_PLACEMENT_3D('',#1644,#1645,#1646);
#1644 = CARTESIAN_POINT('',(-9.54,18.4,0.));
#1645 = DIRECTION('',(0.,0.,1.));
#1646 = DIRECTION('',(-1.,-0.,0.));
#1647 = DEFINITIONAL_REPRESENTATION('',(#1648),#1652);
#1648 = LINE('',#1649,#1650);
#1649 = CARTESIAN_POINT('',(-4.712388980385,1.));
#1650 = VECTOR('',#1651,1.);
#1651 = DIRECTION('',(1.,0.));
#1652 = ( GEOMETRIC_REPRESENTATION_CONTEXT(2) 
PARAMETRIC_REPRESENTATION_CONTEXT() REPRESENTATION_CONTEXT('2D SPACE',''
  ) );
#1653 = ORIENTED_EDGE('',*,*,#1654,.T.);
#1654 = EDGE_CURVE('',#1626,#1655,#1657,.T.);
#1655 = VERTEX_POINT('',#1656);
#1656 = CARTESIAN_POINT('',(-8.04,17.4,1.));
#1657 = SURFACE_CURVE('',#1658,(#1662,#1669),.PCURVE_S1.);
#1658 = LINE('',#1659,#1660);
#1659 = CARTESIAN_POINT('',(-10.54,17.4,1.));
#1660 = VECTOR('',#1661,1.);
#1661 = DIRECTION('',(1.,0.,-0.));
#1662 = PCURVE('',#32,#1663);
#1663 = DEFINITIONAL_REPRESENTATION('',(#1664),#1668);
#1664 = LINE('',#1665,#1666);
#1665 = CARTESIAN_POINT('',(-3.3,41.53));
#1666 = VECTOR('',#1667,1.);
#1667 = DIRECTION('',(1.,0.));
#1668 = ( GEOMETRIC_REPRESENTATION_CONTEXT(2) 
PARAMETRIC_REPRESENTATION_CONTEXT() REPRESENTATION_CONTEXT('2D SPACE',''
  ) );
#1669 = PCURVE('',#1670,#1675);
#1670 = PLANE('',#1671);
#1671 = AXIS2_PLACEMENT_3D('',#1672,#1673,#1674);
#1672 = CARTESIAN_POINT('',(-10.54,17.4,0.));
#1673 = DIRECTION('',(-0.,1.,0.));
#1674 = DIRECTION('',(0.,0.,1.));
#1675 = DEFINITIONAL_REPRESENTATION('',(#1676),#1680);
#1676 = LINE('',#1677,#1678);
#1677 = CARTESIAN_POINT('',(1.,0.));
#1678 = VECTOR('',#1679,1.);
#1679 = DIRECTION('',(0.,1.));
#1680 = ( GEOMETRIC_REPRESENTATION_CONTEXT(2) 
PARAMETRIC_REPRESENTATION_CONTEXT() REPRESENTATION_CONTEXT('2D SPACE',''
  ) );
#1681 = ORIENTED_EDGE('',*,*,#1682,.F.);
#1682 = EDGE_CURVE('',#1683,#1655,#1685,.T.);
#1683 = VERTEX_POINT('',#1684);
#1684 = CARTESIAN_POINT('',(-7.24,16.6,1.));
#1685 = SURFACE_CURVE('',#1686,(#1691,#1698),.PCURVE_S1.);
#1686 = CIRCLE('',#1687,0.8);
#1687 = AXIS2_PLACEMENT_3D('',#1688,#1689,#1690);
#1688 = CARTESIAN_POINT('',(-8.04,16.6,1.));
#1689 = DIRECTION('',(0.,0.,1.));
#1690 = DIRECTION('',(0.,-1.,0.));
#1691 = PCURVE('',#32,#1692);
#1692 = DEFINITIONAL_REPRESENTATION('',(#1693),#1697);
#1693 = CIRCLE('',#1694,0.8);
#1694 = AXIS2_PLACEMENT_2D('',#1695,#1696);
#1695 = CARTESIAN_POINT('',(-0.8,40.73));
#1696 = DIRECTION('',(0.,-1.));
#1697 = ( GEOMETRIC_REPRESENTATION_CONTEXT(2) 
PARAMETRIC_REPRESENTATION_CONTEXT() REPRESENTATION_CONTEXT('2D SPACE',''
  ) );
#1698 = PCURVE('',#1699,#1704);
#1699 = CYLINDRICAL_SURFACE('',#1700,0.8);
#1700 = AXIS2_PLACEMENT_3D('',#1701,#1702,#1703);
#1701 = CARTESIAN_POINT('',(-8.04,16.6,0.));
#1702 = DIRECTION('',(0.,0.,1.));
#1703 = DIRECTION('',(1.,0.,-0.));
#1704 = DEFINITIONAL_REPRESENTATION('',(#1705),#1709);
#1705 = LINE('',#1706,#1707);
#1706 = CARTESIAN_POINT('',(-1.570796326795,1.));
#1707 = VECTOR('',#1708,1.);
#1708 = DIRECTION('',(1.,0.));
#1709 = ( GEOMETRIC_REPRESENTATION_CONTEXT(2) 
PARAMETRIC_REPRESENTATION_CONTEXT() REPRESENTATION_CONTEXT('2D SPACE',''
  ) );
#1710 = ORIENTED_EDGE('',*,*,#1711,.F.);
#1711 = EDGE_CURVE('',#1712,#1683,#1714,.T.);
#1712 = VERTEX_POINT('',#1713);
#1713 = CARTESIAN_POINT('',(-7.24,16.42,1.));
#1714 = SURFACE_CURVE('',#1715,(#1719,#1726),.PCURVE_S1.);
#1715 = LINE('',#1716,#1717);
#1716 = CARTESIAN_POINT('',(-7.24,-24.13,1.));
#1717 = VECTOR('',#1718,1.);
#1718 = DIRECTION('',(-0.,1.,0.));
#1719 = PCURVE('',#32,#1720);
#1720 = DEFINITIONAL_REPRESENTATION('',(#1721),#1725);
#1721 = LINE('',#1722,#1723);
#1722 = CARTESIAN_POINT('',(0.,0.));
#1723 = VECTOR('',#1724,1.);
#1724 = DIRECTION('',(0.,1.));
#1725 = ( GEOMETRIC_REPRESENTATION_CONTEXT(2) 
PARAMETRIC_REPRESENTATION_CONTEXT() REPRESENTATION_CONTEXT('2D SPACE',''
  ) );
#1726 = PCURVE('',#1727,#1732);
#1727 = PLANE('',#1728);
#1728 = AXIS2_PLACEMENT_3D('',#1729,#1730,#1731);
#1729 = CARTESIAN_POINT('',(-7.24,-24.13,0.));
#1730 = DIRECTION('',(1.,0.,-0.));
#1731 = DIRECTION('',(0.,0.,1.));
#1732 = DEFINITIONAL_REPRESENTATION('',(#1733),#1737);
#1733 = LINE('',#1734,#1735);
#1734 = CARTESIAN_POINT('',(1.,0.));
#1735 = VECTOR('',#1736,1.);
#1736 = DIRECTION('',(0.,-1.));
#1737 = ( GEOMETRIC_REPRESENTATION_CONTEXT(2) 
PARAMETRIC_REPRESENTATION_CONTEXT() REPRESENTATION_CONTEXT('2D SPACE',''
  ) );
#1738 = ORIENTED_EDGE('',*,*,#1739,.F.);
#1739 = EDGE_CURVE('',#24,#1712,#1740,.T.);
#1740 = SURFACE_CURVE('',#1741,(#1746,#1753),.PCURVE_S1.);
#1741 = CIRCLE('',#1742,0.8);
#1742 = AXIS2_PLACEMENT_3D('',#1743,#1744,#1745);
#1743 = CARTESIAN_POINT('',(-8.04,16.42,1.));
#1744 = DIRECTION('',(0.,0.,1.));
#1745 = DIRECTION('',(0.,-1.,0.));
#1746 = PCURVE('',#32,#1747);
#1747 = DEFINITIONAL_REPRESENTATION('',(#1748),#1752);
#1748 = CIRCLE('',#1749,0.8);
#1749 = AXIS2_PLACEMENT_2D('',#1750,#1751);
#1750 = CARTESIAN_POINT('',(-0.8,40.55));
#1751 = DIRECTION('',(0.,-1.));
#1752 = ( GEOMETRIC_REPRESENTATION_CONTEXT(2) 
PARAMETRIC_REPRESENTATION_CONTEXT() REPRESENTATION_CONTEXT('2D SPACE',''
  ) );
#1753 = PCURVE('',#1754,#1759);
#1754 = CYLINDRICAL_SURFACE('',#1755,0.8);
#1755 = AXIS2_PLACEMENT_3D('',#1756,#1757,#1758);
#1756 = CARTESIAN_POINT('',(-8.04,16.42,0.));
#1757 = DIRECTION('',(0.,0.,1.));
#1758 = DIRECTION('',(0.,-1.,0.));
#1759 = DEFINITIONAL_REPRESENTATION('',(#1760),#1764);
#1760 = LINE('',#1761,#1762);
#1761 = CARTESIAN_POINT('',(0.,1.));
#1762 = VECTOR('',#1763,1.);
#1763 = DIRECTION('',(1.,0.));
#1764 = ( GEOMETRIC_REPRESENTATION_CONTEXT(2) 
PARAMETRIC_REPRESENTATION_CONTEXT() REPRESENTATION_CONTEXT('2D SPACE',''
  ) );
#1765 = FACE_BOUND('',#1766,.T.);
#1766 = EDGE_LOOP('',(#1767,#1795,#1821,#1847));
#1767 = ORIENTED_EDGE('',*,*,#1768,.T.);
#1768 = EDGE_CURVE('',#1769,#1771,#1773,.T.);
#1769 = VERTEX_POINT('',#1770);
#1770 = CARTESIAN_POINT('',(-8.24,-24.78,1.));
#1771 = VERTEX_POINT('',#1772);
#1772 = CARTESIAN_POINT('',(-9.54,-24.78,1.));
#1773 = SURFACE_CURVE('',#1774,(#1778,#1784),.PCURVE_S1.);
#1774 = LINE('',#1775,#1776);
#1775 = CARTESIAN_POINT('',(-8.39,-24.78,1.));
#1776 = VECTOR('',#1777,1.);
#1777 = DIRECTION('',(-1.,-0.,0.));
#1778 = PCURVE('',#32,#1779);
#1779 = DEFINITIONAL_REPRESENTATION('',(#1780),#1783);
#1780 = B_SPLINE_CURVE_WITH_KNOTS('',1,(#1781,#1782),.UNSPECIFIED.,.F.,
  .F.,(2,2),(-0.15,1.15),.PIECEWISE_BEZIER_KNOTS.);
#1781 = CARTESIAN_POINT('',(-1.,-0.65));
#1782 = CARTESIAN_POINT('',(-2.3,-0.65));
#1783 = ( GEOMETRIC_REPRESENTATION_CONTEXT(2) 
PARAMETRIC_REPRESENTATION_CONTEXT() REPRESENTATION_CONTEXT('2D SPACE',''
  ) );
#1784 = PCURVE('',#1785,#1790);
#1785 = PLANE('',#1786);
#1786 = AXIS2_PLACEMENT_3D('',#1787,#1788,#1789);
#1787 = CARTESIAN_POINT('',(-9.54,-24.78,-1.));
#1788 = DIRECTION('',(-0.,1.,0.));
#1789 = DIRECTION('',(0.,0.,1.));
#1790 = DEFINITIONAL_REPRESENTATION('',(#1791),#1794);
#1791 = B_SPLINE_CURVE_WITH_KNOTS('',1,(#1792,#1793),.UNSPECIFIED.,.F.,
  .F.,(2,2),(-0.15,1.15),.PIECEWISE_BEZIER_KNOTS.);
#1792 = CARTESIAN_POINT('',(2.,1.3));
#1793 = CARTESIAN_POINT('',(2.,0.));
#1794 = ( GEOMETRIC_REPRESENTATION_CONTEXT(2) 
PARAMETRIC_REPRESENTATION_CONTEXT() REPRESENTATION_CONTEXT('2D SPACE',''
  ) );
#1795 = ORIENTED_EDGE('',*,*,#1796,.T.);
#1796 = EDGE_CURVE('',#1771,#1797,#1799,.T.);
#1797 = VERTEX_POINT('',#1798);
#1798 = CARTESIAN_POINT('',(-9.54,-23.48,1.));
#1799 = SURFACE_CURVE('',#1800,(#1804,#1810),.PCURVE_S1.);
#1800 = LINE('',#1801,#1802);
#1801 = CARTESIAN_POINT('',(-9.54,-24.455,1.));
#1802 = VECTOR('',#1803,1.);
#1803 = DIRECTION('',(-0.,1.,0.));
#1804 = PCURVE('',#32,#1805);
#1805 = DEFINITIONAL_REPRESENTATION('',(#1806),#1809);
#1806 = B_SPLINE_CURVE_WITH_KNOTS('',1,(#1807,#1808),.UNSPECIFIED.,.F.,
  .F.,(2,2),(-0.325,0.975),.PIECEWISE_BEZIER_KNOTS.);
#1807 = CARTESIAN_POINT('',(-2.3,-0.65));
#1808 = CARTESIAN_POINT('',(-2.3,0.65));
#1809 = ( GEOMETRIC_REPRESENTATION_CONTEXT(2) 
PARAMETRIC_REPRESENTATION_CONTEXT() REPRESENTATION_CONTEXT('2D SPACE',''
  ) );
#1810 = PCURVE('',#1811,#1816);
#1811 = PLANE('',#1812);
#1812 = AXIS2_PLACEMENT_3D('',#1813,#1814,#1815);
#1813 = CARTESIAN_POINT('',(-9.54,-24.78,-1.));
#1814 = DIRECTION('',(1.,0.,-0.));
#1815 = DIRECTION('',(0.,0.,1.));
#1816 = DEFINITIONAL_REPRESENTATION('',(#1817),#1820);
#1817 = B_SPLINE_CURVE_WITH_KNOTS('',1,(#1818,#1819),.UNSPECIFIED.,.F.,
  .F.,(2,2),(-0.325,0.975),.PIECEWISE_BEZIER_KNOTS.);
#1818 = CARTESIAN_POINT('',(2.,0.));
#1819 = CARTESIAN_POINT('',(2.,-1.3));
#1820 = ( GEOMETRIC_REPRESENTATION_CONTEXT(2) 
PARAMETRIC_REPRESENTATION_CONTEXT() REPRESENTATION_CONTEXT('2D SPACE',''
  ) );
#1821 = ORIENTED_EDGE('',*,*,#1822,.F.);
#1822 = EDGE_CURVE('',#1823,#1797,#1825,.T.);
#1823 = VERTEX_POINT('',#1824);
#1824 = CARTESIAN_POINT('',(-8.24,-23.48,1.));
#1825 = SURFACE_CURVE('',#1826,(#1830,#1836),.PCURVE_S1.);
#1826 = LINE('',#1827,#1828);
#1827 = CARTESIAN_POINT('',(-8.39,-23.48,1.));
#1828 = VECTOR('',#1829,1.);
#1829 = DIRECTION('',(-1.,-0.,0.));
#1830 = PCURVE('',#32,#1831);
#1831 = DEFINITIONAL_REPRESENTATION('',(#1832),#1835);
#1832 = B_SPLINE_CURVE_WITH_KNOTS('',1,(#1833,#1834),.UNSPECIFIED.,.F.,
  .F.,(2,2),(-0.15,1.15),.PIECEWISE_BEZIER_KNOTS.);
#1833 = CARTESIAN_POINT('',(-1.,0.65));
#1834 = CARTESIAN_POINT('',(-2.3,0.65));
#1835 = ( GEOMETRIC_REPRESENTATION_CONTEXT(2) 
PARAMETRIC_REPRESENTATION_CONTEXT() REPRESENTATION_CONTEXT('2D SPACE',''
  ) );
#1836 = PCURVE('',#1837,#1842);
#1837 = PLANE('',#1838);
#1838 = AXIS2_PLACEMENT_3D('',#1839,#1840,#1841);
#1839 = CARTESIAN_POINT('',(-9.54,-23.48,-1.));
#1840 = DIRECTION('',(-0.,1.,0.));
#1841 = DIRECTION('',(0.,0.,1.));
#1842 = DEFINITIONAL_REPRESENTATION('',(#1843),#1846);
#1843 = B_SPLINE_CURVE_WITH_KNOTS('',1,(#1844,#1845),.UNSPECIFIED.,.F.,
  .F.,(2,2),(-0.15,1.15),.PIECEWISE_BEZIER_KNOTS.);
#1844 = CARTESIAN_POINT('',(2.,1.3));
#1845 = CARTESIAN_POINT('',(2.,0.));
#1846 = ( GEOMETRIC_REPRESENTATION_CONTEXT(2) 
PARAMETRIC_REPRESENTATION_CONTEXT() REPRESENTATION_CONTEXT('2D SPACE',''
  ) );
#1847 = ORIENTED_EDGE('',*,*,#1848,.F.);
#1848 = EDGE_CURVE('',#1769,#1823,#1849,.T.);
#1849 = SURFACE_CURVE('',#1850,(#1854,#1860),.PCURVE_S1.);
#1850 = LINE('',#1851,#1852);
#1851 = CARTESIAN_POINT('',(-8.24,-24.455,1.));
#1852 = VECTOR('',#1853,1.);
#1853 = DIRECTION('',(-0.,1.,0.));
#1854 = PCURVE('',#32,#1855);
#1855 = DEFINITIONAL_REPRESENTATION('',(#1856),#1859);
#1856 = B_SPLINE_CURVE_WITH_KNOTS('',1,(#1857,#1858),.UNSPECIFIED.,.F.,
  .F.,(2,2),(-0.325,0.975),.PIECEWISE_BEZIER_KNOTS.);
#1857 = CARTESIAN_POINT('',(-1.,-0.65));
#1858 = CARTESIAN_POINT('',(-1.,0.65));
#1859 = ( GEOMETRIC_REPRESENTATION_CONTEXT(2) 
PARAMETRIC_REPRESENTATION_CONTEXT() REPRESENTATION_CONTEXT('2D SPACE',''
  ) );
#1860 = PCURVE('',#1861,#1866);
#1861 = PLANE('',#1862);
#1862 = AXIS2_PLACEMENT_3D('',#1863,#1864,#1865);
#1863 = CARTESIAN_POINT('',(-8.24,-24.78,-1.));
#1864 = DIRECTION('',(1.,0.,-0.));
#1865 = DIRECTION('',(0.,0.,1.));
#1866 = DEFINITIONAL_REPRESENTATION('',(#1867),#1870);
#1867 = B_SPLINE_CURVE_WITH_KNOTS('',1,(#1868,#1869),.UNSPECIFIED.,.F.,
  .F.,(2,2),(-0.325,0.975),.PIECEWISE_BEZIER_KNOTS.);
#1868 = CARTESIAN_POINT('',(2.,0.));
#1869 = CARTESIAN_POINT('',(2.,-1.3));
#1870 = ( GEOMETRIC_REPRESENTATION_CONTEXT(2) 
PARAMETRIC_REPRESENTATION_CONTEXT() REPRESENTATION_CONTEXT('2D SPACE',''
  ) );
#1871 = FACE_BOUND('',#1872,.T.);
#1872 = EDGE_LOOP('',(#1873,#1901,#1927,#1953));
#1873 = ORIENTED_EDGE('',*,*,#1874,.T.);
#1874 = EDGE_CURVE('',#1875,#1877,#1879,.T.);
#1875 = VERTEX_POINT('',#1876);
#1876 = CARTESIAN_POINT('',(9.54,-24.78,1.));
#1877 = VERTEX_POINT('',#1878);
#1878 = CARTESIAN_POINT('',(8.24,-24.78,1.));
#1879 = SURFACE_CURVE('',#1880,(#1884,#1890),.PCURVE_S1.);
#1880 = LINE('',#1881,#1882);
#1881 = CARTESIAN_POINT('',(0.5,-24.78,1.));
#1882 = VECTOR('',#1883,1.);
#1883 = DIRECTION('',(-1.,-0.,0.));
#1884 = PCURVE('',#32,#1885);
#1885 = DEFINITIONAL_REPRESENTATION('',(#1886),#1889);
#1886 = B_SPLINE_CURVE_WITH_KNOTS('',1,(#1887,#1888),.UNSPECIFIED.,.F.,
  .F.,(2,2),(-9.04,-7.74),.PIECEWISE_BEZIER_KNOTS.);
#1887 = CARTESIAN_POINT('',(16.78,-0.65));
#1888 = CARTESIAN_POINT('',(15.48,-0.65));
#1889 = ( GEOMETRIC_REPRESENTATION_CONTEXT(2) 
PARAMETRIC_REPRESENTATION_CONTEXT() REPRESENTATION_CONTEXT('2D SPACE',''
  ) );
#1890 = PCURVE('',#1891,#1896);
#1891 = PLANE('',#1892);
#1892 = AXIS2_PLACEMENT_3D('',#1893,#1894,#1895);
#1893 = CARTESIAN_POINT('',(8.24,-24.78,-1.));
#1894 = DIRECTION('',(-0.,1.,0.));
#1895 = DIRECTION('',(0.,0.,1.));
#1896 = DEFINITIONAL_REPRESENTATION('',(#1897),#1900);
#1897 = B_SPLINE_CURVE_WITH_KNOTS('',1,(#1898,#1899),.UNSPECIFIED.,.F.,
  .F.,(2,2),(-9.04,-7.74),.PIECEWISE_BEZIER_KNOTS.);
#1898 = CARTESIAN_POINT('',(2.,1.3));
#1899 = CARTESIAN_POINT('',(2.,0.));
#1900 = ( GEOMETRIC_REPRESENTATION_CONTEXT(2) 
PARAMETRIC_REPRESENTATION_CONTEXT() REPRESENTATION_CONTEXT('2D SPACE',''
  ) );
#1901 = ORIENTED_EDGE('',*,*,#1902,.T.);
#1902 = EDGE_CURVE('',#1877,#1903,#1905,.T.);
#1903 = VERTEX_POINT('',#1904);
#1904 = CARTESIAN_POINT('',(8.24,-23.48,1.));
#1905 = SURFACE_CURVE('',#1906,(#1910,#1916),.PCURVE_S1.);
#1906 = LINE('',#1907,#1908);
#1907 = CARTESIAN_POINT('',(8.24,-24.455,1.));
#1908 = VECTOR('',#1909,1.);
#1909 = DIRECTION('',(-0.,1.,0.));
#1910 = PCURVE('',#32,#1911);
#1911 = DEFINITIONAL_REPRESENTATION('',(#1912),#1915);
#1912 = B_SPLINE_CURVE_WITH_KNOTS('',1,(#1913,#1914),.UNSPECIFIED.,.F.,
  .F.,(2,2),(-0.325,0.975),.PIECEWISE_BEZIER_KNOTS.);
#1913 = CARTESIAN_POINT('',(15.48,-0.65));
#1914 = CARTESIAN_POINT('',(15.48,0.65));
#1915 = ( GEOMETRIC_REPRESENTATION_CONTEXT(2) 
PARAMETRIC_REPRESENTATION_CONTEXT() REPRESENTATION_CONTEXT('2D SPACE',''
  ) );
#1916 = PCURVE('',#1917,#1922);
#1917 = PLANE('',#1918);
#1918 = AXIS2_PLACEMENT_3D('',#1919,#1920,#1921);
#1919 = CARTESIAN_POINT('',(8.24,-24.78,-1.));
#1920 = DIRECTION('',(1.,0.,-0.));
#1921 = DIRECTION('',(0.,0.,1.));
#1922 = DEFINITIONAL_REPRESENTATION('',(#1923),#1926);
#1923 = B_SPLINE_CURVE_WITH_KNOTS('',1,(#1924,#1925),.UNSPECIFIED.,.F.,
  .F.,(2,2),(-0.325,0.975),.PIECEWISE_BEZIER_KNOTS.);
#1924 = CARTESIAN_POINT('',(2.,0.));
#1925 = CARTESIAN_POINT('',(2.,-1.3));
#1926 = ( GEOMETRIC_REPRESENTATION_CONTEXT(2) 
PARAMETRIC_REPRESENTATION_CONTEXT() REPRESENTATION_CONTEXT('2D SPACE',''
  ) );
#1927 = ORIENTED_EDGE('',*,*,#1928,.F.);
#1928 = EDGE_CURVE('',#1929,#1903,#1931,.T.);
#1929 = VERTEX_POINT('',#1930);
#1930 = CARTESIAN_POINT('',(9.54,-23.48,1.));
#1931 = SURFACE_CURVE('',#1932,(#1936,#1942),.PCURVE_S1.);
#1932 = LINE('',#1933,#1934);
#1933 = CARTESIAN_POINT('',(0.5,-23.48,1.));
#1934 = VECTOR('',#1935,1.);
#1935 = DIRECTION('',(-1.,-0.,0.));
#1936 = PCURVE('',#32,#1937);
#1937 = DEFINITIONAL_REPRESENTATION('',(#1938),#1941);
#1938 = B_SPLINE_CURVE_WITH_KNOTS('',1,(#1939,#1940),.UNSPECIFIED.,.F.,
  .F.,(2,2),(-9.04,-7.74),.PIECEWISE_BEZIER_KNOTS.);
#1939 = CARTESIAN_POINT('',(16.78,0.65));
#1940 = CARTESIAN_POINT('',(15.48,0.65));
#1941 = ( GEOMETRIC_REPRESENTATION_CONTEXT(2) 
PARAMETRIC_REPRESENTATION_CONTEXT() REPRESENTATION_CONTEXT('2D SPACE',''
  ) );
#1942 = PCURVE('',#1943,#1948);
#1943 = PLANE('',#1944);
#1944 = AXIS2_PLACEMENT_3D('',#1945,#1946,#1947);
#1945 = CARTESIAN_POINT('',(8.24,-23.48,-1.));
#1946 = DIRECTION('',(-0.,1.,0.));
#1947 = DIRECTION('',(0.,0.,1.));
#1948 = DEFINITIONAL_REPRESENTATION('',(#1949),#1952);
#1949 = B_SPLINE_CURVE_WITH_KNOTS('',1,(#1950,#1951),.UNSPECIFIED.,.F.,
  .F.,(2,2),(-9.04,-7.74),.PIECEWISE_BEZIER_KNOTS.);
#1950 = CARTESIAN_POINT('',(2.,1.3));
#1951 = CARTESIAN_POINT('',(2.,0.));
#1952 = ( GEOMETRIC_REPRESENTATION_CONTEXT(2) 
PARAMETRIC_REPRESENTATION_CONTEXT() REPRESENTATION_CONTEXT('2D SPACE',''
  ) );
#1953 = ORIENTED_EDGE('',*,*,#1954,.F.);
#1954 = EDGE_CURVE('',#1875,#1929,#1955,.T.);
#1955 = SURFACE_CURVE('',#1956,(#1960,#1966),.PCURVE_S1.);
#1956 = LINE('',#1957,#1958);
#1957 = CARTESIAN_POINT('',(9.54,-24.455,1.));
#1958 = VECTOR('',#1959,1.);
#1959 = DIRECTION('',(-0.,1.,0.));
#1960 = PCURVE('',#32,#1961);
#1961 = DEFINITIONAL_REPRESENTATION('',(#1962),#1965);
#1962 = B_SPLINE_CURVE_WITH_KNOTS('',1,(#1963,#1964),.UNSPECIFIED.,.F.,
  .F.,(2,2),(-0.325,0.975),.PIECEWISE_BEZIER_KNOTS.);
#1963 = CARTESIAN_POINT('',(16.78,-0.65));
#1964 = CARTESIAN_POINT('',(16.78,0.65));
#1965 = ( GEOMETRIC_REPRESENTATION_CONTEXT(2) 
PARAMETRIC_REPRESENTATION_CONTEXT() REPRESENTATION_CONTEXT('2D SPACE',''
  ) );
#1966 = PCURVE('',#1967,#1972);
#1967 = PLANE('',#1968);
#1968 = AXIS2_PLACEMENT_3D('',#1969,#1970,#1971);
#1969 = CARTESIAN_POINT('',(9.54,-24.78,-1.));
#1970 = DIRECTION('',(1.,0.,-0.));
#1971 = DIRECTION('',(0.,0.,1.));
#1972 = DEFINITIONAL_REPRESENTATION('',(#1973),#1976);
#1973 = B_SPLINE_CURVE_WITH_KNOTS('',1,(#1974,#1975),.UNSPECIFIED.,.F.,
  .F.,(2,2),(-0.325,0.975),.PIECEWISE_BEZIER_KNOTS.);
#1974 = CARTESIAN_POINT('',(2.,0.));
#1975 = CARTESIAN_POINT('',(2.,-1.3));
#1976 = ( GEOMETRIC_REPRESENTATION_CONTEXT(2) 
PARAMETRIC_REPRESENTATION_CONTEXT() REPRESENTATION_CONTEXT('2D SPACE',''
  ) );
#1977 = FACE_BOUND('',#1978,.T.);
#1978 = EDGE_LOOP('',(#1979,#2007,#2033,#2059));
#1979 = ORIENTED_EDGE('',*,*,#1980,.T.);
#1980 = EDGE_CURVE('',#1981,#1983,#1985,.T.);
#1981 = VERTEX_POINT('',#1982);
#1982 = CARTESIAN_POINT('',(-8.24,13.32,1.));
#1983 = VERTEX_POINT('',#1984);
#1984 = CARTESIAN_POINT('',(-9.54,13.32,1.));
#1985 = SURFACE_CURVE('',#1986,(#1990,#1996),.PCURVE_S1.);
#1986 = LINE('',#1987,#1988);
#1987 = CARTESIAN_POINT('',(-8.39,13.32,1.));
#1988 = VECTOR('',#1989,1.);
#1989 = DIRECTION('',(-1.,-0.,0.));
#1990 = PCURVE('',#32,#1991);
#1991 = DEFINITIONAL_REPRESENTATION('',(#1992),#1995);
#1992 = B_SPLINE_CURVE_WITH_KNOTS('',1,(#1993,#1994),.UNSPECIFIED.,.F.,
  .F.,(2,2),(-0.15,1.15),.PIECEWISE_BEZIER_KNOTS.);
#1993 = CARTESIAN_POINT('',(-1.,37.45));
#1994 = CARTESIAN_POINT('',(-2.3,37.45));
#1995 = ( GEOMETRIC_REPRESENTATION_CONTEXT(2) 
PARAMETRIC_REPRESENTATION_CONTEXT() REPRESENTATION_CONTEXT('2D SPACE',''
  ) );
#1996 = PCURVE('',#1997,#2002);
#1997 = PLANE('',#1998);
#1998 = AXIS2_PLACEMENT_3D('',#1999,#2000,#2001);
#1999 = CARTESIAN_POINT('',(-9.54,13.32,-1.));
#2000 = DIRECTION('',(-0.,1.,0.));
#2001 = DIRECTION('',(0.,0.,1.));
#2002 = DEFINITIONAL_REPRESENTATION('',(#2003),#2006);
#2003 = B_SPLINE_CURVE_WITH_KNOTS('',1,(#2004,#2005),.UNSPECIFIED.,.F.,
  .F.,(2,2),(-0.15,1.15),.PIECEWISE_BEZIER_KNOTS.);
#2004 = CARTESIAN_POINT('',(2.,1.3));
#2005 = CARTESIAN_POINT('',(2.,0.));
#2006 = ( GEOMETRIC_REPRESENTATION_CONTEXT(2) 
PARAMETRIC_REPRESENTATION_CONTEXT() REPRESENTATION_CONTEXT('2D SPACE',''
  ) );
#2007 = ORIENTED_EDGE('',*,*,#2008,.T.);
#2008 = EDGE_CURVE('',#1983,#2009,#2011,.T.);
#2009 = VERTEX_POINT('',#2010);
#2010 = CARTESIAN_POINT('',(-9.54,14.62,1.));
#2011 = SURFACE_CURVE('',#2012,(#2016,#2022),.PCURVE_S1.);
#2012 = LINE('',#2013,#2014);
#2013 = CARTESIAN_POINT('',(-9.54,-5.405,1.));
#2014 = VECTOR('',#2015,1.);
#2015 = DIRECTION('',(-0.,1.,0.));
#2016 = PCURVE('',#32,#2017);
#2017 = DEFINITIONAL_REPRESENTATION('',(#2018),#2021);
#2018 = B_SPLINE_CURVE_WITH_KNOTS('',1,(#2019,#2020),.UNSPECIFIED.,.F.,
  .F.,(2,2),(18.725,20.025),.PIECEWISE_BEZIER_KNOTS.);
#2019 = CARTESIAN_POINT('',(-2.3,37.45));
#2020 = CARTESIAN_POINT('',(-2.3,38.75));
#2021 = ( GEOMETRIC_REPRESENTATION_CONTEXT(2) 
PARAMETRIC_REPRESENTATION_CONTEXT() REPRESENTATION_CONTEXT('2D SPACE',''
  ) );
#2022 = PCURVE('',#2023,#2028);
#2023 = PLANE('',#2024);
#2024 = AXIS2_PLACEMENT_3D('',#2025,#2026,#2027);
#2025 = CARTESIAN_POINT('',(-9.54,13.32,-1.));
#2026 = DIRECTION('',(1.,0.,-0.));
#2027 = DIRECTION('',(0.,0.,1.));
#2028 = DEFINITIONAL_REPRESENTATION('',(#2029),#2032);
#2029 = B_SPLINE_CURVE_WITH_KNOTS('',1,(#2030,#2031),.UNSPECIFIED.,.F.,
  .F.,(2,2),(18.725,20.025),.PIECEWISE_BEZIER_KNOTS.);
#2030 = CARTESIAN_POINT('',(2.,0.));
#2031 = CARTESIAN_POINT('',(2.,-1.3));
#2032 = ( GEOMETRIC_REPRESENTATION_CONTEXT(2) 
PARAMETRIC_REPRESENTATION_CONTEXT() REPRESENTATION_CONTEXT('2D SPACE',''
  ) );
#2033 = ORIENTED_EDGE('',*,*,#2034,.F.);
#2034 = EDGE_CURVE('',#2035,#2009,#2037,.T.);
#2035 = VERTEX_POINT('',#2036);
#2036 = CARTESIAN_POINT('',(-8.24,14.62,1.));
#2037 = SURFACE_CURVE('',#2038,(#2042,#2048),.PCURVE_S1.);
#2038 = LINE('',#2039,#2040);
#2039 = CARTESIAN_POINT('',(-8.39,14.62,1.));
#2040 = VECTOR('',#2041,1.);
#2041 = DIRECTION('',(-1.,-0.,0.));
#2042 = PCURVE('',#32,#2043);
#2043 = DEFINITIONAL_REPRESENTATION('',(#2044),#2047);
#2044 = B_SPLINE_CURVE_WITH_KNOTS('',1,(#2045,#2046),.UNSPECIFIED.,.F.,
  .F.,(2,2),(-0.15,1.15),.PIECEWISE_BEZIER_KNOTS.);
#2045 = CARTESIAN_POINT('',(-1.,38.75));
#2046 = CARTESIAN_POINT('',(-2.3,38.75));
#2047 = ( GEOMETRIC_REPRESENTATION_CONTEXT(2) 
PARAMETRIC_REPRESENTATION_CONTEXT() REPRESENTATION_CONTEXT('2D SPACE',''
  ) );
#2048 = PCURVE('',#2049,#2054);
#2049 = PLANE('',#2050);
#2050 = AXIS2_PLACEMENT_3D('',#2051,#2052,#2053);
#2051 = CARTESIAN_POINT('',(-9.54,14.62,-1.));
#2052 = DIRECTION('',(-0.,1.,0.));
#2053 = DIRECTION('',(0.,0.,1.));
#2054 = DEFINITIONAL_REPRESENTATION('',(#2055),#2058);
#2055 = B_SPLINE_CURVE_WITH_KNOTS('',1,(#2056,#2057),.UNSPECIFIED.,.F.,
  .F.,(2,2),(-0.15,1.15),.PIECEWISE_BEZIER_KNOTS.);
#2056 = CARTESIAN_POINT('',(2.,1.3));
#2057 = CARTESIAN_POINT('',(2.,0.));
#2058 = ( GEOMETRIC_REPRESENTATION_CONTEXT(2) 
PARAMETRIC_REPRESENTATION_CONTEXT() REPRESENTATION_CONTEXT('2D SPACE',''
  ) );
#2059 = ORIENTED_EDGE('',*,*,#2060,.F.);
#2060 = EDGE_CURVE('',#1981,#2035,#2061,.T.);
#2061 = SURFACE_CURVE('',#2062,(#2066,#2072),.PCURVE_S1.);
#2062 = LINE('',#2063,#2064);
#2063 = CARTESIAN_POINT('',(-8.24,-5.405,1.));
#2064 = VECTOR('',#2065,1.);
#2065 = DIRECTION('',(-0.,1.,0.));
#2066 = PCURVE('',#32,#2067);
#2067 = DEFINITIONAL_REPRESENTATION('',(#2068),#2071);
#2068 = B_SPLINE_CURVE_WITH_KNOTS('',1,(#2069,#2070),.UNSPECIFIED.,.F.,
  .F.,(2,2),(18.725,20.025),.PIECEWISE_BEZIER_KNOTS.);
#2069 = CARTESIAN_POINT('',(-1.,37.45));
#2070 = CARTESIAN_POINT('',(-1.,38.75));
#2071 = ( GEOMETRIC_REPRESENTATION_CONTEXT(2) 
PARAMETRIC_REPRESENTATION_CONTEXT() REPRESENTATION_CONTEXT('2D SPACE',''
  ) );
#2072 = PCURVE('',#2073,#2078);
#2073 = PLANE('',#2074);
#2074 = AXIS2_PLACEMENT_3D('',#2075,#2076,#2077);
#2075 = CARTESIAN_POINT('',(-8.24,13.32,-1.));
#2076 = DIRECTION('',(1.,0.,-0.));
#2077 = DIRECTION('',(0.,0.,1.));
#2078 = DEFINITIONAL_REPRESENTATION('',(#2079),#2082);
#2079 = B_SPLINE_CURVE_WITH_KNOTS('',1,(#2080,#2081),.UNSPECIFIED.,.F.,
  .F.,(2,2),(18.725,20.025),.PIECEWISE_BEZIER_KNOTS.);
#2080 = CARTESIAN_POINT('',(2.,0.));
#2081 = CARTESIAN_POINT('',(2.,-1.3));
#2082 = ( GEOMETRIC_REPRESENTATION_CONTEXT(2) 
PARAMETRIC_REPRESENTATION_CONTEXT() REPRESENTATION_CONTEXT('2D SPACE',''
  ) );
#2083 = FACE_BOUND('',#2084,.T.);
#2084 = EDGE_LOOP('',(#2085,#2113,#2139,#2165));
#2085 = ORIENTED_EDGE('',*,*,#2086,.T.);
#2086 = EDGE_CURVE('',#2087,#2089,#2091,.T.);
#2087 = VERTEX_POINT('',#2088);
#2088 = CARTESIAN_POINT('',(-8.24,18.4,1.));
#2089 = VERTEX_POINT('',#2090);
#2090 = CARTESIAN_POINT('',(-9.54,18.4,1.));
#2091 = SURFACE_CURVE('',#2092,(#2096,#2102),.PCURVE_S1.);
#2092 = LINE('',#2093,#2094);
#2093 = CARTESIAN_POINT('',(-8.39,18.4,1.));
#2094 = VECTOR('',#2095,1.);
#2095 = DIRECTION('',(-1.,-0.,0.));
#2096 = PCURVE('',#32,#2097);
#2097 = DEFINITIONAL_REPRESENTATION('',(#2098),#2101);
#2098 = B_SPLINE_CURVE_WITH_KNOTS('',1,(#2099,#2100),.UNSPECIFIED.,.F.,
  .F.,(2,2),(-0.15,1.15),.PIECEWISE_BEZIER_KNOTS.);
#2099 = CARTESIAN_POINT('',(-1.,42.53));
#2100 = CARTESIAN_POINT('',(-2.3,42.53));
#2101 = ( GEOMETRIC_REPRESENTATION_CONTEXT(2) 
PARAMETRIC_REPRESENTATION_CONTEXT() REPRESENTATION_CONTEXT('2D SPACE',''
  ) );
#2102 = PCURVE('',#2103,#2108);
#2103 = PLANE('',#2104);
#2104 = AXIS2_PLACEMENT_3D('',#2105,#2106,#2107);
#2105 = CARTESIAN_POINT('',(-9.54,18.4,-1.));
#2106 = DIRECTION('',(-0.,1.,0.));
#2107 = DIRECTION('',(0.,0.,1.));
#2108 = DEFINITIONAL_REPRESENTATION('',(#2109),#2112);
#2109 = B_SPLINE_CURVE_WITH_KNOTS('',1,(#2110,#2111),.UNSPECIFIED.,.F.,
  .F.,(2,2),(-0.15,1.15),.PIECEWISE_BEZIER_KNOTS.);
#2110 = CARTESIAN_POINT('',(2.,1.3));
#2111 = CARTESIAN_POINT('',(2.,0.));
#2112 = ( GEOMETRIC_REPRESENTATION_CONTEXT(2) 
PARAMETRIC_REPRESENTATION_CONTEXT() REPRESENTATION_CONTEXT('2D SPACE',''
  ) );
#2113 = ORIENTED_EDGE('',*,*,#2114,.T.);
#2114 = EDGE_CURVE('',#2089,#2115,#2117,.T.);
#2115 = VERTEX_POINT('',#2116);
#2116 = CARTESIAN_POINT('',(-9.54,19.7,1.));
#2117 = SURFACE_CURVE('',#2118,(#2122,#2128),.PCURVE_S1.);
#2118 = LINE('',#2119,#2120);
#2119 = CARTESIAN_POINT('',(-9.54,-2.865,1.));
#2120 = VECTOR('',#2121,1.);
#2121 = DIRECTION('',(-0.,1.,0.));
#2122 = PCURVE('',#32,#2123);
#2123 = DEFINITIONAL_REPRESENTATION('',(#2124),#2127);
#2124 = B_SPLINE_CURVE_WITH_KNOTS('',1,(#2125,#2126),.UNSPECIFIED.,.F.,
  .F.,(2,2),(21.265,22.565),.PIECEWISE_BEZIER_KNOTS.);
#2125 = CARTESIAN_POINT('',(-2.3,42.53));
#2126 = CARTESIAN_POINT('',(-2.3,43.83));
#2127 = ( GEOMETRIC_REPRESENTATION_CONTEXT(2) 
PARAMETRIC_REPRESENTATION_CONTEXT() REPRESENTATION_CONTEXT('2D SPACE',''
  ) );
#2128 = PCURVE('',#2129,#2134);
#2129 = PLANE('',#2130);
#2130 = AXIS2_PLACEMENT_3D('',#2131,#2132,#2133);
#2131 = CARTESIAN_POINT('',(-9.54,18.4,-1.));
#2132 = DIRECTION('',(1.,0.,-0.));
#2133 = DIRECTION('',(0.,0.,1.));
#2134 = DEFINITIONAL_REPRESENTATION('',(#2135),#2138);
#2135 = B_SPLINE_CURVE_WITH_KNOTS('',1,(#2136,#2137),.UNSPECIFIED.,.F.,
  .F.,(2,2),(21.265,22.565),.PIECEWISE_BEZIER_KNOTS.);
#2136 = CARTESIAN_POINT('',(2.,0.));
#2137 = CARTESIAN_POINT('',(2.,-1.3));
#2138 = ( GEOMETRIC_REPRESENTATION_CONTEXT(2) 
PARAMETRIC_REPRESENTATION_CONTEXT() REPRESENTATION_CONTEXT('2D SPACE',''
  ) );
#2139 = ORIENTED_EDGE('',*,*,#2140,.F.);
#2140 = EDGE_CURVE('',#2141,#2115,#2143,.T.);
#2141 = VERTEX_POINT('',#2142);
#2142 = CARTESIAN_POINT('',(-8.24,19.7,1.));
#2143 = SURFACE_CURVE('',#2144,(#2148,#2154),.PCURVE_S1.);
#2144 = LINE('',#2145,#2146);
#2145 = CARTESIAN_POINT('',(-8.39,19.7,1.));
#2146 = VECTOR('',#2147,1.);
#2147 = DIRECTION('',(-1.,-0.,0.));
#2148 = PCURVE('',#32,#2149);
#2149 = DEFINITIONAL_REPRESENTATION('',(#2150),#2153);
#2150 = B_SPLINE_CURVE_WITH_KNOTS('',1,(#2151,#2152),.UNSPECIFIED.,.F.,
  .F.,(2,2),(-0.15,1.15),.PIECEWISE_BEZIER_KNOTS.);
#2151 = CARTESIAN_POINT('',(-1.,43.83));
#2152 = CARTESIAN_POINT('',(-2.3,43.83));
#2153 = ( GEOMETRIC_REPRESENTATION_CONTEXT(2) 
PARAMETRIC_REPRESENTATION_CONTEXT() REPRESENTATION_CONTEXT('2D SPACE',''
  ) );
#2154 = PCURVE('',#2155,#2160);
#2155 = PLANE('',#2156);
#2156 = AXIS2_PLACEMENT_3D('',#2157,#2158,#2159);
#2157 = CARTESIAN_POINT('',(-9.54,19.7,-1.));
#2158 = DIRECTION('',(-0.,1.,0.));
#2159 = DIRECTION('',(0.,0.,1.));
#2160 = DEFINITIONAL_REPRESENTATION('',(#2161),#2164);
#2161 = B_SPLINE_CURVE_WITH_KNOTS('',1,(#2162,#2163),.UNSPECIFIED.,.F.,
  .F.,(2,2),(-0.15,1.15),.PIECEWISE_BEZIER_KNOTS.);
#2162 = CARTESIAN_POINT('',(2.,1.3));
#2163 = CARTESIAN_POINT('',(2.,0.));
#2164 = ( GEOMETRIC_REPRESENTATION_CONTEXT(2) 
PARAMETRIC_REPRESENTATION_CONTEXT() REPRESENTATION_CONTEXT('2D SPACE',''
  ) );
#2165 = ORIENTED_EDGE('',*,*,#2166,.F.);
#2166 = EDGE_CURVE('',#2087,#2141,#2167,.T.);
#2167 = SURFACE_CURVE('',#2168,(#2172,#2178),.PCURVE_S1.);
#2168 = LINE('',#2169,#2170);
#2169 = CARTESIAN_POINT('',(-8.24,-2.865,1.));
#2170 = VECTOR('',#2171,1.);
#2171 = DIRECTION('',(-0.,1.,0.));
#2172 = PCURVE('',#32,#2173);
#2173 = DEFINITIONAL_REPRESENTATION('',(#2174),#2177);
#2174 = B_SPLINE_CURVE_WITH_KNOTS('',1,(#2175,#2176),.UNSPECIFIED.,.F.,
  .F.,(2,2),(21.265,22.565),.PIECEWISE_BEZIER_KNOTS.);
#2175 = CARTESIAN_POINT('',(-1.,42.53));
#2176 = CARTESIAN_POINT('',(-1.,43.83));
#2177 = ( GEOMETRIC_REPRESENTATION_CONTEXT(2) 
PARAMETRIC_REPRESENTATION_CONTEXT() REPRESENTATION_CONTEXT('2D SPACE',''
  ) );
#2178 = PCURVE('',#2179,#2184);
#2179 = PLANE('',#2180);
#2180 = AXIS2_PLACEMENT_3D('',#2181,#2182,#2183);
#2181 = CARTESIAN_POINT('',(-8.24,18.4,-1.));
#2182 = DIRECTION('',(1.,0.,-0.));
#2183 = DIRECTION('',(0.,0.,1.));
#2184 = DEFINITIONAL_REPRESENTATION('',(#2185),#2188);
#2185 = B_SPLINE_CURVE_WITH_KNOTS('',1,(#2186,#2187),.UNSPECIFIED.,.F.,
  .F.,(2,2),(21.265,22.565),.PIECEWISE_BEZIER_KNOTS.);
#2186 = CARTESIAN_POINT('',(2.,0.));
#2187 = CARTESIAN_POINT('',(2.,-1.3));
#2188 = ( GEOMETRIC_REPRESENTATION_CONTEXT(2) 
PARAMETRIC_REPRESENTATION_CONTEXT() REPRESENTATION_CONTEXT('2D SPACE',''
  ) );
#2189 = FACE_BOUND('',#2190,.T.);
#2190 = EDGE_LOOP('',(#2191,#2219,#2245,#2271));
#2191 = ORIENTED_EDGE('',*,*,#2192,.T.);
#2192 = EDGE_CURVE('',#2193,#2195,#2197,.T.);
#2193 = VERTEX_POINT('',#2194);
#2194 = CARTESIAN_POINT('',(-8.24,23.48,1.));
#2195 = VERTEX_POINT('',#2196);
#2196 = CARTESIAN_POINT('',(-9.54,23.48,1.));
#2197 = SURFACE_CURVE('',#2198,(#2202,#2208),.PCURVE_S1.);
#2198 = LINE('',#2199,#2200);
#2199 = CARTESIAN_POINT('',(-8.39,23.48,1.));
#2200 = VECTOR('',#2201,1.);
#2201 = DIRECTION('',(-1.,-0.,0.));
#2202 = PCURVE('',#32,#2203);
#2203 = DEFINITIONAL_REPRESENTATION('',(#2204),#2207);
#2204 = B_SPLINE_CURVE_WITH_KNOTS('',1,(#2205,#2206),.UNSPECIFIED.,.F.,
  .F.,(2,2),(-0.15,1.15),.PIECEWISE_BEZIER_KNOTS.);
#2205 = CARTESIAN_POINT('',(-1.,47.61));
#2206 = CARTESIAN_POINT('',(-2.3,47.61));
#2207 = ( GEOMETRIC_REPRESENTATION_CONTEXT(2) 
PARAMETRIC_REPRESENTATION_CONTEXT() REPRESENTATION_CONTEXT('2D SPACE',''
  ) );
#2208 = PCURVE('',#2209,#2214);
#2209 = PLANE('',#2210);
#2210 = AXIS2_PLACEMENT_3D('',#2211,#2212,#2213);
#2211 = CARTESIAN_POINT('',(-9.54,23.48,-1.));
#2212 = DIRECTION('',(-0.,1.,0.));
#2213 = DIRECTION('',(0.,0.,1.));
#2214 = DEFINITIONAL_REPRESENTATION('',(#2215),#2218);
#2215 = B_SPLINE_CURVE_WITH_KNOTS('',1,(#2216,#2217),.UNSPECIFIED.,.F.,
  .F.,(2,2),(-0.15,1.15),.PIECEWISE_BEZIER_KNOTS.);
#2216 = CARTESIAN_POINT('',(2.,1.3));
#2217 = CARTESIAN_POINT('',(2.,0.));
#2218 = ( GEOMETRIC_REPRESENTATION_CONTEXT(2) 
PARAMETRIC_REPRESENTATION_CONTEXT() REPRESENTATION_CONTEXT('2D SPACE',''
  ) );
#2219 = ORIENTED_EDGE('',*,*,#2220,.T.);
#2220 = EDGE_CURVE('',#2195,#2221,#2223,.T.);
#2221 = VERTEX_POINT('',#2222);
#2222 = CARTESIAN_POINT('',(-9.54,24.78,1.));
#2223 = SURFACE_CURVE('',#2224,(#2228,#2234),.PCURVE_S1.);
#2224 = LINE('',#2225,#2226);
#2225 = CARTESIAN_POINT('',(-9.54,-0.325,1.));
#2226 = VECTOR('',#2227,1.);
#2227 = DIRECTION('',(-0.,1.,0.));
#2228 = PCURVE('',#32,#2229);
#2229 = DEFINITIONAL_REPRESENTATION('',(#2230),#2233);
#2230 = B_SPLINE_CURVE_WITH_KNOTS('',1,(#2231,#2232),.UNSPECIFIED.,.F.,
  .F.,(2,2),(23.805,25.105),.PIECEWISE_BEZIER_KNOTS.);
#2231 = CARTESIAN_POINT('',(-2.3,47.61));
#2232 = CARTESIAN_POINT('',(-2.3,48.91));
#2233 = ( GEOMETRIC_REPRESENTATION_CONTEXT(2) 
PARAMETRIC_REPRESENTATION_CONTEXT() REPRESENTATION_CONTEXT('2D SPACE',''
  ) );
#2234 = PCURVE('',#2235,#2240);
#2235 = PLANE('',#2236);
#2236 = AXIS2_PLACEMENT_3D('',#2237,#2238,#2239);
#2237 = CARTESIAN_POINT('',(-9.54,23.48,-1.));
#2238 = DIRECTION('',(1.,0.,-0.));
#2239 = DIRECTION('',(0.,0.,1.));
#2240 = DEFINITIONAL_REPRESENTATION('',(#2241),#2244);
#2241 = B_SPLINE_CURVE_WITH_KNOTS('',1,(#2242,#2243),.UNSPECIFIED.,.F.,
  .F.,(2,2),(23.805,25.105),.PIECEWISE_BEZIER_KNOTS.);
#2242 = CARTESIAN_POINT('',(2.,0.));
#2243 = CARTESIAN_POINT('',(2.,-1.3));
#2244 = ( GEOMETRIC_REPRESENTATION_CONTEXT(2) 
PARAMETRIC_REPRESENTATION_CONTEXT() REPRESENTATION_CONTEXT('2D SPACE',''
  ) );
#2245 = ORIENTED_EDGE('',*,*,#2246,.F.);
#2246 = EDGE_CURVE('',#2247,#2221,#2249,.T.);
#2247 = VERTEX_POINT('',#2248);
#2248 = CARTESIAN_POINT('',(-8.24,24.78,1.));
#2249 = SURFACE_CURVE('',#2250,(#2254,#2260),.PCURVE_S1.);
#2250 = LINE('',#2251,#2252);
#2251 = CARTESIAN_POINT('',(-8.39,24.78,1.));
#2252 = VECTOR('',#2253,1.);
#2253 = DIRECTION('',(-1.,-0.,0.));
#2254 = PCURVE('',#32,#2255);
#2255 = DEFINITIONAL_REPRESENTATION('',(#2256),#2259);
#2256 = B_SPLINE_CURVE_WITH_KNOTS('',1,(#2257,#2258),.UNSPECIFIED.,.F.,
  .F.,(2,2),(-0.15,1.15),.PIECEWISE_BEZIER_KNOTS.);
#2257 = CARTESIAN_POINT('',(-1.,48.91));
#2258 = CARTESIAN_POINT('',(-2.3,48.91));
#2259 = ( GEOMETRIC_REPRESENTATION_CONTEXT(2) 
PARAMETRIC_REPRESENTATION_CONTEXT() REPRESENTATION_CONTEXT('2D SPACE',''
  ) );
#2260 = PCURVE('',#2261,#2266);
#2261 = PLANE('',#2262);
#2262 = AXIS2_PLACEMENT_3D('',#2263,#2264,#2265);
#2263 = CARTESIAN_POINT('',(-9.54,24.78,-1.));
#2264 = DIRECTION('',(-0.,1.,0.));
#2265 = DIRECTION('',(0.,0.,1.));
#2266 = DEFINITIONAL_REPRESENTATION('',(#2267),#2270);
#2267 = B_SPLINE_CURVE_WITH_KNOTS('',1,(#2268,#2269),.UNSPECIFIED.,.F.,
  .F.,(2,2),(-0.15,1.15),.PIECEWISE_BEZIER_KNOTS.);
#2268 = CARTESIAN_POINT('',(2.,1.3));
#2269 = CARTESIAN_POINT('',(2.,0.));
#2270 = ( GEOMETRIC_REPRESENTATION_CONTEXT(2) 
PARAMETRIC_REPRESENTATION_CONTEXT() REPRESENTATION_CONTEXT('2D SPACE',''
  ) );
#2271 = ORIENTED_EDGE('',*,*,#2272,.F.);
#2272 = EDGE_CURVE('',#2193,#2247,#2273,.T.);
#2273 = SURFACE_CURVE('',#2274,(#2278,#2284),.PCURVE_S1.);
#2274 = LINE('',#2275,#2276);
#2275 = CARTESIAN_POINT('',(-8.24,-0.325,1.));
#2276 = VECTOR('',#2277,1.);
#2277 = DIRECTION('',(-0.,1.,0.));
#2278 = PCURVE('',#32,#2279);
#2279 = DEFINITIONAL_REPRESENTATION('',(#2280),#2283);
#2280 = B_SPLINE_CURVE_WITH_KNOTS('',1,(#2281,#2282),.UNSPECIFIED.,.F.,
  .F.,(2,2),(23.805,25.105),.PIECEWISE_BEZIER_KNOTS.);
#2281 = CARTESIAN_POINT('',(-1.,47.61));
#2282 = CARTESIAN_POINT('',(-1.,48.91));
#2283 = ( GEOMETRIC_REPRESENTATION_CONTEXT(2) 
PARAMETRIC_REPRESENTATION_CONTEXT() REPRESENTATION_CONTEXT('2D SPACE',''
  ) );
#2284 = PCURVE('',#2285,#2290);
#2285 = PLANE('',#2286);
#2286 = AXIS2_PLACEMENT_3D('',#2287,#2288,#2289);
#2287 = CARTESIAN_POINT('',(-8.24,23.48,-1.));
#2288 = DIRECTION('',(1.,0.,-0.));
#2289 = DIRECTION('',(0.,0.,1.));
#2290 = DEFINITIONAL_REPRESENTATION('',(#2291),#2294);
#2291 = B_SPLINE_CURVE_WITH_KNOTS('',1,(#2292,#2293),.UNSPECIFIED.,.F.,
  .F.,(2,2),(23.805,25.105),.PIECEWISE_BEZIER_KNOTS.);
#2292 = CARTESIAN_POINT('',(2.,0.));
#2293 = CARTESIAN_POINT('',(2.,-1.3));
#2294 = ( GEOMETRIC_REPRESENTATION_CONTEXT(2) 
PARAMETRIC_REPRESENTATION_CONTEXT() REPRESENTATION_CONTEXT('2D SPACE',''
  ) );
#2295 = FACE_BOUND('',#2296,.T.);
#2296 = EDGE_LOOP('',(#2297,#2325,#2351,#2377));
#2297 = ORIENTED_EDGE('',*,*,#2298,.T.);
#2298 = EDGE_CURVE('',#2299,#2301,#2303,.T.);
#2299 = VERTEX_POINT('',#2300);
#2300 = CARTESIAN_POINT('',(9.54,8.24,1.));
#2301 = VERTEX_POINT('',#2302);
#2302 = CARTESIAN_POINT('',(8.24,8.24,1.));
#2303 = SURFACE_CURVE('',#2304,(#2308,#2314),.PCURVE_S1.);
#2304 = LINE('',#2305,#2306);
#2305 = CARTESIAN_POINT('',(0.5,8.24,1.));
#2306 = VECTOR('',#2307,1.);
#2307 = DIRECTION('',(-1.,-0.,0.));
#2308 = PCURVE('',#32,#2309);
#2309 = DEFINITIONAL_REPRESENTATION('',(#2310),#2313);
#2310 = B_SPLINE_CURVE_WITH_KNOTS('',1,(#2311,#2312),.UNSPECIFIED.,.F.,
  .F.,(2,2),(-9.04,-7.74),.PIECEWISE_BEZIER_KNOTS.);
#2311 = CARTESIAN_POINT('',(16.78,32.37));
#2312 = CARTESIAN_POINT('',(15.48,32.37));
#2313 = ( GEOMETRIC_REPRESENTATION_CONTEXT(2) 
PARAMETRIC_REPRESENTATION_CONTEXT() REPRESENTATION_CONTEXT('2D SPACE',''
  ) );
#2314 = PCURVE('',#2315,#2320);
#2315 = PLANE('',#2316);
#2316 = AXIS2_PLACEMENT_3D('',#2317,#2318,#2319);
#2317 = CARTESIAN_POINT('',(8.24,8.24,-1.));
#2318 = DIRECTION('',(-0.,1.,0.));
#2319 = DIRECTION('',(0.,0.,1.));
#2320 = DEFINITIONAL_REPRESENTATION('',(#2321),#2324);
#2321 = B_SPLINE_CURVE_WITH_KNOTS('',1,(#2322,#2323),.UNSPECIFIED.,.F.,
  .F.,(2,2),(-9.04,-7.74),.PIECEWISE_BEZIER_KNOTS.);
#2322 = CARTESIAN_POINT('',(2.,1.3));
#2323 = CARTESIAN_POINT('',(2.,0.));
#2324 = ( GEOMETRIC_REPRESENTATION_CONTEXT(2) 
PARAMETRIC_REPRESENTATION_CONTEXT() REPRESENTATION_CONTEXT('2D SPACE',''
  ) );
#2325 = ORIENTED_EDGE('',*,*,#2326,.T.);
#2326 = EDGE_CURVE('',#2301,#2327,#2329,.T.);
#2327 = VERTEX_POINT('',#2328);
#2328 = CARTESIAN_POINT('',(8.24,9.54,1.));
#2329 = SURFACE_CURVE('',#2330,(#2334,#2340),.PCURVE_S1.);
#2330 = LINE('',#2331,#2332);
#2331 = CARTESIAN_POINT('',(8.24,-7.945,1.));
#2332 = VECTOR('',#2333,1.);
#2333 = DIRECTION('',(-0.,1.,0.));
#2334 = PCURVE('',#32,#2335);
#2335 = DEFINITIONAL_REPRESENTATION('',(#2336),#2339);
#2336 = B_SPLINE_CURVE_WITH_KNOTS('',1,(#2337,#2338),.UNSPECIFIED.,.F.,
  .F.,(2,2),(16.185,17.485),.PIECEWISE_BEZIER_KNOTS.);
#2337 = CARTESIAN_POINT('',(15.48,32.37));
#2338 = CARTESIAN_POINT('',(15.48,33.67));
#2339 = ( GEOMETRIC_REPRESENTATION_CONTEXT(2) 
PARAMETRIC_REPRESENTATION_CONTEXT() REPRESENTATION_CONTEXT('2D SPACE',''
  ) );
#2340 = PCURVE('',#2341,#2346);
#2341 = PLANE('',#2342);
#2342 = AXIS2_PLACEMENT_3D('',#2343,#2344,#2345);
#2343 = CARTESIAN_POINT('',(8.24,8.24,-1.));
#2344 = DIRECTION('',(1.,0.,-0.));
#2345 = DIRECTION('',(0.,0.,1.));
#2346 = DEFINITIONAL_REPRESENTATION('',(#2347),#2350);
#2347 = B_SPLINE_CURVE_WITH_KNOTS('',1,(#2348,#2349),.UNSPECIFIED.,.F.,
  .F.,(2,2),(16.185,17.485),.PIECEWISE_BEZIER_KNOTS.);
#2348 = CARTESIAN_POINT('',(2.,0.));
#2349 = CARTESIAN_POINT('',(2.,-1.3));
#2350 = ( GEOMETRIC_REPRESENTATION_CONTEXT(2) 
PARAMETRIC_REPRESENTATION_CONTEXT() REPRESENTATION_CONTEXT('2D SPACE',''
  ) );
#2351 = ORIENTED_EDGE('',*,*,#2352,.F.);
#2352 = EDGE_CURVE('',#2353,#2327,#2355,.T.);
#2353 = VERTEX_POINT('',#2354);
#2354 = CARTESIAN_POINT('',(9.54,9.54,1.));
#2355 = SURFACE_CURVE('',#2356,(#2360,#2366),.PCURVE_S1.);
#2356 = LINE('',#2357,#2358);
#2357 = CARTESIAN_POINT('',(0.5,9.54,1.));
#2358 = VECTOR('',#2359,1.);
#2359 = DIRECTION('',(-1.,-0.,0.));
#2360 = PCURVE('',#32,#2361);
#2361 = DEFINITIONAL_REPRESENTATION('',(#2362),#2365);
#2362 = B_SPLINE_CURVE_WITH_KNOTS('',1,(#2363,#2364),.UNSPECIFIED.,.F.,
  .F.,(2,2),(-9.04,-7.74),.PIECEWISE_BEZIER_KNOTS.);
#2363 = CARTESIAN_POINT('',(16.78,33.67));
#2364 = CARTESIAN_POINT('',(15.48,33.67));
#2365 = ( GEOMETRIC_REPRESENTATION_CONTEXT(2) 
PARAMETRIC_REPRESENTATION_CONTEXT() REPRESENTATION_CONTEXT('2D SPACE',''
  ) );
#2366 = PCURVE('',#2367,#2372);
#2367 = PLANE('',#2368);
#2368 = AXIS2_PLACEMENT_3D('',#2369,#2370,#2371);
#2369 = CARTESIAN_POINT('',(8.24,9.54,-1.));
#2370 = DIRECTION('',(-0.,1.,0.));
#2371 = DIRECTION('',(0.,0.,1.));
#2372 = DEFINITIONAL_REPRESENTATION('',(#2373),#2376);
#2373 = B_SPLINE_CURVE_WITH_KNOTS('',1,(#2374,#2375),.UNSPECIFIED.,.F.,
  .F.,(2,2),(-9.04,-7.74),.PIECEWISE_BEZIER_KNOTS.);
#2374 = CARTESIAN_POINT('',(2.,1.3));
#2375 = CARTESIAN_POINT('',(2.,0.));
#2376 = ( GEOMETRIC_REPRESENTATION_CONTEXT(2) 
PARAMETRIC_REPRESENTATION_CONTEXT() REPRESENTATION_CONTEXT('2D SPACE',''
  ) );
#2377 = ORIENTED_EDGE('',*,*,#2378,.F.);
#2378 = EDGE_CURVE('',#2299,#2353,#2379,.T.);
#2379 = SURFACE_CURVE('',#2380,(#2384,#2390),.PCURVE_S1.);
#2380 = LINE('',#2381,#2382);
#2381 = CARTESIAN_POINT('',(9.54,-7.945,1.));
#2382 = VECTOR('',#2383,1.);
#2383 = DIRECTION('',(-0.,1.,0.));
#2384 = PCURVE('',#32,#2385);
#2385 = DEFINITIONAL_REPRESENTATION('',(#2386),#2389);
#2386 = B_SPLINE_CURVE_WITH_KNOTS('',1,(#2387,#2388),.UNSPECIFIED.,.F.,
  .F.,(2,2),(16.185,17.485),.PIECEWISE_BEZIER_KNOTS.);
#2387 = CARTESIAN_POINT('',(16.78,32.37));
#2388 = CARTESIAN_POINT('',(16.78,33.67));
#2389 = ( GEOMETRIC_REPRESENTATION_CONTEXT(2) 
PARAMETRIC_REPRESENTATION_CONTEXT() REPRESENTATION_CONTEXT('2D SPACE',''
  ) );
#2390 = PCURVE('',#2391,#2396);
#2391 = PLANE('',#2392);
#2392 = AXIS2_PLACEMENT_3D('',#2393,#2394,#2395);
#2393 = CARTESIAN_POINT('',(9.54,8.24,-1.));
#2394 = DIRECTION('',(1.,0.,-0.));
#2395 = DIRECTION('',(0.,0.,1.));
#2396 = DEFINITIONAL_REPRESENTATION('',(#2397),#2400);
#2397 = B_SPLINE_CURVE_WITH_KNOTS('',1,(#2398,#2399),.UNSPECIFIED.,.F.,
  .F.,(2,2),(16.185,17.485),.PIECEWISE_BEZIER_KNOTS.);
#2398 = CARTESIAN_POINT('',(2.,0.));
#2399 = CARTESIAN_POINT('',(2.,-1.3));
#2400 = ( GEOMETRIC_REPRESENTATION_CONTEXT(2) 
PARAMETRIC_REPRESENTATION_CONTEXT() REPRESENTATION_CONTEXT('2D SPACE',''
  ) );
#2401 = FACE_BOUND('',#2402,.T.);
#2402 = EDGE_LOOP('',(#2403,#2431,#2457,#2483));
#2403 = ORIENTED_EDGE('',*,*,#2404,.T.);
#2404 = EDGE_CURVE('',#2405,#2407,#2409,.T.);
#2405 = VERTEX_POINT('',#2406);
#2406 = CARTESIAN_POINT('',(9.54,10.78,1.));
#2407 = VERTEX_POINT('',#2408);
#2408 = CARTESIAN_POINT('',(8.24,10.78,1.));
#2409 = SURFACE_CURVE('',#2410,(#2414,#2420),.PCURVE_S1.);
#2410 = LINE('',#2411,#2412);
#2411 = CARTESIAN_POINT('',(0.5,10.78,1.));
#2412 = VECTOR('',#2413,1.);
#2413 = DIRECTION('',(-1.,-0.,0.));
#2414 = PCURVE('',#32,#2415);
#2415 = DEFINITIONAL_REPRESENTATION('',(#2416),#2419);
#2416 = B_SPLINE_CURVE_WITH_KNOTS('',1,(#2417,#2418),.UNSPECIFIED.,.F.,
  .F.,(2,2),(-9.04,-7.74),.PIECEWISE_BEZIER_KNOTS.);
#2417 = CARTESIAN_POINT('',(16.78,34.91));
#2418 = CARTESIAN_POINT('',(15.48,34.91));
#2419 = ( GEOMETRIC_REPRESENTATION_CONTEXT(2) 
PARAMETRIC_REPRESENTATION_CONTEXT() REPRESENTATION_CONTEXT('2D SPACE',''
  ) );
#2420 = PCURVE('',#2421,#2426);
#2421 = PLANE('',#2422);
#2422 = AXIS2_PLACEMENT_3D('',#2423,#2424,#2425);
#2423 = CARTESIAN_POINT('',(8.24,10.78,-1.));
#2424 = DIRECTION('',(-0.,1.,0.));
#2425 = DIRECTION('',(0.,0.,1.));
#2426 = DEFINITIONAL_REPRESENTATION('',(#2427),#2430);
#2427 = B_SPLINE_CURVE_WITH_KNOTS('',1,(#2428,#2429),.UNSPECIFIED.,.F.,
  .F.,(2,2),(-9.04,-7.74),.PIECEWISE_BEZIER_KNOTS.);
#2428 = CARTESIAN_POINT('',(2.,1.3));
#2429 = CARTESIAN_POINT('',(2.,0.));
#2430 = ( GEOMETRIC_REPRESENTATION_CONTEXT(2) 
PARAMETRIC_REPRESENTATION_CONTEXT() REPRESENTATION_CONTEXT('2D SPACE',''
  ) );
#2431 = ORIENTED_EDGE('',*,*,#2432,.T.);
#2432 = EDGE_CURVE('',#2407,#2433,#2435,.T.);
#2433 = VERTEX_POINT('',#2434);
#2434 = CARTESIAN_POINT('',(8.24,12.08,1.));
#2435 = SURFACE_CURVE('',#2436,(#2440,#2446),.PCURVE_S1.);
#2436 = LINE('',#2437,#2438);
#2437 = CARTESIAN_POINT('',(8.24,-6.675,1.));
#2438 = VECTOR('',#2439,1.);
#2439 = DIRECTION('',(-0.,1.,0.));
#2440 = PCURVE('',#32,#2441);
#2441 = DEFINITIONAL_REPRESENTATION('',(#2442),#2445);
#2442 = B_SPLINE_CURVE_WITH_KNOTS('',1,(#2443,#2444),.UNSPECIFIED.,.F.,
  .F.,(2,2),(17.455,18.755),.PIECEWISE_BEZIER_KNOTS.);
#2443 = CARTESIAN_POINT('',(15.48,34.91));
#2444 = CARTESIAN_POINT('',(15.48,36.21));
#2445 = ( GEOMETRIC_REPRESENTATION_CONTEXT(2) 
PARAMETRIC_REPRESENTATION_CONTEXT() REPRESENTATION_CONTEXT('2D SPACE',''
  ) );
#2446 = PCURVE('',#2447,#2452);
#2447 = PLANE('',#2448);
#2448 = AXIS2_PLACEMENT_3D('',#2449,#2450,#2451);
#2449 = CARTESIAN_POINT('',(8.24,10.78,-1.));
#2450 = DIRECTION('',(1.,0.,-0.));
#2451 = DIRECTION('',(0.,0.,1.));
#2452 = DEFINITIONAL_REPRESENTATION('',(#2453),#2456);
#2453 = B_SPLINE_CURVE_WITH_KNOTS('',1,(#2454,#2455),.UNSPECIFIED.,.F.,
  .F.,(2,2),(17.455,18.755),.PIECEWISE_BEZIER_KNOTS.);
#2454 = CARTESIAN_POINT('',(2.,0.));
#2455 = CARTESIAN_POINT('',(2.,-1.3));
#2456 = ( GEOMETRIC_REPRESENTATION_CONTEXT(2) 
PARAMETRIC_REPRESENTATION_CONTEXT() REPRESENTATION_CONTEXT('2D SPACE',''
  ) );
#2457 = ORIENTED_EDGE('',*,*,#2458,.F.);
#2458 = EDGE_CURVE('',#2459,#2433,#2461,.T.);
#2459 = VERTEX_POINT('',#2460);
#2460 = CARTESIAN_POINT('',(9.54,12.08,1.));
#2461 = SURFACE_CURVE('',#2462,(#2466,#2472),.PCURVE_S1.);
#2462 = LINE('',#2463,#2464);
#2463 = CARTESIAN_POINT('',(0.5,12.08,1.));
#2464 = VECTOR('',#2465,1.);
#2465 = DIRECTION('',(-1.,-0.,0.));
#2466 = PCURVE('',#32,#2467);
#2467 = DEFINITIONAL_REPRESENTATION('',(#2468),#2471);
#2468 = B_SPLINE_CURVE_WITH_KNOTS('',1,(#2469,#2470),.UNSPECIFIED.,.F.,
  .F.,(2,2),(-9.04,-7.74),.PIECEWISE_BEZIER_KNOTS.);
#2469 = CARTESIAN_POINT('',(16.78,36.21));
#2470 = CARTESIAN_POINT('',(15.48,36.21));
#2471 = ( GEOMETRIC_REPRESENTATION_CONTEXT(2) 
PARAMETRIC_REPRESENTATION_CONTEXT() REPRESENTATION_CONTEXT('2D SPACE',''
  ) );
#2472 = PCURVE('',#2473,#2478);
#2473 = PLANE('',#2474);
#2474 = AXIS2_PLACEMENT_3D('',#2475,#2476,#2477);
#2475 = CARTESIAN_POINT('',(8.24,12.08,-1.));
#2476 = DIRECTION('',(-0.,1.,0.));
#2477 = DIRECTION('',(0.,0.,1.));
#2478 = DEFINITIONAL_REPRESENTATION('',(#2479),#2482);
#2479 = B_SPLINE_CURVE_WITH_KNOTS('',1,(#2480,#2481),.UNSPECIFIED.,.F.,
  .F.,(2,2),(-9.04,-7.74),.PIECEWISE_BEZIER_KNOTS.);
#2480 = CARTESIAN_POINT('',(2.,1.3));
#2481 = CARTESIAN_POINT('',(2.,0.));
#2482 = ( GEOMETRIC_REPRESENTATION_CONTEXT(2) 
PARAMETRIC_REPRESENTATION_CONTEXT() REPRESENTATION_CONTEXT('2D SPACE',''
  ) );
#2483 = ORIENTED_EDGE('',*,*,#2484,.F.);
#2484 = EDGE_CURVE('',#2405,#2459,#2485,.T.);
#2485 = SURFACE_CURVE('',#2486,(#2490,#2496),.PCURVE_S1.);
#2486 = LINE('',#2487,#2488);
#2487 = CARTESIAN_POINT('',(9.54,-6.675,1.));
#2488 = VECTOR('',#2489,1.);
#2489 = DIRECTION('',(-0.,1.,0.));
#2490 = PCURVE('',#32,#2491);
#2491 = DEFINITIONAL_REPRESENTATION('',(#2492),#2495);
#2492 = B_SPLINE_CURVE_WITH_KNOTS('',1,(#2493,#2494),.UNSPECIFIED.,.F.,
  .F.,(2,2),(17.455,18.755),.PIECEWISE_BEZIER_KNOTS.);
#2493 = CARTESIAN_POINT('',(16.78,34.91));
#2494 = CARTESIAN_POINT('',(16.78,36.21));
#2495 = ( GEOMETRIC_REPRESENTATION_CONTEXT(2) 
PARAMETRIC_REPRESENTATION_CONTEXT() REPRESENTATION_CONTEXT('2D SPACE',''
  ) );
#2496 = PCURVE('',#2497,#2502);
#2497 = PLANE('',#2498);
#2498 = AXIS2_PLACEMENT_3D('',#2499,#2500,#2501);
#2499 = CARTESIAN_POINT('',(9.54,10.78,-1.));
#2500 = DIRECTION('',(1.,0.,-0.));
#2501 = DIRECTION('',(0.,0.,1.));
#2502 = DEFINITIONAL_REPRESENTATION('',(#2503),#2506);
#2503 = B_SPLINE_CURVE_WITH_KNOTS('',1,(#2504,#2505),.UNSPECIFIED.,.F.,
  .F.,(2,2),(17.455,18.755),.PIECEWISE_BEZIER_KNOTS.);
#2504 = CARTESIAN_POINT('',(2.,0.));
#2505 = CARTESIAN_POINT('',(2.,-1.3));
#2506 = ( GEOMETRIC_REPRESENTATION_CONTEXT(2) 
PARAMETRIC_REPRESENTATION_CONTEXT() REPRESENTATION_CONTEXT('2D SPACE',''
  ) );
#2507 = FACE_BOUND('',#2508,.T.);
#2508 = EDGE_LOOP('',(#2509,#2537,#2563));
#2509 = ORIENTED_EDGE('',*,*,#2510,.T.);
#2510 = EDGE_CURVE('',#2511,#2513,#2515,.T.);
#2511 = VERTEX_POINT('',#2512);
#2512 = CARTESIAN_POINT('',(0.,20.13,1.));
#2513 = VERTEX_POINT('',#2514);
#2514 = CARTESIAN_POINT('',(1.5,17.13,1.));
#2515 = SURFACE_CURVE('',#2516,(#2520,#2526),.PCURVE_S1.);
#2516 = LINE('',#2517,#2518);
#2517 = CARTESIAN_POINT('',(8.878,2.374,1.));
#2518 = VECTOR('',#2519,1.);
#2519 = DIRECTION('',(0.4472135955,-0.894427191,0.));
#2520 = PCURVE('',#32,#2521);
#2521 = DEFINITIONAL_REPRESENTATION('',(#2522),#2525);
#2522 = B_SPLINE_CURVE_WITH_KNOTS('',1,(#2523,#2524),.UNSPECIFIED.,.F.,
  .F.,(2,2),(-19.85181150424,-16.49770953799),.PIECEWISE_BEZIER_KNOTS.);
#2523 = CARTESIAN_POINT('',(7.24,44.26));
#2524 = CARTESIAN_POINT('',(8.74,41.26));
#2525 = ( GEOMETRIC_REPRESENTATION_CONTEXT(2) 
PARAMETRIC_REPRESENTATION_CONTEXT() REPRESENTATION_CONTEXT('2D SPACE',''
  ) );
#2526 = PCURVE('',#2527,#2532);
#2527 = PLANE('',#2528);
#2528 = AXIS2_PLACEMENT_3D('',#2529,#2530,#2531);
#2529 = CARTESIAN_POINT('',(1.5,17.13,0.7));
#2530 = DIRECTION('',(-0.894427191,-0.4472135955,0.));
#2531 = DIRECTION('',(-0.4472135955,0.894427191,0.));
#2532 = DEFINITIONAL_REPRESENTATION('',(#2533),#2536);
#2533 = B_SPLINE_CURVE_WITH_KNOTS('',1,(#2534,#2535),.UNSPECIFIED.,.F.,
  .F.,(2,2),(-19.85181150424,-16.49770953799),.PIECEWISE_BEZIER_KNOTS.);
#2534 = CARTESIAN_POINT('',(3.35410196625,-0.3));
#2535 = CARTESIAN_POINT('',(0.,-0.3));
#2536 = ( GEOMETRIC_REPRESENTATION_CONTEXT(2) 
PARAMETRIC_REPRESENTATION_CONTEXT() REPRESENTATION_CONTEXT('2D SPACE',''
  ) );
#2537 = ORIENTED_EDGE('',*,*,#2538,.T.);
#2538 = EDGE_CURVE('',#2513,#2539,#2541,.T.);
#2539 = VERTEX_POINT('',#2540);
#2540 = CARTESIAN_POINT('',(-1.5,17.13,1.));
#2541 = SURFACE_CURVE('',#2542,(#2546,#2552),.PCURVE_S1.);
#2542 = LINE('',#2543,#2544);
#2543 = CARTESIAN_POINT('',(-4.37,17.13,1.));
#2544 = VECTOR('',#2545,1.);
#2545 = DIRECTION('',(-1.,0.,0.));
#2546 = PCURVE('',#32,#2547);
#2547 = DEFINITIONAL_REPRESENTATION('',(#2548),#2551);
#2548 = B_SPLINE_CURVE_WITH_KNOTS('',1,(#2549,#2550),.UNSPECIFIED.,.F.,
  .F.,(2,2),(-5.87,-2.87),.PIECEWISE_BEZIER_KNOTS.);
#2549 = CARTESIAN_POINT('',(8.74,41.26));
#2550 = CARTESIAN_POINT('',(5.74,41.26));
#2551 = ( GEOMETRIC_REPRESENTATION_CONTEXT(2) 
PARAMETRIC_REPRESENTATION_CONTEXT() REPRESENTATION_CONTEXT('2D SPACE',''
  ) );
#2552 = PCURVE('',#2553,#2558);
#2553 = PLANE('',#2554);
#2554 = AXIS2_PLACEMENT_3D('',#2555,#2556,#2557);
#2555 = CARTESIAN_POINT('',(-1.5,17.13,0.7));
#2556 = DIRECTION('',(0.,1.,0.));
#2557 = DIRECTION('',(1.,0.,0.));
#2558 = DEFINITIONAL_REPRESENTATION('',(#2559),#2562);
#2559 = B_SPLINE_CURVE_WITH_KNOTS('',1,(#2560,#2561),.UNSPECIFIED.,.F.,
  .F.,(2,2),(-5.87,-2.87),.PIECEWISE_BEZIER_KNOTS.);
#2560 = CARTESIAN_POINT('',(3.,-0.3));
#2561 = CARTESIAN_POINT('',(0.,-0.3));
#2562 = ( GEOMETRIC_REPRESENTATION_CONTEXT(2) 
PARAMETRIC_REPRESENTATION_CONTEXT() REPRESENTATION_CONTEXT('2D SPACE',''
  ) );
#2563 = ORIENTED_EDGE('',*,*,#2564,.T.);
#2564 = EDGE_CURVE('',#2539,#2511,#2565,.T.);
#2565 = SURFACE_CURVE('',#2566,(#2570,#2576),.PCURVE_S1.);
#2566 = LINE('',#2567,#2568);
#2567 = CARTESIAN_POINT('',(-9.576,0.978,1.));
#2568 = VECTOR('',#2569,1.);
#2569 = DIRECTION('',(0.4472135955,0.894427191,-0.));
#2570 = PCURVE('',#32,#2571);
#2571 = DEFINITIONAL_REPRESENTATION('',(#2572),#2575);
#2572 = B_SPLINE_CURVE_WITH_KNOTS('',1,(#2573,#2574),.UNSPECIFIED.,.F.,
  .F.,(2,2),(18.058484986288,21.412586952538),.PIECEWISE_BEZIER_KNOTS.);
#2573 = CARTESIAN_POINT('',(5.74,41.26));
#2574 = CARTESIAN_POINT('',(7.24,44.26));
#2575 = ( GEOMETRIC_REPRESENTATION_CONTEXT(2) 
PARAMETRIC_REPRESENTATION_CONTEXT() REPRESENTATION_CONTEXT('2D SPACE',''
  ) );
#2576 = PCURVE('',#2577,#2582);
#2577 = PLANE('',#2578);
#2578 = AXIS2_PLACEMENT_3D('',#2579,#2580,#2581);
#2579 = CARTESIAN_POINT('',(0.,20.13,0.7));
#2580 = DIRECTION('',(0.894427191,-0.4472135955,0.));
#2581 = DIRECTION('',(-0.4472135955,-0.894427191,0.));
#2582 = DEFINITIONAL_REPRESENTATION('',(#2583),#2586);
#2583 = B_SPLINE_CURVE_WITH_KNOTS('',1,(#2584,#2585),.UNSPECIFIED.,.F.,
  .F.,(2,2),(18.058484986288,21.412586952538),.PIECEWISE_BEZIER_KNOTS.);
#2584 = CARTESIAN_POINT('',(3.35410196625,-0.3));
#2585 = CARTESIAN_POINT('',(0.,-0.3));
#2586 = ( GEOMETRIC_REPRESENTATION_CONTEXT(2) 
PARAMETRIC_REPRESENTATION_CONTEXT() REPRESENTATION_CONTEXT('2D SPACE',''
  ) );
#2587 = FACE_BOUND('',#2588,.T.);
#2588 = EDGE_LOOP('',(#2589));
#2589 = ORIENTED_EDGE('',*,*,#2590,.F.);
#2590 = EDGE_CURVE('',#2591,#2591,#2593,.T.);
#2591 = VERTEX_POINT('',#2592);
#2592 = CARTESIAN_POINT('',(6.74,23.13,1.));
#2593 = SURFACE_CURVE('',#2594,(#2599,#2606),.PCURVE_S1.);
#2594 = CIRCLE('',#2595,0.5);
#2595 = AXIS2_PLACEMENT_3D('',#2596,#2597,#2598);
#2596 = CARTESIAN_POINT('',(6.24,23.13,1.));
#2597 = DIRECTION('',(0.,0.,1.));
#2598 = DIRECTION('',(1.,0.,-0.));
#2599 = PCURVE('',#32,#2600);
#2600 = DEFINITIONAL_REPRESENTATION('',(#2601),#2605);
#2601 = CIRCLE('',#2602,0.5);
#2602 = AXIS2_PLACEMENT_2D('',#2603,#2604);
#2603 = CARTESIAN_POINT('',(13.48,47.26));
#2604 = DIRECTION('',(1.,0.));
#2605 = ( GEOMETRIC_REPRESENTATION_CONTEXT(2) 
PARAMETRIC_REPRESENTATION_CONTEXT() REPRESENTATION_CONTEXT('2D SPACE',''
  ) );
#2606 = PCURVE('',#2607,#2612);
#2607 = CYLINDRICAL_SURFACE('',#2608,0.5);
#2608 = AXIS2_PLACEMENT_3D('',#2609,#2610,#2611);
#2609 = CARTESIAN_POINT('',(6.24,23.13,0.7));
#2610 = DIRECTION('',(0.,0.,1.));
#2611 = DIRECTION('',(1.,0.,-0.));
#2612 = DEFINITIONAL_REPRESENTATION('',(#2613),#2617);
#2613 = LINE('',#2614,#2615);
#2614 = CARTESIAN_POINT('',(0.,0.3));
#2615 = VECTOR('',#2616,1.);
#2616 = DIRECTION('',(1.,0.));
#2617 = ( GEOMETRIC_REPRESENTATION_CONTEXT(2) 
PARAMETRIC_REPRESENTATION_CONTEXT() REPRESENTATION_CONTEXT('2D SPACE',''
  ) );
#2618 = FACE_BOUND('',#2619,.T.);
#2619 = EDGE_LOOP('',(#2620,#2648,#2674,#2700));
#2620 = ORIENTED_EDGE('',*,*,#2621,.T.);
#2621 = EDGE_CURVE('',#2622,#2624,#2626,.T.);
#2622 = VERTEX_POINT('',#2623);
#2623 = CARTESIAN_POINT('',(9.54,23.48,1.));
#2624 = VERTEX_POINT('',#2625);
#2625 = CARTESIAN_POINT('',(8.24,23.48,1.));
#2626 = SURFACE_CURVE('',#2627,(#2631,#2637),.PCURVE_S1.);
#2627 = LINE('',#2628,#2629);
#2628 = CARTESIAN_POINT('',(0.5,23.48,1.));
#2629 = VECTOR('',#2630,1.);
#2630 = DIRECTION('',(-1.,-0.,0.));
#2631 = PCURVE('',#32,#2632);
#2632 = DEFINITIONAL_REPRESENTATION('',(#2633),#2636);
#2633 = B_SPLINE_CURVE_WITH_KNOTS('',1,(#2634,#2635),.UNSPECIFIED.,.F.,
  .F.,(2,2),(-9.04,-7.74),.PIECEWISE_BEZIER_KNOTS.);
#2634 = CARTESIAN_POINT('',(16.78,47.61));
#2635 = CARTESIAN_POINT('',(15.48,47.61));
#2636 = ( GEOMETRIC_REPRESENTATION_CONTEXT(2) 
PARAMETRIC_REPRESENTATION_CONTEXT() REPRESENTATION_CONTEXT('2D SPACE',''
  ) );
#2637 = PCURVE('',#2638,#2643);
#2638 = PLANE('',#2639);
#2639 = AXIS2_PLACEMENT_3D('',#2640,#2641,#2642);
#2640 = CARTESIAN_POINT('',(8.24,23.48,-1.));
#2641 = DIRECTION('',(-0.,1.,0.));
#2642 = DIRECTION('',(0.,0.,1.));
#2643 = DEFINITIONAL_REPRESENTATION('',(#2644),#2647);
#2644 = B_SPLINE_CURVE_WITH_KNOTS('',1,(#2645,#2646),.UNSPECIFIED.,.F.,
  .F.,(2,2),(-9.04,-7.74),.PIECEWISE_BEZIER_KNOTS.);
#2645 = CARTESIAN_POINT('',(2.,1.3));
#2646 = CARTESIAN_POINT('',(2.,0.));
#2647 = ( GEOMETRIC_REPRESENTATION_CONTEXT(2) 
PARAMETRIC_REPRESENTATION_CONTEXT() REPRESENTATION_CONTEXT('2D SPACE',''
  ) );
#2648 = ORIENTED_EDGE('',*,*,#2649,.T.);
#2649 = EDGE_CURVE('',#2624,#2650,#2652,.T.);
#2650 = VERTEX_POINT('',#2651);
#2651 = CARTESIAN_POINT('',(8.24,24.78,1.));
#2652 = SURFACE_CURVE('',#2653,(#2657,#2663),.PCURVE_S1.);
#2653 = LINE('',#2654,#2655);
#2654 = CARTESIAN_POINT('',(8.24,-0.325,1.));
#2655 = VECTOR('',#2656,1.);
#2656 = DIRECTION('',(-0.,1.,0.));
#2657 = PCURVE('',#32,#2658);
#2658 = DEFINITIONAL_REPRESENTATION('',(#2659),#2662);
#2659 = B_SPLINE_CURVE_WITH_KNOTS('',1,(#2660,#2661),.UNSPECIFIED.,.F.,
  .F.,(2,2),(23.805,25.105),.PIECEWISE_BEZIER_KNOTS.);
#2660 = CARTESIAN_POINT('',(15.48,47.61));
#2661 = CARTESIAN_POINT('',(15.48,48.91));
#2662 = ( GEOMETRIC_REPRESENTATION_CONTEXT(2) 
PARAMETRIC_REPRESENTATION_CONTEXT() REPRESENTATION_CONTEXT('2D SPACE',''
  ) );
#2663 = PCURVE('',#2664,#2669);
#2664 = PLANE('',#2665);
#2665 = AXIS2_PLACEMENT_3D('',#2666,#2667,#2668);
#2666 = CARTESIAN_POINT('',(8.24,23.48,-1.));
#2667 = DIRECTION('',(1.,0.,-0.));
#2668 = DIRECTION('',(0.,0.,1.));
#2669 = DEFINITIONAL_REPRESENTATION('',(#2670),#2673);
#2670 = B_SPLINE_CURVE_WITH_KNOTS('',1,(#2671,#2672),.UNSPECIFIED.,.F.,
  .F.,(2,2),(23.805,25.105),.PIECEWISE_BEZIER_KNOTS.);
#2671 = CARTESIAN_POINT('',(2.,0.));
#2672 = CARTESIAN_POINT('',(2.,-1.3));
#2673 = ( GEOMETRIC_REPRESENTATION_CONTEXT(2) 
PARAMETRIC_REPRESENTATION_CONTEXT() REPRESENTATION_CONTEXT('2D SPACE',''
  ) );
#2674 = ORIENTED_EDGE('',*,*,#2675,.F.);
#2675 = EDGE_CURVE('',#2676,#2650,#2678,.T.);
#2676 = VERTEX_POINT('',#2677);
#2677 = CARTESIAN_POINT('',(9.54,24.78,1.));
#2678 = SURFACE_CURVE('',#2679,(#2683,#2689),.PCURVE_S1.);
#2679 = LINE('',#2680,#2681);
#2680 = CARTESIAN_POINT('',(0.5,24.78,1.));
#2681 = VECTOR('',#2682,1.);
#2682 = DIRECTION('',(-1.,-0.,0.));
#2683 = PCURVE('',#32,#2684);
#2684 = DEFINITIONAL_REPRESENTATION('',(#2685),#2688);
#2685 = B_SPLINE_CURVE_WITH_KNOTS('',1,(#2686,#2687),.UNSPECIFIED.,.F.,
  .F.,(2,2),(-9.04,-7.74),.PIECEWISE_BEZIER_KNOTS.);
#2686 = CARTESIAN_POINT('',(16.78,48.91));
#2687 = CARTESIAN_POINT('',(15.48,48.91));
#2688 = ( GEOMETRIC_REPRESENTATION_CONTEXT(2) 
PARAMETRIC_REPRESENTATION_CONTEXT() REPRESENTATION_CONTEXT('2D SPACE',''
  ) );
#2689 = PCURVE('',#2690,#2695);
#2690 = PLANE('',#2691);
#2691 = AXIS2_PLACEMENT_3D('',#2692,#2693,#2694);
#2692 = CARTESIAN_POINT('',(8.24,24.78,-1.));
#2693 = DIRECTION('',(-0.,1.,0.));
#2694 = DIRECTION('',(0.,0.,1.));
#2695 = DEFINITIONAL_REPRESENTATION('',(#2696),#2699);
#2696 = B_SPLINE_CURVE_WITH_KNOTS('',1,(#2697,#2698),.UNSPECIFIED.,.F.,
  .F.,(2,2),(-9.04,-7.74),.PIECEWISE_BEZIER_KNOTS.);
#2697 = CARTESIAN_POINT('',(2.,1.3));
#2698 = CARTESIAN_POINT('',(2.,0.));
#2699 = ( GEOMETRIC_REPRESENTATION_CONTEXT(2) 
PARAMETRIC_REPRESENTATION_CONTEXT() REPRESENTATION_CONTEXT('2D SPACE',''
  ) );
#2700 = ORIENTED_EDGE('',*,*,#2701,.F.);
#2701 = EDGE_CURVE('',#2622,#2676,#2702,.T.);
#2702 = SURFACE_CURVE('',#2703,(#2707,#2713),.PCURVE_S1.);
#2703 = LINE('',#2704,#2705);
#2704 = CARTESIAN_POINT('',(9.54,-0.325,1.));
#2705 = VECTOR('',#2706,1.);
#2706 = DIRECTION('',(-0.,1.,0.));
#2707 = PCURVE('',#32,#2708);
#2708 = DEFINITIONAL_REPRESENTATION('',(#2709),#2712);
#2709 = B_SPLINE_CURVE_WITH_KNOTS('',1,(#2710,#2711),.UNSPECIFIED.,.F.,
  .F.,(2,2),(23.805,25.105),.PIECEWISE_BEZIER_KNOTS.);
#2710 = CARTESIAN_POINT('',(16.78,47.61));
#2711 = CARTESIAN_POINT('',(16.78,48.91));
#2712 = ( GEOMETRIC_REPRESENTATION_CONTEXT(2) 
PARAMETRIC_REPRESENTATION_CONTEXT() REPRESENTATION_CONTEXT('2D SPACE',''
  ) );
#2713 = PCURVE('',#2714,#2719);
#2714 = PLANE('',#2715);
#2715 = AXIS2_PLACEMENT_3D('',#2716,#2717,#2718);
#2716 = CARTESIAN_POINT('',(9.54,23.48,-1.));
#2717 = DIRECTION('',(1.,0.,-0.));
#2718 = DIRECTION('',(0.,0.,1.));
#2719 = DEFINITIONAL_REPRESENTATION('',(#2720),#2723);
#2720 = B_SPLINE_CURVE_WITH_KNOTS('',1,(#2721,#2722),.UNSPECIFIED.,.F.,
  .F.,(2,2),(23.805,25.105),.PIECEWISE_BEZIER_KNOTS.);
#2721 = CARTESIAN_POINT('',(2.,0.));
#2722 = CARTESIAN_POINT('',(2.,-1.3));
#2723 = ( GEOMETRIC_REPRESENTATION_CONTEXT(2) 
PARAMETRIC_REPRESENTATION_CONTEXT() REPRESENTATION_CONTEXT('2D SPACE',''
  ) );
#2724 = ADVANCED_FACE('',(#2725),#44,.T.);
#2725 = FACE_BOUND('',#2726,.T.);
#2726 = EDGE_LOOP('',(#2727,#2757,#2778,#2779));
#2727 = ORIENTED_EDGE('',*,*,#2728,.F.);
#2728 = EDGE_CURVE('',#2729,#2731,#2733,.T.);
#2729 = VERTEX_POINT('',#2730);
#2730 = CARTESIAN_POINT('',(-9.54,15.62,0.));
#2731 = VERTEX_POINT('',#2732);
#2732 = CARTESIAN_POINT('',(-8.04,15.62,0.));
#2733 = SURFACE_CURVE('',#2734,(#2738,#2745),.PCURVE_S1.);
#2734 = LINE('',#2735,#2736);
#2735 = CARTESIAN_POINT('',(-10.54,15.62,0.));
#2736 = VECTOR('',#2737,1.);
#2737 = DIRECTION('',(1.,0.,-0.));
#2738 = PCURVE('',#44,#2739);
#2739 = DEFINITIONAL_REPRESENTATION('',(#2740),#2744);
#2740 = LINE('',#2741,#2742);
#2741 = CARTESIAN_POINT('',(0.,0.));
#2742 = VECTOR('',#2743,1.);
#2743 = DIRECTION('',(0.,1.));
#2744 = ( GEOMETRIC_REPRESENTATION_CONTEXT(2) 
PARAMETRIC_REPRESENTATION_CONTEXT() REPRESENTATION_CONTEXT('2D SPACE',''
  ) );
#2745 = PCURVE('',#2746,#2751);
#2746 = PLANE('',#2747);
#2747 = AXIS2_PLACEMENT_3D('',#2748,#2749,#2750);
#2748 = CARTESIAN_POINT('',(-7.24,-24.13,0.));
#2749 = DIRECTION('',(0.,0.,1.));
#2750 = DIRECTION('',(1.,0.,-0.));
#2751 = DEFINITIONAL_REPRESENTATION('',(#2752),#2756);
#2752 = LINE('',#2753,#2754);
#2753 = CARTESIAN_POINT('',(-3.3,39.75));
#2754 = VECTOR('',#2755,1.);
#2755 = DIRECTION('',(1.,0.));
#2756 = ( GEOMETRIC_REPRESENTATION_CONTEXT(2) 
PARAMETRIC_REPRESENTATION_CONTEXT() REPRESENTATION_CONTEXT('2D SPACE',''
  ) );
#2757 = ORIENTED_EDGE('',*,*,#2758,.T.);
#2758 = EDGE_CURVE('',#2729,#22,#2759,.T.);
#2759 = SURFACE_CURVE('',#2760,(#2764,#2771),.PCURVE_S1.);
#2760 = LINE('',#2761,#2762);
#2761 = CARTESIAN_POINT('',(-9.54,15.62,0.));
#2762 = VECTOR('',#2763,1.);
#2763 = DIRECTION('',(0.,0.,1.));
#2764 = PCURVE('',#44,#2765);
#2765 = DEFINITIONAL_REPRESENTATION('',(#2766),#2770);
#2766 = LINE('',#2767,#2768);
#2767 = CARTESIAN_POINT('',(0.,1.));
#2768 = VECTOR('',#2769,1.);
#2769 = DIRECTION('',(1.,0.));
#2770 = ( GEOMETRIC_REPRESENTATION_CONTEXT(2) 
PARAMETRIC_REPRESENTATION_CONTEXT() REPRESENTATION_CONTEXT('2D SPACE',''
  ) );
#2771 = PCURVE('',#73,#2772);
#2772 = DEFINITIONAL_REPRESENTATION('',(#2773),#2777);
#2773 = LINE('',#2774,#2775);
#2774 = CARTESIAN_POINT('',(0.,0.));
#2775 = VECTOR('',#2776,1.);
#2776 = DIRECTION('',(0.,1.));
#2777 = ( GEOMETRIC_REPRESENTATION_CONTEXT(2) 
PARAMETRIC_REPRESENTATION_CONTEXT() REPRESENTATION_CONTEXT('2D SPACE',''
  ) );
#2778 = ORIENTED_EDGE('',*,*,#21,.T.);
#2779 = ORIENTED_EDGE('',*,*,#2780,.F.);
#2780 = EDGE_CURVE('',#2731,#24,#2781,.T.);
#2781 = SURFACE_CURVE('',#2782,(#2786,#2793),.PCURVE_S1.);
#2782 = LINE('',#2783,#2784);
#2783 = CARTESIAN_POINT('',(-8.04,15.62,0.));
#2784 = VECTOR('',#2785,1.);
#2785 = DIRECTION('',(0.,0.,1.));
#2786 = PCURVE('',#44,#2787);
#2787 = DEFINITIONAL_REPRESENTATION('',(#2788),#2792);
#2788 = LINE('',#2789,#2790);
#2789 = CARTESIAN_POINT('',(0.,2.5));
#2790 = VECTOR('',#2791,1.);
#2791 = DIRECTION('',(1.,0.));
#2792 = ( GEOMETRIC_REPRESENTATION_CONTEXT(2) 
PARAMETRIC_REPRESENTATION_CONTEXT() REPRESENTATION_CONTEXT('2D SPACE',''
  ) );
#2793 = PCURVE('',#1754,#2794);
#2794 = DEFINITIONAL_REPRESENTATION('',(#2795),#2799);
#2795 = LINE('',#2796,#2797);
#2796 = CARTESIAN_POINT('',(0.,0.));
#2797 = VECTOR('',#2798,1.);
#2798 = DIRECTION('',(0.,1.));
#2799 = ( GEOMETRIC_REPRESENTATION_CONTEXT(2) 
PARAMETRIC_REPRESENTATION_CONTEXT() REPRESENTATION_CONTEXT('2D SPACE',''
  ) );
#2800 = ADVANCED_FACE('',(#2801),#1754,.F.);
#2801 = FACE_BOUND('',#2802,.F.);
#2802 = EDGE_LOOP('',(#2803,#2827,#2848,#2849));
#2803 = ORIENTED_EDGE('',*,*,#2804,.T.);
#2804 = EDGE_CURVE('',#2731,#2805,#2807,.T.);
#2805 = VERTEX_POINT('',#2806);
#2806 = CARTESIAN_POINT('',(-7.24,16.42,0.));
#2807 = SURFACE_CURVE('',#2808,(#2813,#2820),.PCURVE_S1.);
#2808 = CIRCLE('',#2809,0.8);
#2809 = AXIS2_PLACEMENT_3D('',#2810,#2811,#2812);
#2810 = CARTESIAN_POINT('',(-8.04,16.42,0.));
#2811 = DIRECTION('',(0.,0.,1.));
#2812 = DIRECTION('',(0.,-1.,0.));
#2813 = PCURVE('',#1754,#2814);
#2814 = DEFINITIONAL_REPRESENTATION('',(#2815),#2819);
#2815 = LINE('',#2816,#2817);
#2816 = CARTESIAN_POINT('',(0.,0.));
#2817 = VECTOR('',#2818,1.);
#2818 = DIRECTION('',(1.,0.));
#2819 = ( GEOMETRIC_REPRESENTATION_CONTEXT(2) 
PARAMETRIC_REPRESENTATION_CONTEXT() REPRESENTATION_CONTEXT('2D SPACE',''
  ) );
#2820 = PCURVE('',#2746,#2821);
#2821 = DEFINITIONAL_REPRESENTATION('',(#2822),#2826);
#2822 = CIRCLE('',#2823,0.8);
#2823 = AXIS2_PLACEMENT_2D('',#2824,#2825);
#2824 = CARTESIAN_POINT('',(-0.8,40.55));
#2825 = DIRECTION('',(0.,-1.));
#2826 = ( GEOMETRIC_REPRESENTATION_CONTEXT(2) 
PARAMETRIC_REPRESENTATION_CONTEXT() REPRESENTATION_CONTEXT('2D SPACE',''
  ) );
#2827 = ORIENTED_EDGE('',*,*,#2828,.T.);
#2828 = EDGE_CURVE('',#2805,#1712,#2829,.T.);
#2829 = SURFACE_CURVE('',#2830,(#2834,#2841),.PCURVE_S1.);
#2830 = LINE('',#2831,#2832);
#2831 = CARTESIAN_POINT('',(-7.24,16.42,0.));
#2832 = VECTOR('',#2833,1.);
#2833 = DIRECTION('',(0.,0.,1.));
#2834 = PCURVE('',#1754,#2835);
#2835 = DEFINITIONAL_REPRESENTATION('',(#2836),#2840);
#2836 = LINE('',#2837,#2838);
#2837 = CARTESIAN_POINT('',(1.570796326795,0.));
#2838 = VECTOR('',#2839,1.);
#2839 = DIRECTION('',(0.,1.));
#2840 = ( GEOMETRIC_REPRESENTATION_CONTEXT(2) 
PARAMETRIC_REPRESENTATION_CONTEXT() REPRESENTATION_CONTEXT('2D SPACE',''
  ) );
#2841 = PCURVE('',#1727,#2842);
#2842 = DEFINITIONAL_REPRESENTATION('',(#2843),#2847);
#2843 = LINE('',#2844,#2845);
#2844 = CARTESIAN_POINT('',(0.,-40.55));
#2845 = VECTOR('',#2846,1.);
#2846 = DIRECTION('',(1.,0.));
#2847 = ( GEOMETRIC_REPRESENTATION_CONTEXT(2) 
PARAMETRIC_REPRESENTATION_CONTEXT() REPRESENTATION_CONTEXT('2D SPACE',''
  ) );
#2848 = ORIENTED_EDGE('',*,*,#1739,.F.);
#2849 = ORIENTED_EDGE('',*,*,#2780,.F.);
#2850 = ADVANCED_FACE('',(#2851),#73,.T.);
#2851 = FACE_BOUND('',#2852,.T.);
#2852 = EDGE_LOOP('',(#2853,#2877,#2898,#2899));
#2853 = ORIENTED_EDGE('',*,*,#2854,.T.);
#2854 = EDGE_CURVE('',#2729,#2855,#2857,.T.);
#2855 = VERTEX_POINT('',#2856);
#2856 = CARTESIAN_POINT('',(-10.54,14.62,0.));
#2857 = SURFACE_CURVE('',#2858,(#2863,#2870),.PCURVE_S1.);
#2858 = CIRCLE('',#2859,1.);
#2859 = AXIS2_PLACEMENT_3D('',#2860,#2861,#2862);
#2860 = CARTESIAN_POINT('',(-9.54,14.62,0.));
#2861 = DIRECTION('',(0.,0.,1.));
#2862 = DIRECTION('',(0.,-1.,0.));
#2863 = PCURVE('',#73,#2864);
#2864 = DEFINITIONAL_REPRESENTATION('',(#2865),#2869);
#2865 = LINE('',#2866,#2867);
#2866 = CARTESIAN_POINT('',(-3.14159265359,0.));
#2867 = VECTOR('',#2868,1.);
#2868 = DIRECTION('',(1.,0.));
#2869 = ( GEOMETRIC_REPRESENTATION_CONTEXT(2) 
PARAMETRIC_REPRESENTATION_CONTEXT() REPRESENTATION_CONTEXT('2D SPACE',''
  ) );
#2870 = PCURVE('',#2746,#2871);
#2871 = DEFINITIONAL_REPRESENTATION('',(#2872),#2876);
#2872 = CIRCLE('',#2873,1.);
#2873 = AXIS2_PLACEMENT_2D('',#2874,#2875);
#2874 = CARTESIAN_POINT('',(-2.3,38.75));
#2875 = DIRECTION('',(0.,-1.));
#2876 = ( GEOMETRIC_REPRESENTATION_CONTEXT(2) 
PARAMETRIC_REPRESENTATION_CONTEXT() REPRESENTATION_CONTEXT('2D SPACE',''
  ) );
#2877 = ORIENTED_EDGE('',*,*,#2878,.T.);
#2878 = EDGE_CURVE('',#2855,#57,#2879,.T.);
#2879 = SURFACE_CURVE('',#2880,(#2884,#2891),.PCURVE_S1.);
#2880 = LINE('',#2881,#2882);
#2881 = CARTESIAN_POINT('',(-10.54,14.62,0.));
#2882 = VECTOR('',#2883,1.);
#2883 = DIRECTION('',(0.,0.,1.));
#2884 = PCURVE('',#73,#2885);
#2885 = DEFINITIONAL_REPRESENTATION('',(#2886),#2890);
#2886 = LINE('',#2887,#2888);
#2887 = CARTESIAN_POINT('',(1.570796326795,0.));
#2888 = VECTOR('',#2889,1.);
#2889 = DIRECTION('',(0.,1.));
#2890 = ( GEOMETRIC_REPRESENTATION_CONTEXT(2) 
PARAMETRIC_REPRESENTATION_CONTEXT() REPRESENTATION_CONTEXT('2D SPACE',''
  ) );
#2891 = PCURVE('',#101,#2892);
#2892 = DEFINITIONAL_REPRESENTATION('',(#2893),#2897);
#2893 = LINE('',#2894,#2895);
#2894 = CARTESIAN_POINT('',(0.,-2.3));
#2895 = VECTOR('',#2896,1.);
#2896 = DIRECTION('',(1.,0.));
#2897 = ( GEOMETRIC_REPRESENTATION_CONTEXT(2) 
PARAMETRIC_REPRESENTATION_CONTEXT() REPRESENTATION_CONTEXT('2D SPACE',''
  ) );
#2898 = ORIENTED_EDGE('',*,*,#56,.F.);
#2899 = ORIENTED_EDGE('',*,*,#2758,.F.);
#2900 = ADVANCED_FACE('',(#2901),#1727,.F.);
#2901 = FACE_BOUND('',#2902,.F.);
#2902 = EDGE_LOOP('',(#2903,#2904,#2905,#2928));
#2903 = ORIENTED_EDGE('',*,*,#1711,.F.);
#2904 = ORIENTED_EDGE('',*,*,#2828,.F.);
#2905 = ORIENTED_EDGE('',*,*,#2906,.T.);
#2906 = EDGE_CURVE('',#2805,#2907,#2909,.T.);
#2907 = VERTEX_POINT('',#2908);
#2908 = CARTESIAN_POINT('',(-7.24,16.6,0.));
#2909 = SURFACE_CURVE('',#2910,(#2914,#2921),.PCURVE_S1.);
#2910 = LINE('',#2911,#2912);
#2911 = CARTESIAN_POINT('',(-7.24,-24.13,0.));
#2912 = VECTOR('',#2913,1.);
#2913 = DIRECTION('',(-0.,1.,0.));
#2914 = PCURVE('',#1727,#2915);
#2915 = DEFINITIONAL_REPRESENTATION('',(#2916),#2920);
#2916 = LINE('',#2917,#2918);
#2917 = CARTESIAN_POINT('',(0.,0.));
#2918 = VECTOR('',#2919,1.);
#2919 = DIRECTION('',(0.,-1.));
#2920 = ( GEOMETRIC_REPRESENTATION_CONTEXT(2) 
PARAMETRIC_REPRESENTATION_CONTEXT() REPRESENTATION_CONTEXT('2D SPACE',''
  ) );
#2921 = PCURVE('',#2746,#2922);
#2922 = DEFINITIONAL_REPRESENTATION('',(#2923),#2927);
#2923 = LINE('',#2924,#2925);
#2924 = CARTESIAN_POINT('',(0.,0.));
#2925 = VECTOR('',#2926,1.);
#2926 = DIRECTION('',(0.,1.));
#2927 = ( GEOMETRIC_REPRESENTATION_CONTEXT(2) 
PARAMETRIC_REPRESENTATION_CONTEXT() REPRESENTATION_CONTEXT('2D SPACE',''
  ) );
#2928 = ORIENTED_EDGE('',*,*,#2929,.T.);
#2929 = EDGE_CURVE('',#2907,#1683,#2930,.T.);
#2930 = SURFACE_CURVE('',#2931,(#2935,#2942),.PCURVE_S1.);
#2931 = LINE('',#2932,#2933);
#2932 = CARTESIAN_POINT('',(-7.24,16.6,0.));
#2933 = VECTOR('',#2934,1.);
#2934 = DIRECTION('',(0.,0.,1.));
#2935 = PCURVE('',#1727,#2936);
#2936 = DEFINITIONAL_REPRESENTATION('',(#2937),#2941);
#2937 = LINE('',#2938,#2939);
#2938 = CARTESIAN_POINT('',(0.,-40.73));
#2939 = VECTOR('',#2940,1.);
#2940 = DIRECTION('',(1.,0.));
#2941 = ( GEOMETRIC_REPRESENTATION_CONTEXT(2) 
PARAMETRIC_REPRESENTATION_CONTEXT() REPRESENTATION_CONTEXT('2D SPACE',''
  ) );
#2942 = PCURVE('',#1699,#2943);
#2943 = DEFINITIONAL_REPRESENTATION('',(#2944),#2948);
#2944 = LINE('',#2945,#2946);
#2945 = CARTESIAN_POINT('',(0.,0.));
#2946 = VECTOR('',#2947,1.);
#2947 = DIRECTION('',(0.,1.));
#2948 = ( GEOMETRIC_REPRESENTATION_CONTEXT(2) 
PARAMETRIC_REPRESENTATION_CONTEXT() REPRESENTATION_CONTEXT('2D SPACE',''
  ) );
#2949 = ADVANCED_FACE('',(#2950),#101,.F.);
#2950 = FACE_BOUND('',#2951,.F.);
#2951 = EDGE_LOOP('',(#2952,#2953,#2976,#2997));
#2952 = ORIENTED_EDGE('',*,*,#85,.F.);
#2953 = ORIENTED_EDGE('',*,*,#2954,.F.);
#2954 = EDGE_CURVE('',#2955,#86,#2957,.T.);
#2955 = VERTEX_POINT('',#2956);
#2956 = CARTESIAN_POINT('',(-10.54,13.32,0.));
#2957 = SURFACE_CURVE('',#2958,(#2962,#2969),.PCURVE_S1.);
#2958 = LINE('',#2959,#2960);
#2959 = CARTESIAN_POINT('',(-10.54,13.32,0.));
#2960 = VECTOR('',#2961,1.);
#2961 = DIRECTION('',(0.,0.,1.));
#2962 = PCURVE('',#101,#2963);
#2963 = DEFINITIONAL_REPRESENTATION('',(#2964),#2968);
#2964 = LINE('',#2965,#2966);
#2965 = CARTESIAN_POINT('',(0.,-1.));
#2966 = VECTOR('',#2967,1.);
#2967 = DIRECTION('',(1.,0.));
#2968 = ( GEOMETRIC_REPRESENTATION_CONTEXT(2) 
PARAMETRIC_REPRESENTATION_CONTEXT() REPRESENTATION_CONTEXT('2D SPACE',''
  ) );
#2969 = PCURVE('',#134,#2970);
#2970 = DEFINITIONAL_REPRESENTATION('',(#2971),#2975);
#2971 = LINE('',#2972,#2973);
#2972 = CARTESIAN_POINT('',(-1.570796326795,0.));
#2973 = VECTOR('',#2974,1.);
#2974 = DIRECTION('',(-0.,1.));
#2975 = ( GEOMETRIC_REPRESENTATION_CONTEXT(2) 
PARAMETRIC_REPRESENTATION_CONTEXT() REPRESENTATION_CONTEXT('2D SPACE',''
  ) );
#2976 = ORIENTED_EDGE('',*,*,#2977,.T.);
#2977 = EDGE_CURVE('',#2955,#2855,#2978,.T.);
#2978 = SURFACE_CURVE('',#2979,(#2983,#2990),.PCURVE_S1.);
#2979 = LINE('',#2980,#2981);
#2980 = CARTESIAN_POINT('',(-10.54,12.32,0.));
#2981 = VECTOR('',#2982,1.);
#2982 = DIRECTION('',(-0.,1.,0.));
#2983 = PCURVE('',#101,#2984);
#2984 = DEFINITIONAL_REPRESENTATION('',(#2985),#2989);
#2985 = LINE('',#2986,#2987);
#2986 = CARTESIAN_POINT('',(0.,0.));
#2987 = VECTOR('',#2988,1.);
#2988 = DIRECTION('',(0.,-1.));
#2989 = ( GEOMETRIC_REPRESENTATION_CONTEXT(2) 
PARAMETRIC_REPRESENTATION_CONTEXT() REPRESENTATION_CONTEXT('2D SPACE',''
  ) );
#2990 = PCURVE('',#2746,#2991);
#2991 = DEFINITIONAL_REPRESENTATION('',(#2992),#2996);
#2992 = LINE('',#2993,#2994);
#2993 = CARTESIAN_POINT('',(-3.3,36.45));
#2994 = VECTOR('',#2995,1.);
#2995 = DIRECTION('',(0.,1.));
#2996 = ( GEOMETRIC_REPRESENTATION_CONTEXT(2) 
PARAMETRIC_REPRESENTATION_CONTEXT() REPRESENTATION_CONTEXT('2D SPACE',''
  ) );
#2997 = ORIENTED_EDGE('',*,*,#2878,.T.);
#2998 = ADVANCED_FACE('',(#2999),#1699,.F.);
#2999 = FACE_BOUND('',#3000,.F.);
#3000 = EDGE_LOOP('',(#3001,#3025,#3046,#3047));
#3001 = ORIENTED_EDGE('',*,*,#3002,.T.);
#3002 = EDGE_CURVE('',#2907,#3003,#3005,.T.);
#3003 = VERTEX_POINT('',#3004);
#3004 = CARTESIAN_POINT('',(-8.04,17.4,0.));
#3005 = SURFACE_CURVE('',#3006,(#3011,#3018),.PCURVE_S1.);
#3006 = CIRCLE('',#3007,0.8);
#3007 = AXIS2_PLACEMENT_3D('',#3008,#3009,#3010);
#3008 = CARTESIAN_POINT('',(-8.04,16.6,0.));
#3009 = DIRECTION('',(0.,0.,1.));
#3010 = DIRECTION('',(0.,-1.,0.));
#3011 = PCURVE('',#1699,#3012);
#3012 = DEFINITIONAL_REPRESENTATION('',(#3013),#3017);
#3013 = LINE('',#3014,#3015);
#3014 = CARTESIAN_POINT('',(-1.570796326795,0.));
#3015 = VECTOR('',#3016,1.);
#3016 = DIRECTION('',(1.,0.));
#3017 = ( GEOMETRIC_REPRESENTATION_CONTEXT(2) 
PARAMETRIC_REPRESENTATION_CONTEXT() REPRESENTATION_CONTEXT('2D SPACE',''
  ) );
#3018 = PCURVE('',#2746,#3019);
#3019 = DEFINITIONAL_REPRESENTATION('',(#3020),#3024);
#3020 = CIRCLE('',#3021,0.8);
#3021 = AXIS2_PLACEMENT_2D('',#3022,#3023);
#3022 = CARTESIAN_POINT('',(-0.8,40.73));
#3023 = DIRECTION('',(0.,-1.));
#3024 = ( GEOMETRIC_REPRESENTATION_CONTEXT(2) 
PARAMETRIC_REPRESENTATION_CONTEXT() REPRESENTATION_CONTEXT('2D SPACE',''
  ) );
#3025 = ORIENTED_EDGE('',*,*,#3026,.T.);
#3026 = EDGE_CURVE('',#3003,#1655,#3027,.T.);
#3027 = SURFACE_CURVE('',#3028,(#3032,#3039),.PCURVE_S1.);
#3028 = LINE('',#3029,#3030);
#3029 = CARTESIAN_POINT('',(-8.04,17.4,0.));
#3030 = VECTOR('',#3031,1.);
#3031 = DIRECTION('',(0.,0.,1.));
#3032 = PCURVE('',#1699,#3033);
#3033 = DEFINITIONAL_REPRESENTATION('',(#3034),#3038);
#3034 = LINE('',#3035,#3036);
#3035 = CARTESIAN_POINT('',(1.570796326795,0.));
#3036 = VECTOR('',#3037,1.);
#3037 = DIRECTION('',(0.,1.));
#3038 = ( GEOMETRIC_REPRESENTATION_CONTEXT(2) 
PARAMETRIC_REPRESENTATION_CONTEXT() REPRESENTATION_CONTEXT('2D SPACE',''
  ) );
#3039 = PCURVE('',#1670,#3040);
#3040 = DEFINITIONAL_REPRESENTATION('',(#3041),#3045);
#3041 = LINE('',#3042,#3043);
#3042 = CARTESIAN_POINT('',(0.,2.5));
#3043 = VECTOR('',#3044,1.);
#3044 = DIRECTION('',(1.,0.));
#3045 = ( GEOMETRIC_REPRESENTATION_CONTEXT(2) 
PARAMETRIC_REPRESENTATION_CONTEXT() REPRESENTATION_CONTEXT('2D SPACE',''
  ) );
#3046 = ORIENTED_EDGE('',*,*,#1682,.F.);
#3047 = ORIENTED_EDGE('',*,*,#2929,.F.);
#3048 = ADVANCED_FACE('',(#3049),#134,.T.);
#3049 = FACE_BOUND('',#3050,.F.);
#3050 = EDGE_LOOP('',(#3051,#3079,#3080,#3081));
#3051 = ORIENTED_EDGE('',*,*,#3052,.T.);
#3052 = EDGE_CURVE('',#3053,#2955,#3055,.T.);
#3053 = VERTEX_POINT('',#3054);
#3054 = CARTESIAN_POINT('',(-9.54,12.32,0.));
#3055 = SURFACE_CURVE('',#3056,(#3061,#3068),.PCURVE_S1.);
#3056 = CIRCLE('',#3057,1.);
#3057 = AXIS2_PLACEMENT_3D('',#3058,#3059,#3060);
#3058 = CARTESIAN_POINT('',(-9.54,13.32,0.));
#3059 = DIRECTION('',(-0.,-0.,-1.));
#3060 = DIRECTION('',(0.,-1.,0.));
#3061 = PCURVE('',#134,#3062);
#3062 = DEFINITIONAL_REPRESENTATION('',(#3063),#3067);
#3063 = LINE('',#3064,#3065);
#3064 = CARTESIAN_POINT('',(-0.,0.));
#3065 = VECTOR('',#3066,1.);
#3066 = DIRECTION('',(-1.,0.));
#3067 = ( GEOMETRIC_REPRESENTATION_CONTEXT(2) 
PARAMETRIC_REPRESENTATION_CONTEXT() REPRESENTATION_CONTEXT('2D SPACE',''
  ) );
#3068 = PCURVE('',#2746,#3069);
#3069 = DEFINITIONAL_REPRESENTATION('',(#3070),#3078);
#3070 = ( BOUNDED_CURVE() B_SPLINE_CURVE(2,(#3071,#3072,#3073,#3074,
#3075,#3076,#3077),.UNSPECIFIED.,.T.,.F.) B_SPLINE_CURVE_WITH_KNOTS((1,2
    ,2,2,2,1),(-2.094395102393,0.,2.094395102393,4.188790204786,
6.28318530718,8.377580409573),.UNSPECIFIED.) CURVE() 
GEOMETRIC_REPRESENTATION_ITEM() RATIONAL_B_SPLINE_CURVE((1.,0.5,1.,0.5,
1.,0.5,1.)) REPRESENTATION_ITEM('') );
#3071 = CARTESIAN_POINT('',(-2.3,36.45));
#3072 = CARTESIAN_POINT('',(-4.032050807569,36.45));
#3073 = CARTESIAN_POINT('',(-3.166025403784,37.95));
#3074 = CARTESIAN_POINT('',(-2.3,39.45));
#3075 = CARTESIAN_POINT('',(-1.433974596216,37.95));
#3076 = CARTESIAN_POINT('',(-0.567949192431,36.45));
#3077 = CARTESIAN_POINT('',(-2.3,36.45));
#3078 = ( GEOMETRIC_REPRESENTATION_CONTEXT(2) 
PARAMETRIC_REPRESENTATION_CONTEXT() REPRESENTATION_CONTEXT('2D SPACE',''
  ) );
#3079 = ORIENTED_EDGE('',*,*,#2954,.T.);
#3080 = ORIENTED_EDGE('',*,*,#113,.F.);
#3081 = ORIENTED_EDGE('',*,*,#3082,.F.);
#3082 = EDGE_CURVE('',#3053,#114,#3083,.T.);
#3083 = SURFACE_CURVE('',#3084,(#3088,#3095),.PCURVE_S1.);
#3084 = LINE('',#3085,#3086);
#3085 = CARTESIAN_POINT('',(-9.54,12.32,0.));
#3086 = VECTOR('',#3087,1.);
#3087 = DIRECTION('',(0.,0.,1.));
#3088 = PCURVE('',#134,#3089);
#3089 = DEFINITIONAL_REPRESENTATION('',(#3090),#3094);
#3090 = LINE('',#3091,#3092);
#3091 = CARTESIAN_POINT('',(-0.,0.));
#3092 = VECTOR('',#3093,1.);
#3093 = DIRECTION('',(-0.,1.));
#3094 = ( GEOMETRIC_REPRESENTATION_CONTEXT(2) 
PARAMETRIC_REPRESENTATION_CONTEXT() REPRESENTATION_CONTEXT('2D SPACE',''
  ) );
#3095 = PCURVE('',#162,#3096);
#3096 = DEFINITIONAL_REPRESENTATION('',(#3097),#3101);
#3097 = LINE('',#3098,#3099);
#3098 = CARTESIAN_POINT('',(0.,1.));
#3099 = VECTOR('',#3100,1.);
#3100 = DIRECTION('',(1.,0.));
#3101 = ( GEOMETRIC_REPRESENTATION_CONTEXT(2) 
PARAMETRIC_REPRESENTATION_CONTEXT() REPRESENTATION_CONTEXT('2D SPACE',''
  ) );
#3102 = ADVANCED_FACE('',(#3103),#1670,.F.);
#3103 = FACE_BOUND('',#3104,.F.);
#3104 = EDGE_LOOP('',(#3105,#3128,#3149,#3150));
#3105 = ORIENTED_EDGE('',*,*,#3106,.F.);
#3106 = EDGE_CURVE('',#3107,#3003,#3109,.T.);
#3107 = VERTEX_POINT('',#3108);
#3108 = CARTESIAN_POINT('',(-9.54,17.4,0.));
#3109 = SURFACE_CURVE('',#3110,(#3114,#3121),.PCURVE_S1.);
#3110 = LINE('',#3111,#3112);
#3111 = CARTESIAN_POINT('',(-10.54,17.4,0.));
#3112 = VECTOR('',#3113,1.);
#3113 = DIRECTION('',(1.,0.,-0.));
#3114 = PCURVE('',#1670,#3115);
#3115 = DEFINITIONAL_REPRESENTATION('',(#3116),#3120);
#3116 = LINE('',#3117,#3118);
#3117 = CARTESIAN_POINT('',(0.,0.));
#3118 = VECTOR('',#3119,1.);
#3119 = DIRECTION('',(0.,1.));
#3120 = ( GEOMETRIC_REPRESENTATION_CONTEXT(2) 
PARAMETRIC_REPRESENTATION_CONTEXT() REPRESENTATION_CONTEXT('2D SPACE',''
  ) );
#3121 = PCURVE('',#2746,#3122);
#3122 = DEFINITIONAL_REPRESENTATION('',(#3123),#3127);
#3123 = LINE('',#3124,#3125);
#3124 = CARTESIAN_POINT('',(-3.3,41.53));
#3125 = VECTOR('',#3126,1.);
#3126 = DIRECTION('',(1.,0.));
#3127 = ( GEOMETRIC_REPRESENTATION_CONTEXT(2) 
PARAMETRIC_REPRESENTATION_CONTEXT() REPRESENTATION_CONTEXT('2D SPACE',''
  ) );
#3128 = ORIENTED_EDGE('',*,*,#3129,.T.);
#3129 = EDGE_CURVE('',#3107,#1626,#3130,.T.);
#3130 = SURFACE_CURVE('',#3131,(#3135,#3142),.PCURVE_S1.);
#3131 = LINE('',#3132,#3133);
#3132 = CARTESIAN_POINT('',(-9.54,17.4,0.));
#3133 = VECTOR('',#3134,1.);
#3134 = DIRECTION('',(0.,0.,1.));
#3135 = PCURVE('',#1670,#3136);
#3136 = DEFINITIONAL_REPRESENTATION('',(#3137),#3141);
#3137 = LINE('',#3138,#3139);
#3138 = CARTESIAN_POINT('',(0.,1.));
#3139 = VECTOR('',#3140,1.);
#3140 = DIRECTION('',(1.,0.));
#3141 = ( GEOMETRIC_REPRESENTATION_CONTEXT(2) 
PARAMETRIC_REPRESENTATION_CONTEXT() REPRESENTATION_CONTEXT('2D SPACE',''
  ) );
#3142 = PCURVE('',#1642,#3143);
#3143 = DEFINITIONAL_REPRESENTATION('',(#3144),#3148);
#3144 = LINE('',#3145,#3146);
#3145 = CARTESIAN_POINT('',(1.570796326795,0.));
#3146 = VECTOR('',#3147,1.);
#3147 = DIRECTION('',(0.,1.));
#3148 = ( GEOMETRIC_REPRESENTATION_CONTEXT(2) 
PARAMETRIC_REPRESENTATION_CONTEXT() REPRESENTATION_CONTEXT('2D SPACE',''
  ) );
#3149 = ORIENTED_EDGE('',*,*,#1654,.T.);
#3150 = ORIENTED_EDGE('',*,*,#3026,.F.);
#3151 = ADVANCED_FACE('',(#3152),#162,.F.);
#3152 = FACE_BOUND('',#3153,.F.);
#3153 = EDGE_LOOP('',(#3154,#3177,#3178,#3179));
#3154 = ORIENTED_EDGE('',*,*,#3155,.F.);
#3155 = EDGE_CURVE('',#3053,#3156,#3158,.T.);
#3156 = VERTEX_POINT('',#3157);
#3157 = CARTESIAN_POINT('',(-8.24,12.32,0.));
#3158 = SURFACE_CURVE('',#3159,(#3163,#3170),.PCURVE_S1.);
#3159 = LINE('',#3160,#3161);
#3160 = CARTESIAN_POINT('',(-10.54,12.32,0.));
#3161 = VECTOR('',#3162,1.);
#3162 = DIRECTION('',(1.,0.,-0.));
#3163 = PCURVE('',#162,#3164);
#3164 = DEFINITIONAL_REPRESENTATION('',(#3165),#3169);
#3165 = LINE('',#3166,#3167);
#3166 = CARTESIAN_POINT('',(0.,0.));
#3167 = VECTOR('',#3168,1.);
#3168 = DIRECTION('',(0.,1.));
#3169 = ( GEOMETRIC_REPRESENTATION_CONTEXT(2) 
PARAMETRIC_REPRESENTATION_CONTEXT() REPRESENTATION_CONTEXT('2D SPACE',''
  ) );
#3170 = PCURVE('',#2746,#3171);
#3171 = DEFINITIONAL_REPRESENTATION('',(#3172),#3176);
#3172 = LINE('',#3173,#3174);
#3173 = CARTESIAN_POINT('',(-3.3,36.45));
#3174 = VECTOR('',#3175,1.);
#3175 = DIRECTION('',(1.,0.));
#3176 = ( GEOMETRIC_REPRESENTATION_CONTEXT(2) 
PARAMETRIC_REPRESENTATION_CONTEXT() REPRESENTATION_CONTEXT('2D SPACE',''
  ) );
#3177 = ORIENTED_EDGE('',*,*,#3082,.T.);
#3178 = ORIENTED_EDGE('',*,*,#146,.T.);
#3179 = ORIENTED_EDGE('',*,*,#3180,.F.);
#3180 = EDGE_CURVE('',#3156,#147,#3181,.T.);
#3181 = SURFACE_CURVE('',#3182,(#3186,#3193),.PCURVE_S1.);
#3182 = LINE('',#3183,#3184);
#3183 = CARTESIAN_POINT('',(-8.24,12.32,0.));
#3184 = VECTOR('',#3185,1.);
#3185 = DIRECTION('',(0.,0.,1.));
#3186 = PCURVE('',#162,#3187);
#3187 = DEFINITIONAL_REPRESENTATION('',(#3188),#3192);
#3188 = LINE('',#3189,#3190);
#3189 = CARTESIAN_POINT('',(0.,2.3));
#3190 = VECTOR('',#3191,1.);
#3191 = DIRECTION('',(1.,0.));
#3192 = ( GEOMETRIC_REPRESENTATION_CONTEXT(2) 
PARAMETRIC_REPRESENTATION_CONTEXT() REPRESENTATION_CONTEXT('2D SPACE',''
  ) );
#3193 = PCURVE('',#191,#3194);
#3194 = DEFINITIONAL_REPRESENTATION('',(#3195),#3199);
#3195 = LINE('',#3196,#3197);
#3196 = CARTESIAN_POINT('',(1.570796326795,0.));
#3197 = VECTOR('',#3198,1.);
#3198 = DIRECTION('',(0.,1.));
#3199 = ( GEOMETRIC_REPRESENTATION_CONTEXT(2) 
PARAMETRIC_REPRESENTATION_CONTEXT() REPRESENTATION_CONTEXT('2D SPACE',''
  ) );
#3200 = ADVANCED_FACE('',(#3201),#1642,.T.);
#3201 = FACE_BOUND('',#3202,.T.);
#3202 = EDGE_LOOP('',(#3203,#3227,#3228,#3229));
#3203 = ORIENTED_EDGE('',*,*,#3204,.T.);
#3204 = EDGE_CURVE('',#3205,#3107,#3207,.T.);
#3205 = VERTEX_POINT('',#3206);
#3206 = CARTESIAN_POINT('',(-10.54,18.4,0.));
#3207 = SURFACE_CURVE('',#3208,(#3213,#3220),.PCURVE_S1.);
#3208 = CIRCLE('',#3209,1.);
#3209 = AXIS2_PLACEMENT_3D('',#3210,#3211,#3212);
#3210 = CARTESIAN_POINT('',(-9.54,18.4,0.));
#3211 = DIRECTION('',(0.,0.,1.));
#3212 = DIRECTION('',(0.,-1.,0.));
#3213 = PCURVE('',#1642,#3214);
#3214 = DEFINITIONAL_REPRESENTATION('',(#3215),#3219);
#3215 = LINE('',#3216,#3217);
#3216 = CARTESIAN_POINT('',(-4.712388980385,0.));
#3217 = VECTOR('',#3218,1.);
#3218 = DIRECTION('',(1.,0.));
#3219 = ( GEOMETRIC_REPRESENTATION_CONTEXT(2) 
PARAMETRIC_REPRESENTATION_CONTEXT() REPRESENTATION_CONTEXT('2D SPACE',''
  ) );
#3220 = PCURVE('',#2746,#3221);
#3221 = DEFINITIONAL_REPRESENTATION('',(#3222),#3226);
#3222 = CIRCLE('',#3223,1.);
#3223 = AXIS2_PLACEMENT_2D('',#3224,#3225);
#3224 = CARTESIAN_POINT('',(-2.3,42.53));
#3225 = DIRECTION('',(0.,-1.));
#3226 = ( GEOMETRIC_REPRESENTATION_CONTEXT(2) 
PARAMETRIC_REPRESENTATION_CONTEXT() REPRESENTATION_CONTEXT('2D SPACE',''
  ) );
#3227 = ORIENTED_EDGE('',*,*,#3129,.T.);
#3228 = ORIENTED_EDGE('',*,*,#1625,.F.);
#3229 = ORIENTED_EDGE('',*,*,#3230,.F.);
#3230 = EDGE_CURVE('',#3205,#1598,#3231,.T.);
#3231 = SURFACE_CURVE('',#3232,(#3236,#3243),.PCURVE_S1.);
#3232 = LINE('',#3233,#3234);
#3233 = CARTESIAN_POINT('',(-10.54,18.4,0.));
#3234 = VECTOR('',#3235,1.);
#3235 = DIRECTION('',(0.,0.,1.));
#3236 = PCURVE('',#1642,#3237);
#3237 = DEFINITIONAL_REPRESENTATION('',(#3238),#3242);
#3238 = LINE('',#3239,#3240);
#3239 = CARTESIAN_POINT('',(0.,0.));
#3240 = VECTOR('',#3241,1.);
#3241 = DIRECTION('',(0.,1.));
#3242 = ( GEOMETRIC_REPRESENTATION_CONTEXT(2) 
PARAMETRIC_REPRESENTATION_CONTEXT() REPRESENTATION_CONTEXT('2D SPACE',''
  ) );
#3243 = PCURVE('',#1613,#3244);
#3244 = DEFINITIONAL_REPRESENTATION('',(#3245),#3249);
#3245 = LINE('',#3246,#3247);
#3246 = CARTESIAN_POINT('',(0.,-1.));
#3247 = VECTOR('',#3248,1.);
#3248 = DIRECTION('',(1.,0.));
#3249 = ( GEOMETRIC_REPRESENTATION_CONTEXT(2) 
PARAMETRIC_REPRESENTATION_CONTEXT() REPRESENTATION_CONTEXT('2D SPACE',''
  ) );
#3250 = ADVANCED_FACE('',(#3251),#191,.F.);
#3251 = FACE_BOUND('',#3252,.F.);
#3252 = EDGE_LOOP('',(#3253,#3277,#3278,#3279));
#3253 = ORIENTED_EDGE('',*,*,#3254,.T.);
#3254 = EDGE_CURVE('',#3255,#3156,#3257,.T.);
#3255 = VERTEX_POINT('',#3256);
#3256 = CARTESIAN_POINT('',(-7.24,11.32,0.));
#3257 = SURFACE_CURVE('',#3258,(#3263,#3270),.PCURVE_S1.);
#3258 = CIRCLE('',#3259,1.);
#3259 = AXIS2_PLACEMENT_3D('',#3260,#3261,#3262);
#3260 = CARTESIAN_POINT('',(-8.24,11.32,0.));
#3261 = DIRECTION('',(0.,0.,1.));
#3262 = DIRECTION('',(0.,-1.,0.));
#3263 = PCURVE('',#191,#3264);
#3264 = DEFINITIONAL_REPRESENTATION('',(#3265),#3269);
#3265 = LINE('',#3266,#3267);
#3266 = CARTESIAN_POINT('',(-1.570796326795,0.));
#3267 = VECTOR('',#3268,1.);
#3268 = DIRECTION('',(1.,0.));
#3269 = ( GEOMETRIC_REPRESENTATION_CONTEXT(2) 
PARAMETRIC_REPRESENTATION_CONTEXT() REPRESENTATION_CONTEXT('2D SPACE',''
  ) );
#3270 = PCURVE('',#2746,#3271);
#3271 = DEFINITIONAL_REPRESENTATION('',(#3272),#3276);
#3272 = CIRCLE('',#3273,1.);
#3273 = AXIS2_PLACEMENT_2D('',#3274,#3275);
#3274 = CARTESIAN_POINT('',(-1.,35.45));
#3275 = DIRECTION('',(0.,-1.));
#3276 = ( GEOMETRIC_REPRESENTATION_CONTEXT(2) 
PARAMETRIC_REPRESENTATION_CONTEXT() REPRESENTATION_CONTEXT('2D SPACE',''
  ) );
#3277 = ORIENTED_EDGE('',*,*,#3180,.T.);
#3278 = ORIENTED_EDGE('',*,*,#174,.F.);
#3279 = ORIENTED_EDGE('',*,*,#3280,.F.);
#3280 = EDGE_CURVE('',#3255,#175,#3281,.T.);
#3281 = SURFACE_CURVE('',#3282,(#3286,#3293),.PCURVE_S1.);
#3282 = LINE('',#3283,#3284);
#3283 = CARTESIAN_POINT('',(-7.24,11.32,0.));
#3284 = VECTOR('',#3285,1.);
#3285 = DIRECTION('',(0.,0.,1.));
#3286 = PCURVE('',#191,#3287);
#3287 = DEFINITIONAL_REPRESENTATION('',(#3288),#3292);
#3288 = LINE('',#3289,#3290);
#3289 = CARTESIAN_POINT('',(0.,0.));
#3290 = VECTOR('',#3291,1.);
#3291 = DIRECTION('',(0.,1.));
#3292 = ( GEOMETRIC_REPRESENTATION_CONTEXT(2) 
PARAMETRIC_REPRESENTATION_CONTEXT() REPRESENTATION_CONTEXT('2D SPACE',''
  ) );
#3293 = PCURVE('',#219,#3294);
#3294 = DEFINITIONAL_REPRESENTATION('',(#3295),#3299);
#3295 = LINE('',#3296,#3297);
#3296 = CARTESIAN_POINT('',(0.,-35.45));
#3297 = VECTOR('',#3298,1.);
#3298 = DIRECTION('',(1.,0.));
#3299 = ( GEOMETRIC_REPRESENTATION_CONTEXT(2) 
PARAMETRIC_REPRESENTATION_CONTEXT() REPRESENTATION_CONTEXT('2D SPACE',''
  ) );
#3300 = ADVANCED_FACE('',(#3301),#1613,.F.);
#3301 = FACE_BOUND('',#3302,.F.);
#3302 = EDGE_LOOP('',(#3303,#3304,#3305,#3328));
#3303 = ORIENTED_EDGE('',*,*,#1597,.F.);
#3304 = ORIENTED_EDGE('',*,*,#3230,.F.);
#3305 = ORIENTED_EDGE('',*,*,#3306,.T.);
#3306 = EDGE_CURVE('',#3205,#3307,#3309,.T.);
#3307 = VERTEX_POINT('',#3308);
#3308 = CARTESIAN_POINT('',(-10.54,19.7,0.));
#3309 = SURFACE_CURVE('',#3310,(#3314,#3321),.PCURVE_S1.);
#3310 = LINE('',#3311,#3312);
#3311 = CARTESIAN_POINT('',(-10.54,17.4,0.));
#3312 = VECTOR('',#3313,1.);
#3313 = DIRECTION('',(-0.,1.,0.));
#3314 = PCURVE('',#1613,#3315);
#3315 = DEFINITIONAL_REPRESENTATION('',(#3316),#3320);
#3316 = LINE('',#3317,#3318);
#3317 = CARTESIAN_POINT('',(0.,0.));
#3318 = VECTOR('',#3319,1.);
#3319 = DIRECTION('',(0.,-1.));
#3320 = ( GEOMETRIC_REPRESENTATION_CONTEXT(2) 
PARAMETRIC_REPRESENTATION_CONTEXT() REPRESENTATION_CONTEXT('2D SPACE',''
  ) );
#3321 = PCURVE('',#2746,#3322);
#3322 = DEFINITIONAL_REPRESENTATION('',(#3323),#3327);
#3323 = LINE('',#3324,#3325);
#3324 = CARTESIAN_POINT('',(-3.3,41.53));
#3325 = VECTOR('',#3326,1.);
#3326 = DIRECTION('',(0.,1.));
#3327 = ( GEOMETRIC_REPRESENTATION_CONTEXT(2) 
PARAMETRIC_REPRESENTATION_CONTEXT() REPRESENTATION_CONTEXT('2D SPACE',''
  ) );
#3328 = ORIENTED_EDGE('',*,*,#3329,.T.);
#3329 = EDGE_CURVE('',#3307,#1569,#3330,.T.);
#3330 = SURFACE_CURVE('',#3331,(#3335,#3342),.PCURVE_S1.);
#3331 = LINE('',#3332,#3333);
#3332 = CARTESIAN_POINT('',(-10.54,19.7,0.));
#3333 = VECTOR('',#3334,1.);
#3334 = DIRECTION('',(0.,0.,1.));
#3335 = PCURVE('',#1613,#3336);
#3336 = DEFINITIONAL_REPRESENTATION('',(#3337),#3341);
#3337 = LINE('',#3338,#3339);
#3338 = CARTESIAN_POINT('',(0.,-2.3));
#3339 = VECTOR('',#3340,1.);
#3340 = DIRECTION('',(1.,0.));
#3341 = ( GEOMETRIC_REPRESENTATION_CONTEXT(2) 
PARAMETRIC_REPRESENTATION_CONTEXT() REPRESENTATION_CONTEXT('2D SPACE',''
  ) );
#3342 = PCURVE('',#1585,#3343);
#3343 = DEFINITIONAL_REPRESENTATION('',(#3344),#3348);
#3344 = LINE('',#3345,#3346);
#3345 = CARTESIAN_POINT('',(1.570796326795,0.));
#3346 = VECTOR('',#3347,1.);
#3347 = DIRECTION('',(0.,1.));
#3348 = ( GEOMETRIC_REPRESENTATION_CONTEXT(2) 
PARAMETRIC_REPRESENTATION_CONTEXT() REPRESENTATION_CONTEXT('2D SPACE',''
  ) );
#3349 = ADVANCED_FACE('',(#3350),#219,.F.);
#3350 = FACE_BOUND('',#3351,.F.);
#3351 = EDGE_LOOP('',(#3352,#3353,#3376,#3397));
#3352 = ORIENTED_EDGE('',*,*,#203,.F.);
#3353 = ORIENTED_EDGE('',*,*,#3354,.F.);
#3354 = EDGE_CURVE('',#3355,#204,#3357,.T.);
#3355 = VERTEX_POINT('',#3356);
#3356 = CARTESIAN_POINT('',(-7.24,-21.48,0.));
#3357 = SURFACE_CURVE('',#3358,(#3362,#3369),.PCURVE_S1.);
#3358 = LINE('',#3359,#3360);
#3359 = CARTESIAN_POINT('',(-7.24,-21.48,0.));
#3360 = VECTOR('',#3361,1.);
#3361 = DIRECTION('',(0.,0.,1.));
#3362 = PCURVE('',#219,#3363);
#3363 = DEFINITIONAL_REPRESENTATION('',(#3364),#3368);
#3364 = LINE('',#3365,#3366);
#3365 = CARTESIAN_POINT('',(0.,-2.65));
#3366 = VECTOR('',#3367,1.);
#3367 = DIRECTION('',(1.,0.));
#3368 = ( GEOMETRIC_REPRESENTATION_CONTEXT(2) 
PARAMETRIC_REPRESENTATION_CONTEXT() REPRESENTATION_CONTEXT('2D SPACE',''
  ) );
#3369 = PCURVE('',#252,#3370);
#3370 = DEFINITIONAL_REPRESENTATION('',(#3371),#3375);
#3371 = LINE('',#3372,#3373);
#3372 = CARTESIAN_POINT('',(-0.,0.));
#3373 = VECTOR('',#3374,1.);
#3374 = DIRECTION('',(-0.,1.));
#3375 = ( GEOMETRIC_REPRESENTATION_CONTEXT(2) 
PARAMETRIC_REPRESENTATION_CONTEXT() REPRESENTATION_CONTEXT('2D SPACE',''
  ) );
#3376 = ORIENTED_EDGE('',*,*,#3377,.T.);
#3377 = EDGE_CURVE('',#3355,#3255,#3378,.T.);
#3378 = SURFACE_CURVE('',#3379,(#3383,#3390),.PCURVE_S1.);
#3379 = LINE('',#3380,#3381);
#3380 = CARTESIAN_POINT('',(-7.24,-24.13,0.));
#3381 = VECTOR('',#3382,1.);
#3382 = DIRECTION('',(-0.,1.,0.));
#3383 = PCURVE('',#219,#3384);
#3384 = DEFINITIONAL_REPRESENTATION('',(#3385),#3389);
#3385 = LINE('',#3386,#3387);
#3386 = CARTESIAN_POINT('',(0.,0.));
#3387 = VECTOR('',#3388,1.);
#3388 = DIRECTION('',(0.,-1.));
#3389 = ( GEOMETRIC_REPRESENTATION_CONTEXT(2) 
PARAMETRIC_REPRESENTATION_CONTEXT() REPRESENTATION_CONTEXT('2D SPACE',''
  ) );
#3390 = PCURVE('',#2746,#3391);
#3391 = DEFINITIONAL_REPRESENTATION('',(#3392),#3396);
#3392 = LINE('',#3393,#3394);
#3393 = CARTESIAN_POINT('',(0.,0.));
#3394 = VECTOR('',#3395,1.);
#3395 = DIRECTION('',(0.,1.));
#3396 = ( GEOMETRIC_REPRESENTATION_CONTEXT(2) 
PARAMETRIC_REPRESENTATION_CONTEXT() REPRESENTATION_CONTEXT('2D SPACE',''
  ) );
#3397 = ORIENTED_EDGE('',*,*,#3280,.T.);
#3398 = ADVANCED_FACE('',(#3399),#1585,.T.);
#3399 = FACE_BOUND('',#3400,.T.);
#3400 = EDGE_LOOP('',(#3401,#3425,#3426,#3427));
#3401 = ORIENTED_EDGE('',*,*,#3402,.T.);
#3402 = EDGE_CURVE('',#3403,#3307,#3405,.T.);
#3403 = VERTEX_POINT('',#3404);
#3404 = CARTESIAN_POINT('',(-9.54,20.7,0.));
#3405 = SURFACE_CURVE('',#3406,(#3411,#3418),.PCURVE_S1.);
#3406 = CIRCLE('',#3407,1.);
#3407 = AXIS2_PLACEMENT_3D('',#3408,#3409,#3410);
#3408 = CARTESIAN_POINT('',(-9.54,19.7,0.));
#3409 = DIRECTION('',(0.,0.,1.));
#3410 = DIRECTION('',(0.,-1.,0.));
#3411 = PCURVE('',#1585,#3412);
#3412 = DEFINITIONAL_REPRESENTATION('',(#3413),#3417);
#3413 = LINE('',#3414,#3415);
#3414 = CARTESIAN_POINT('',(-3.14159265359,0.));
#3415 = VECTOR('',#3416,1.);
#3416 = DIRECTION('',(1.,0.));
#3417 = ( GEOMETRIC_REPRESENTATION_CONTEXT(2) 
PARAMETRIC_REPRESENTATION_CONTEXT() REPRESENTATION_CONTEXT('2D SPACE',''
  ) );
#3418 = PCURVE('',#2746,#3419);
#3419 = DEFINITIONAL_REPRESENTATION('',(#3420),#3424);
#3420 = CIRCLE('',#3421,1.);
#3421 = AXIS2_PLACEMENT_2D('',#3422,#3423);
#3422 = CARTESIAN_POINT('',(-2.3,43.83));
#3423 = DIRECTION('',(0.,-1.));
#3424 = ( GEOMETRIC_REPRESENTATION_CONTEXT(2) 
PARAMETRIC_REPRESENTATION_CONTEXT() REPRESENTATION_CONTEXT('2D SPACE',''
  ) );
#3425 = ORIENTED_EDGE('',*,*,#3329,.T.);
#3426 = ORIENTED_EDGE('',*,*,#1568,.F.);
#3427 = ORIENTED_EDGE('',*,*,#3428,.F.);
#3428 = EDGE_CURVE('',#3403,#1541,#3429,.T.);
#3429 = SURFACE_CURVE('',#3430,(#3434,#3441),.PCURVE_S1.);
#3430 = LINE('',#3431,#3432);
#3431 = CARTESIAN_POINT('',(-9.54,20.7,0.));
#3432 = VECTOR('',#3433,1.);
#3433 = DIRECTION('',(0.,0.,1.));
#3434 = PCURVE('',#1585,#3435);
#3435 = DEFINITIONAL_REPRESENTATION('',(#3436),#3440);
#3436 = LINE('',#3437,#3438);
#3437 = CARTESIAN_POINT('',(0.,0.));
#3438 = VECTOR('',#3439,1.);
#3439 = DIRECTION('',(0.,1.));
#3440 = ( GEOMETRIC_REPRESENTATION_CONTEXT(2) 
PARAMETRIC_REPRESENTATION_CONTEXT() REPRESENTATION_CONTEXT('2D SPACE',''
  ) );
#3441 = PCURVE('',#1556,#3442);
#3442 = DEFINITIONAL_REPRESENTATION('',(#3443),#3447);
#3443 = LINE('',#3444,#3445);
#3444 = CARTESIAN_POINT('',(0.,1.));
#3445 = VECTOR('',#3446,1.);
#3446 = DIRECTION('',(1.,0.));
#3447 = ( GEOMETRIC_REPRESENTATION_CONTEXT(2) 
PARAMETRIC_REPRESENTATION_CONTEXT() REPRESENTATION_CONTEXT('2D SPACE',''
  ) );
#3448 = ADVANCED_FACE('',(#3449),#252,.F.);
#3449 = FACE_BOUND('',#3450,.T.);
#3450 = EDGE_LOOP('',(#3451,#3479,#3500,#3501));
#3451 = ORIENTED_EDGE('',*,*,#3452,.T.);
#3452 = EDGE_CURVE('',#3355,#3453,#3455,.T.);
#3453 = VERTEX_POINT('',#3454);
#3454 = CARTESIAN_POINT('',(-8.24,-22.48,0.));
#3455 = SURFACE_CURVE('',#3456,(#3461,#3468),.PCURVE_S1.);
#3456 = CIRCLE('',#3457,1.);
#3457 = AXIS2_PLACEMENT_3D('',#3458,#3459,#3460);
#3458 = CARTESIAN_POINT('',(-8.24,-21.48,0.));
#3459 = DIRECTION('',(-0.,-0.,-1.));
#3460 = DIRECTION('',(0.,-1.,0.));
#3461 = PCURVE('',#252,#3462);
#3462 = DEFINITIONAL_REPRESENTATION('',(#3463),#3467);
#3463 = LINE('',#3464,#3465);
#3464 = CARTESIAN_POINT('',(4.712388980385,-0.));
#3465 = VECTOR('',#3466,1.);
#3466 = DIRECTION('',(-1.,0.));
#3467 = ( GEOMETRIC_REPRESENTATION_CONTEXT(2) 
PARAMETRIC_REPRESENTATION_CONTEXT() REPRESENTATION_CONTEXT('2D SPACE',''
  ) );
#3468 = PCURVE('',#2746,#3469);
#3469 = DEFINITIONAL_REPRESENTATION('',(#3470),#3478);
#3470 = ( BOUNDED_CURVE() B_SPLINE_CURVE(2,(#3471,#3472,#3473,#3474,
#3475,#3476,#3477),.UNSPECIFIED.,.T.,.F.) B_SPLINE_CURVE_WITH_KNOTS((1,2
    ,2,2,2,1),(-2.094395102393,0.,2.094395102393,4.188790204786,
6.28318530718,8.377580409573),.UNSPECIFIED.) CURVE() 
GEOMETRIC_REPRESENTATION_ITEM() RATIONAL_B_SPLINE_CURVE((1.,0.5,1.,0.5,
1.,0.5,1.)) REPRESENTATION_ITEM('') );
#3471 = CARTESIAN_POINT('',(-1.,1.65));
#3472 = CARTESIAN_POINT('',(-2.732050807569,1.65));
#3473 = CARTESIAN_POINT('',(-1.866025403784,3.15));
#3474 = CARTESIAN_POINT('',(-1.,4.65));
#3475 = CARTESIAN_POINT('',(-0.133974596216,3.15));
#3476 = CARTESIAN_POINT('',(0.732050807569,1.65));
#3477 = CARTESIAN_POINT('',(-1.,1.65));
#3478 = ( GEOMETRIC_REPRESENTATION_CONTEXT(2) 
PARAMETRIC_REPRESENTATION_CONTEXT() REPRESENTATION_CONTEXT('2D SPACE',''
  ) );
#3479 = ORIENTED_EDGE('',*,*,#3480,.T.);
#3480 = EDGE_CURVE('',#3453,#232,#3481,.T.);
#3481 = SURFACE_CURVE('',#3482,(#3486,#3493),.PCURVE_S1.);
#3482 = LINE('',#3483,#3484);
#3483 = CARTESIAN_POINT('',(-8.24,-22.48,0.));
#3484 = VECTOR('',#3485,1.);
#3485 = DIRECTION('',(0.,0.,1.));
#3486 = PCURVE('',#252,#3487);
#3487 = DEFINITIONAL_REPRESENTATION('',(#3488),#3492);
#3488 = LINE('',#3489,#3490);
#3489 = CARTESIAN_POINT('',(-1.570796326795,0.));
#3490 = VECTOR('',#3491,1.);
#3491 = DIRECTION('',(-0.,1.));
#3492 = ( GEOMETRIC_REPRESENTATION_CONTEXT(2) 
PARAMETRIC_REPRESENTATION_CONTEXT() REPRESENTATION_CONTEXT('2D SPACE',''
  ) );
#3493 = PCURVE('',#280,#3494);
#3494 = DEFINITIONAL_REPRESENTATION('',(#3495),#3499);
#3495 = LINE('',#3496,#3497);
#3496 = CARTESIAN_POINT('',(0.,2.3));
#3497 = VECTOR('',#3498,1.);
#3498 = DIRECTION('',(1.,0.));
#3499 = ( GEOMETRIC_REPRESENTATION_CONTEXT(2) 
PARAMETRIC_REPRESENTATION_CONTEXT() REPRESENTATION_CONTEXT('2D SPACE',''
  ) );
#3500 = ORIENTED_EDGE('',*,*,#231,.F.);
#3501 = ORIENTED_EDGE('',*,*,#3354,.F.);
#3502 = ADVANCED_FACE('',(#3503),#1556,.T.);
#3503 = FACE_BOUND('',#3504,.T.);
#3504 = EDGE_LOOP('',(#3505,#3528,#3529,#3530));
#3505 = ORIENTED_EDGE('',*,*,#3506,.F.);
#3506 = EDGE_CURVE('',#3403,#3507,#3509,.T.);
#3507 = VERTEX_POINT('',#3508);
#3508 = CARTESIAN_POINT('',(-8.04,20.7,0.));
#3509 = SURFACE_CURVE('',#3510,(#3514,#3521),.PCURVE_S1.);
#3510 = LINE('',#3511,#3512);
#3511 = CARTESIAN_POINT('',(-10.54,20.7,0.));
#3512 = VECTOR('',#3513,1.);
#3513 = DIRECTION('',(1.,0.,-0.));
#3514 = PCURVE('',#1556,#3515);
#3515 = DEFINITIONAL_REPRESENTATION('',(#3516),#3520);
#3516 = LINE('',#3517,#3518);
#3517 = CARTESIAN_POINT('',(0.,0.));
#3518 = VECTOR('',#3519,1.);
#3519 = DIRECTION('',(0.,1.));
#3520 = ( GEOMETRIC_REPRESENTATION_CONTEXT(2) 
PARAMETRIC_REPRESENTATION_CONTEXT() REPRESENTATION_CONTEXT('2D SPACE',''
  ) );
#3521 = PCURVE('',#2746,#3522);
#3522 = DEFINITIONAL_REPRESENTATION('',(#3523),#3527);
#3523 = LINE('',#3524,#3525);
#3524 = CARTESIAN_POINT('',(-3.3,44.83));
#3525 = VECTOR('',#3526,1.);
#3526 = DIRECTION('',(1.,0.));
#3527 = ( GEOMETRIC_REPRESENTATION_CONTEXT(2) 
PARAMETRIC_REPRESENTATION_CONTEXT() REPRESENTATION_CONTEXT('2D SPACE',''
  ) );
#3528 = ORIENTED_EDGE('',*,*,#3428,.T.);
#3529 = ORIENTED_EDGE('',*,*,#1540,.T.);
#3530 = ORIENTED_EDGE('',*,*,#3531,.F.);
#3531 = EDGE_CURVE('',#3507,#1512,#3532,.T.);
#3532 = SURFACE_CURVE('',#3533,(#3537,#3544),.PCURVE_S1.);
#3533 = LINE('',#3534,#3535);
#3534 = CARTESIAN_POINT('',(-8.04,20.7,0.));
#3535 = VECTOR('',#3536,1.);
#3536 = DIRECTION('',(0.,0.,1.));
#3537 = PCURVE('',#1556,#3538);
#3538 = DEFINITIONAL_REPRESENTATION('',(#3539),#3543);
#3539 = LINE('',#3540,#3541);
#3540 = CARTESIAN_POINT('',(0.,2.5));
#3541 = VECTOR('',#3542,1.);
#3542 = DIRECTION('',(1.,0.));
#3543 = ( GEOMETRIC_REPRESENTATION_CONTEXT(2) 
PARAMETRIC_REPRESENTATION_CONTEXT() REPRESENTATION_CONTEXT('2D SPACE',''
  ) );
#3544 = PCURVE('',#1528,#3545);
#3545 = DEFINITIONAL_REPRESENTATION('',(#3546),#3550);
#3546 = LINE('',#3547,#3548);
#3547 = CARTESIAN_POINT('',(0.,0.));
#3548 = VECTOR('',#3549,1.);
#3549 = DIRECTION('',(0.,1.));
#3550 = ( GEOMETRIC_REPRESENTATION_CONTEXT(2) 
PARAMETRIC_REPRESENTATION_CONTEXT() REPRESENTATION_CONTEXT('2D SPACE',''
  ) );
#3551 = ADVANCED_FACE('',(#3552),#280,.T.);
#3552 = FACE_BOUND('',#3553,.T.);
#3553 = EDGE_LOOP('',(#3554,#3577,#3598,#3599));
#3554 = ORIENTED_EDGE('',*,*,#3555,.F.);
#3555 = EDGE_CURVE('',#3556,#3453,#3558,.T.);
#3556 = VERTEX_POINT('',#3557);
#3557 = CARTESIAN_POINT('',(-9.54,-22.48,0.));
#3558 = SURFACE_CURVE('',#3559,(#3563,#3570),.PCURVE_S1.);
#3559 = LINE('',#3560,#3561);
#3560 = CARTESIAN_POINT('',(-10.54,-22.48,0.));
#3561 = VECTOR('',#3562,1.);
#3562 = DIRECTION('',(1.,0.,-0.));
#3563 = PCURVE('',#280,#3564);
#3564 = DEFINITIONAL_REPRESENTATION('',(#3565),#3569);
#3565 = LINE('',#3566,#3567);
#3566 = CARTESIAN_POINT('',(0.,0.));
#3567 = VECTOR('',#3568,1.);
#3568 = DIRECTION('',(0.,1.));
#3569 = ( GEOMETRIC_REPRESENTATION_CONTEXT(2) 
PARAMETRIC_REPRESENTATION_CONTEXT() REPRESENTATION_CONTEXT('2D SPACE',''
  ) );
#3570 = PCURVE('',#2746,#3571);
#3571 = DEFINITIONAL_REPRESENTATION('',(#3572),#3576);
#3572 = LINE('',#3573,#3574);
#3573 = CARTESIAN_POINT('',(-3.3,1.65));
#3574 = VECTOR('',#3575,1.);
#3575 = DIRECTION('',(1.,0.));
#3576 = ( GEOMETRIC_REPRESENTATION_CONTEXT(2) 
PARAMETRIC_REPRESENTATION_CONTEXT() REPRESENTATION_CONTEXT('2D SPACE',''
  ) );
#3577 = ORIENTED_EDGE('',*,*,#3578,.T.);
#3578 = EDGE_CURVE('',#3556,#265,#3579,.T.);
#3579 = SURFACE_CURVE('',#3580,(#3584,#3591),.PCURVE_S1.);
#3580 = LINE('',#3581,#3582);
#3581 = CARTESIAN_POINT('',(-9.54,-22.48,0.));
#3582 = VECTOR('',#3583,1.);
#3583 = DIRECTION('',(0.,0.,1.));
#3584 = PCURVE('',#280,#3585);
#3585 = DEFINITIONAL_REPRESENTATION('',(#3586),#3590);
#3586 = LINE('',#3587,#3588);
#3587 = CARTESIAN_POINT('',(0.,1.));
#3588 = VECTOR('',#3589,1.);
#3589 = DIRECTION('',(1.,0.));
#3590 = ( GEOMETRIC_REPRESENTATION_CONTEXT(2) 
PARAMETRIC_REPRESENTATION_CONTEXT() REPRESENTATION_CONTEXT('2D SPACE',''
  ) );
#3591 = PCURVE('',#309,#3592);
#3592 = DEFINITIONAL_REPRESENTATION('',(#3593),#3597);
#3593 = LINE('',#3594,#3595);
#3594 = CARTESIAN_POINT('',(0.,0.));
#3595 = VECTOR('',#3596,1.);
#3596 = DIRECTION('',(0.,1.));
#3597 = ( GEOMETRIC_REPRESENTATION_CONTEXT(2) 
PARAMETRIC_REPRESENTATION_CONTEXT() REPRESENTATION_CONTEXT('2D SPACE',''
  ) );
#3598 = ORIENTED_EDGE('',*,*,#264,.T.);
#3599 = ORIENTED_EDGE('',*,*,#3480,.F.);
#3600 = ADVANCED_FACE('',(#3601),#1528,.F.);
#3601 = FACE_BOUND('',#3602,.F.);
#3602 = EDGE_LOOP('',(#3603,#3627,#3648,#3649));
#3603 = ORIENTED_EDGE('',*,*,#3604,.T.);
#3604 = EDGE_CURVE('',#3507,#3605,#3607,.T.);
#3605 = VERTEX_POINT('',#3606);
#3606 = CARTESIAN_POINT('',(-7.24,21.5,0.));
#3607 = SURFACE_CURVE('',#3608,(#3613,#3620),.PCURVE_S1.);
#3608 = CIRCLE('',#3609,0.8);
#3609 = AXIS2_PLACEMENT_3D('',#3610,#3611,#3612);
#3610 = CARTESIAN_POINT('',(-8.04,21.5,0.));
#3611 = DIRECTION('',(0.,0.,1.));
#3612 = DIRECTION('',(0.,-1.,0.));
#3613 = PCURVE('',#1528,#3614);
#3614 = DEFINITIONAL_REPRESENTATION('',(#3615),#3619);
#3615 = LINE('',#3616,#3617);
#3616 = CARTESIAN_POINT('',(0.,0.));
#3617 = VECTOR('',#3618,1.);
#3618 = DIRECTION('',(1.,0.));
#3619 = ( GEOMETRIC_REPRESENTATION_CONTEXT(2) 
PARAMETRIC_REPRESENTATION_CONTEXT() REPRESENTATION_CONTEXT('2D SPACE',''
  ) );
#3620 = PCURVE('',#2746,#3621);
#3621 = DEFINITIONAL_REPRESENTATION('',(#3622),#3626);
#3622 = CIRCLE('',#3623,0.8);
#3623 = AXIS2_PLACEMENT_2D('',#3624,#3625);
#3624 = CARTESIAN_POINT('',(-0.8,45.63));
#3625 = DIRECTION('',(0.,-1.));
#3626 = ( GEOMETRIC_REPRESENTATION_CONTEXT(2) 
PARAMETRIC_REPRESENTATION_CONTEXT() REPRESENTATION_CONTEXT('2D SPACE',''
  ) );
#3627 = ORIENTED_EDGE('',*,*,#3628,.T.);
#3628 = EDGE_CURVE('',#3605,#1484,#3629,.T.);
#3629 = SURFACE_CURVE('',#3630,(#3634,#3641),.PCURVE_S1.);
#3630 = LINE('',#3631,#3632);
#3631 = CARTESIAN_POINT('',(-7.24,21.5,0.));
#3632 = VECTOR('',#3633,1.);
#3633 = DIRECTION('',(0.,0.,1.));
#3634 = PCURVE('',#1528,#3635);
#3635 = DEFINITIONAL_REPRESENTATION('',(#3636),#3640);
#3636 = LINE('',#3637,#3638);
#3637 = CARTESIAN_POINT('',(1.570796326795,0.));
#3638 = VECTOR('',#3639,1.);
#3639 = DIRECTION('',(0.,1.));
#3640 = ( GEOMETRIC_REPRESENTATION_CONTEXT(2) 
PARAMETRIC_REPRESENTATION_CONTEXT() REPRESENTATION_CONTEXT('2D SPACE',''
  ) );
#3641 = PCURVE('',#1499,#3642);
#3642 = DEFINITIONAL_REPRESENTATION('',(#3643),#3647);
#3643 = LINE('',#3644,#3645);
#3644 = CARTESIAN_POINT('',(0.,-45.63));
#3645 = VECTOR('',#3646,1.);
#3646 = DIRECTION('',(1.,0.));
#3647 = ( GEOMETRIC_REPRESENTATION_CONTEXT(2) 
PARAMETRIC_REPRESENTATION_CONTEXT() REPRESENTATION_CONTEXT('2D SPACE',''
  ) );
#3648 = ORIENTED_EDGE('',*,*,#1511,.F.);
#3649 = ORIENTED_EDGE('',*,*,#3531,.F.);
#3650 = ADVANCED_FACE('',(#3651),#309,.T.);
#3651 = FACE_BOUND('',#3652,.T.);
#3652 = EDGE_LOOP('',(#3653,#3677,#3698,#3699));
#3653 = ORIENTED_EDGE('',*,*,#3654,.T.);
#3654 = EDGE_CURVE('',#3556,#3655,#3657,.T.);
#3655 = VERTEX_POINT('',#3656);
#3656 = CARTESIAN_POINT('',(-10.54,-23.48,0.));
#3657 = SURFACE_CURVE('',#3658,(#3663,#3670),.PCURVE_S1.);
#3658 = CIRCLE('',#3659,1.);
#3659 = AXIS2_PLACEMENT_3D('',#3660,#3661,#3662);
#3660 = CARTESIAN_POINT('',(-9.54,-23.48,0.));
#3661 = DIRECTION('',(0.,0.,1.));
#3662 = DIRECTION('',(0.,-1.,0.));
#3663 = PCURVE('',#309,#3664);
#3664 = DEFINITIONAL_REPRESENTATION('',(#3665),#3669);
#3665 = LINE('',#3666,#3667);
#3666 = CARTESIAN_POINT('',(-3.14159265359,0.));
#3667 = VECTOR('',#3668,1.);
#3668 = DIRECTION('',(1.,0.));
#3669 = ( GEOMETRIC_REPRESENTATION_CONTEXT(2) 
PARAMETRIC_REPRESENTATION_CONTEXT() REPRESENTATION_CONTEXT('2D SPACE',''
  ) );
#3670 = PCURVE('',#2746,#3671);
#3671 = DEFINITIONAL_REPRESENTATION('',(#3672),#3676);
#3672 = CIRCLE('',#3673,1.);
#3673 = AXIS2_PLACEMENT_2D('',#3674,#3675);
#3674 = CARTESIAN_POINT('',(-2.3,0.65));
#3675 = DIRECTION('',(0.,-1.));
#3676 = ( GEOMETRIC_REPRESENTATION_CONTEXT(2) 
PARAMETRIC_REPRESENTATION_CONTEXT() REPRESENTATION_CONTEXT('2D SPACE',''
  ) );
#3677 = ORIENTED_EDGE('',*,*,#3678,.T.);
#3678 = EDGE_CURVE('',#3655,#293,#3679,.T.);
#3679 = SURFACE_CURVE('',#3680,(#3684,#3691),.PCURVE_S1.);
#3680 = LINE('',#3681,#3682);
#3681 = CARTESIAN_POINT('',(-10.54,-23.48,0.));
#3682 = VECTOR('',#3683,1.);
#3683 = DIRECTION('',(0.,0.,1.));
#3684 = PCURVE('',#309,#3685);
#3685 = DEFINITIONAL_REPRESENTATION('',(#3686),#3690);
#3686 = LINE('',#3687,#3688);
#3687 = CARTESIAN_POINT('',(1.570796326795,0.));
#3688 = VECTOR('',#3689,1.);
#3689 = DIRECTION('',(0.,1.));
#3690 = ( GEOMETRIC_REPRESENTATION_CONTEXT(2) 
PARAMETRIC_REPRESENTATION_CONTEXT() REPRESENTATION_CONTEXT('2D SPACE',''
  ) );
#3691 = PCURVE('',#337,#3692);
#3692 = DEFINITIONAL_REPRESENTATION('',(#3693),#3697);
#3693 = LINE('',#3694,#3695);
#3694 = CARTESIAN_POINT('',(0.,-2.3));
#3695 = VECTOR('',#3696,1.);
#3696 = DIRECTION('',(1.,0.));
#3697 = ( GEOMETRIC_REPRESENTATION_CONTEXT(2) 
PARAMETRIC_REPRESENTATION_CONTEXT() REPRESENTATION_CONTEXT('2D SPACE',''
  ) );
#3698 = ORIENTED_EDGE('',*,*,#292,.F.);
#3699 = ORIENTED_EDGE('',*,*,#3578,.F.);
#3700 = ADVANCED_FACE('',(#3701),#1499,.F.);
#3701 = FACE_BOUND('',#3702,.F.);
#3702 = EDGE_LOOP('',(#3703,#3704,#3705,#3728));
#3703 = ORIENTED_EDGE('',*,*,#1483,.F.);
#3704 = ORIENTED_EDGE('',*,*,#3628,.F.);
#3705 = ORIENTED_EDGE('',*,*,#3706,.T.);
#3706 = EDGE_CURVE('',#3605,#3707,#3709,.T.);
#3707 = VERTEX_POINT('',#3708);
#3708 = CARTESIAN_POINT('',(-7.24,21.68,0.));
#3709 = SURFACE_CURVE('',#3710,(#3714,#3721),.PCURVE_S1.);
#3710 = LINE('',#3711,#3712);
#3711 = CARTESIAN_POINT('',(-7.24,-24.13,0.));
#3712 = VECTOR('',#3713,1.);
#3713 = DIRECTION('',(-0.,1.,0.));
#3714 = PCURVE('',#1499,#3715);
#3715 = DEFINITIONAL_REPRESENTATION('',(#3716),#3720);
#3716 = LINE('',#3717,#3718);
#3717 = CARTESIAN_POINT('',(0.,0.));
#3718 = VECTOR('',#3719,1.);
#3719 = DIRECTION('',(0.,-1.));
#3720 = ( GEOMETRIC_REPRESENTATION_CONTEXT(2) 
PARAMETRIC_REPRESENTATION_CONTEXT() REPRESENTATION_CONTEXT('2D SPACE',''
  ) );
#3721 = PCURVE('',#2746,#3722);
#3722 = DEFINITIONAL_REPRESENTATION('',(#3723),#3727);
#3723 = LINE('',#3724,#3725);
#3724 = CARTESIAN_POINT('',(0.,0.));
#3725 = VECTOR('',#3726,1.);
#3726 = DIRECTION('',(0.,1.));
#3727 = ( GEOMETRIC_REPRESENTATION_CONTEXT(2) 
PARAMETRIC_REPRESENTATION_CONTEXT() REPRESENTATION_CONTEXT('2D SPACE',''
  ) );
#3728 = ORIENTED_EDGE('',*,*,#3729,.T.);
#3729 = EDGE_CURVE('',#3707,#1455,#3730,.T.);
#3730 = SURFACE_CURVE('',#3731,(#3735,#3742),.PCURVE_S1.);
#3731 = LINE('',#3732,#3733);
#3732 = CARTESIAN_POINT('',(-7.24,21.68,0.));
#3733 = VECTOR('',#3734,1.);
#3734 = DIRECTION('',(0.,0.,1.));
#3735 = PCURVE('',#1499,#3736);
#3736 = DEFINITIONAL_REPRESENTATION('',(#3737),#3741);
#3737 = LINE('',#3738,#3739);
#3738 = CARTESIAN_POINT('',(0.,-45.81));
#3739 = VECTOR('',#3740,1.);
#3740 = DIRECTION('',(1.,0.));
#3741 = ( GEOMETRIC_REPRESENTATION_CONTEXT(2) 
PARAMETRIC_REPRESENTATION_CONTEXT() REPRESENTATION_CONTEXT('2D SPACE',''
  ) );
#3742 = PCURVE('',#1471,#3743);
#3743 = DEFINITIONAL_REPRESENTATION('',(#3744),#3748);
#3744 = LINE('',#3745,#3746);
#3745 = CARTESIAN_POINT('',(0.,0.));
#3746 = VECTOR('',#3747,1.);
#3747 = DIRECTION('',(0.,1.));
#3748 = ( GEOMETRIC_REPRESENTATION_CONTEXT(2) 
PARAMETRIC_REPRESENTATION_CONTEXT() REPRESENTATION_CONTEXT('2D SPACE',''
  ) );
#3749 = ADVANCED_FACE('',(#3750),#337,.F.);
#3750 = FACE_BOUND('',#3751,.F.);
#3751 = EDGE_LOOP('',(#3752,#3753,#3776,#3797));
#3752 = ORIENTED_EDGE('',*,*,#321,.F.);
#3753 = ORIENTED_EDGE('',*,*,#3754,.F.);
#3754 = EDGE_CURVE('',#3755,#322,#3757,.T.);
#3755 = VERTEX_POINT('',#3756);
#3756 = CARTESIAN_POINT('',(-10.54,-24.78,0.));
#3757 = SURFACE_CURVE('',#3758,(#3762,#3769),.PCURVE_S1.);
#3758 = LINE('',#3759,#3760);
#3759 = CARTESIAN_POINT('',(-10.54,-24.78,0.));
#3760 = VECTOR('',#3761,1.);
#3761 = DIRECTION('',(0.,0.,1.));
#3762 = PCURVE('',#337,#3763);
#3763 = DEFINITIONAL_REPRESENTATION('',(#3764),#3768);
#3764 = LINE('',#3765,#3766);
#3765 = CARTESIAN_POINT('',(0.,-1.));
#3766 = VECTOR('',#3767,1.);
#3767 = DIRECTION('',(1.,0.));
#3768 = ( GEOMETRIC_REPRESENTATION_CONTEXT(2) 
PARAMETRIC_REPRESENTATION_CONTEXT() REPRESENTATION_CONTEXT('2D SPACE',''
  ) );
#3769 = PCURVE('',#366,#3770);
#3770 = DEFINITIONAL_REPRESENTATION('',(#3771),#3775);
#3771 = LINE('',#3772,#3773);
#3772 = CARTESIAN_POINT('',(0.,0.));
#3773 = VECTOR('',#3774,1.);
#3774 = DIRECTION('',(0.,1.));
#3775 = ( GEOMETRIC_REPRESENTATION_CONTEXT(2) 
PARAMETRIC_REPRESENTATION_CONTEXT() REPRESENTATION_CONTEXT('2D SPACE',''
  ) );
#3776 = ORIENTED_EDGE('',*,*,#3777,.T.);
#3777 = EDGE_CURVE('',#3755,#3655,#3778,.T.);
#3778 = SURFACE_CURVE('',#3779,(#3783,#3790),.PCURVE_S1.);
#3779 = LINE('',#3780,#3781);
#3780 = CARTESIAN_POINT('',(-10.54,-25.78,0.));
#3781 = VECTOR('',#3782,1.);
#3782 = DIRECTION('',(-0.,1.,0.));
#3783 = PCURVE('',#337,#3784);
#3784 = DEFINITIONAL_REPRESENTATION('',(#3785),#3789);
#3785 = LINE('',#3786,#3787);
#3786 = CARTESIAN_POINT('',(0.,0.));
#3787 = VECTOR('',#3788,1.);
#3788 = DIRECTION('',(0.,-1.));
#3789 = ( GEOMETRIC_REPRESENTATION_CONTEXT(2) 
PARAMETRIC_REPRESENTATION_CONTEXT() REPRESENTATION_CONTEXT('2D SPACE',''
  ) );
#3790 = PCURVE('',#2746,#3791);
#3791 = DEFINITIONAL_REPRESENTATION('',(#3792),#3796);
#3792 = LINE('',#3793,#3794);
#3793 = CARTESIAN_POINT('',(-3.3,-1.65));
#3794 = VECTOR('',#3795,1.);
#3795 = DIRECTION('',(0.,1.));
#3796 = ( GEOMETRIC_REPRESENTATION_CONTEXT(2) 
PARAMETRIC_REPRESENTATION_CONTEXT() REPRESENTATION_CONTEXT('2D SPACE',''
  ) );
#3797 = ORIENTED_EDGE('',*,*,#3678,.T.);
#3798 = ADVANCED_FACE('',(#3799),#1471,.F.);
#3799 = FACE_BOUND('',#3800,.F.);
#3800 = EDGE_LOOP('',(#3801,#3825,#3846,#3847));
#3801 = ORIENTED_EDGE('',*,*,#3802,.T.);
#3802 = EDGE_CURVE('',#3707,#3803,#3805,.T.);
#3803 = VERTEX_POINT('',#3804);
#3804 = CARTESIAN_POINT('',(-8.04,22.48,0.));
#3805 = SURFACE_CURVE('',#3806,(#3811,#3818),.PCURVE_S1.);
#3806 = CIRCLE('',#3807,0.8);
#3807 = AXIS2_PLACEMENT_3D('',#3808,#3809,#3810);
#3808 = CARTESIAN_POINT('',(-8.04,21.68,0.));
#3809 = DIRECTION('',(0.,0.,1.));
#3810 = DIRECTION('',(0.,-1.,0.));
#3811 = PCURVE('',#1471,#3812);
#3812 = DEFINITIONAL_REPRESENTATION('',(#3813),#3817);
#3813 = LINE('',#3814,#3815);
#3814 = CARTESIAN_POINT('',(-1.570796326795,0.));
#3815 = VECTOR('',#3816,1.);
#3816 = DIRECTION('',(1.,0.));
#3817 = ( GEOMETRIC_REPRESENTATION_CONTEXT(2) 
PARAMETRIC_REPRESENTATION_CONTEXT() REPRESENTATION_CONTEXT('2D SPACE',''
  ) );
#3818 = PCURVE('',#2746,#3819);
#3819 = DEFINITIONAL_REPRESENTATION('',(#3820),#3824);
#3820 = CIRCLE('',#3821,0.8);
#3821 = AXIS2_PLACEMENT_2D('',#3822,#3823);
#3822 = CARTESIAN_POINT('',(-0.8,45.81));
#3823 = DIRECTION('',(0.,-1.));
#3824 = ( GEOMETRIC_REPRESENTATION_CONTEXT(2) 
PARAMETRIC_REPRESENTATION_CONTEXT() REPRESENTATION_CONTEXT('2D SPACE',''
  ) );
#3825 = ORIENTED_EDGE('',*,*,#3826,.T.);
#3826 = EDGE_CURVE('',#3803,#1427,#3827,.T.);
#3827 = SURFACE_CURVE('',#3828,(#3832,#3839),.PCURVE_S1.);
#3828 = LINE('',#3829,#3830);
#3829 = CARTESIAN_POINT('',(-8.04,22.48,0.));
#3830 = VECTOR('',#3831,1.);
#3831 = DIRECTION('',(0.,0.,1.));
#3832 = PCURVE('',#1471,#3833);
#3833 = DEFINITIONAL_REPRESENTATION('',(#3834),#3838);
#3834 = LINE('',#3835,#3836);
#3835 = CARTESIAN_POINT('',(1.570796326795,0.));
#3836 = VECTOR('',#3837,1.);
#3837 = DIRECTION('',(0.,1.));
#3838 = ( GEOMETRIC_REPRESENTATION_CONTEXT(2) 
PARAMETRIC_REPRESENTATION_CONTEXT() REPRESENTATION_CONTEXT('2D SPACE',''
  ) );
#3839 = PCURVE('',#1442,#3840);
#3840 = DEFINITIONAL_REPRESENTATION('',(#3841),#3845);
#3841 = LINE('',#3842,#3843);
#3842 = CARTESIAN_POINT('',(0.,2.5));
#3843 = VECTOR('',#3844,1.);
#3844 = DIRECTION('',(1.,0.));
#3845 = ( GEOMETRIC_REPRESENTATION_CONTEXT(2) 
PARAMETRIC_REPRESENTATION_CONTEXT() REPRESENTATION_CONTEXT('2D SPACE',''
  ) );
#3846 = ORIENTED_EDGE('',*,*,#1454,.F.);
#3847 = ORIENTED_EDGE('',*,*,#3729,.F.);
#3848 = ADVANCED_FACE('',(#3849),#366,.T.);
#3849 = FACE_BOUND('',#3850,.T.);
#3850 = EDGE_LOOP('',(#3851,#3875,#3896,#3897));
#3851 = ORIENTED_EDGE('',*,*,#3852,.T.);
#3852 = EDGE_CURVE('',#3755,#3853,#3855,.T.);
#3853 = VERTEX_POINT('',#3854);
#3854 = CARTESIAN_POINT('',(-9.54,-25.78,0.));
#3855 = SURFACE_CURVE('',#3856,(#3861,#3868),.PCURVE_S1.);
#3856 = CIRCLE('',#3857,1.);
#3857 = AXIS2_PLACEMENT_3D('',#3858,#3859,#3860);
#3858 = CARTESIAN_POINT('',(-9.54,-24.78,0.));
#3859 = DIRECTION('',(0.,0.,1.));
#3860 = DIRECTION('',(0.,-1.,0.));
#3861 = PCURVE('',#366,#3862);
#3862 = DEFINITIONAL_REPRESENTATION('',(#3863),#3867);
#3863 = LINE('',#3864,#3865);
#3864 = CARTESIAN_POINT('',(-4.712388980385,0.));
#3865 = VECTOR('',#3866,1.);
#3866 = DIRECTION('',(1.,0.));
#3867 = ( GEOMETRIC_REPRESENTATION_CONTEXT(2) 
PARAMETRIC_REPRESENTATION_CONTEXT() REPRESENTATION_CONTEXT('2D SPACE',''
  ) );
#3868 = PCURVE('',#2746,#3869);
#3869 = DEFINITIONAL_REPRESENTATION('',(#3870),#3874);
#3870 = CIRCLE('',#3871,1.);
#3871 = AXIS2_PLACEMENT_2D('',#3872,#3873);
#3872 = CARTESIAN_POINT('',(-2.3,-0.65));
#3873 = DIRECTION('',(0.,-1.));
#3874 = ( GEOMETRIC_REPRESENTATION_CONTEXT(2) 
PARAMETRIC_REPRESENTATION_CONTEXT() REPRESENTATION_CONTEXT('2D SPACE',''
  ) );
#3875 = ORIENTED_EDGE('',*,*,#3876,.T.);
#3876 = EDGE_CURVE('',#3853,#350,#3877,.T.);
#3877 = SURFACE_CURVE('',#3878,(#3882,#3889),.PCURVE_S1.);
#3878 = LINE('',#3879,#3880);
#3879 = CARTESIAN_POINT('',(-9.54,-25.78,0.));
#3880 = VECTOR('',#3881,1.);
#3881 = DIRECTION('',(0.,0.,1.));
#3882 = PCURVE('',#366,#3883);
#3883 = DEFINITIONAL_REPRESENTATION('',(#3884),#3888);
#3884 = LINE('',#3885,#3886);
#3885 = CARTESIAN_POINT('',(1.570796326795,0.));
#3886 = VECTOR('',#3887,1.);
#3887 = DIRECTION('',(0.,1.));
#3888 = ( GEOMETRIC_REPRESENTATION_CONTEXT(2) 
PARAMETRIC_REPRESENTATION_CONTEXT() REPRESENTATION_CONTEXT('2D SPACE',''
  ) );
#3889 = PCURVE('',#394,#3890);
#3890 = DEFINITIONAL_REPRESENTATION('',(#3891),#3895);
#3891 = LINE('',#3892,#3893);
#3892 = CARTESIAN_POINT('',(0.,1.));
#3893 = VECTOR('',#3894,1.);
#3894 = DIRECTION('',(1.,0.));
#3895 = ( GEOMETRIC_REPRESENTATION_CONTEXT(2) 
PARAMETRIC_REPRESENTATION_CONTEXT() REPRESENTATION_CONTEXT('2D SPACE',''
  ) );
#3896 = ORIENTED_EDGE('',*,*,#349,.F.);
#3897 = ORIENTED_EDGE('',*,*,#3754,.F.);
#3898 = ADVANCED_FACE('',(#3899),#1442,.F.);
#3899 = FACE_BOUND('',#3900,.F.);
#3900 = EDGE_LOOP('',(#3901,#3924,#3945,#3946));
#3901 = ORIENTED_EDGE('',*,*,#3902,.F.);
#3902 = EDGE_CURVE('',#3903,#3803,#3905,.T.);
#3903 = VERTEX_POINT('',#3904);
#3904 = CARTESIAN_POINT('',(-9.54,22.48,0.));
#3905 = SURFACE_CURVE('',#3906,(#3910,#3917),.PCURVE_S1.);
#3906 = LINE('',#3907,#3908);
#3907 = CARTESIAN_POINT('',(-10.54,22.48,0.));
#3908 = VECTOR('',#3909,1.);
#3909 = DIRECTION('',(1.,0.,-0.));
#3910 = PCURVE('',#1442,#3911);
#3911 = DEFINITIONAL_REPRESENTATION('',(#3912),#3916);
#3912 = LINE('',#3913,#3914);
#3913 = CARTESIAN_POINT('',(0.,0.));
#3914 = VECTOR('',#3915,1.);
#3915 = DIRECTION('',(0.,1.));
#3916 = ( GEOMETRIC_REPRESENTATION_CONTEXT(2) 
PARAMETRIC_REPRESENTATION_CONTEXT() REPRESENTATION_CONTEXT('2D SPACE',''
  ) );
#3917 = PCURVE('',#2746,#3918);
#3918 = DEFINITIONAL_REPRESENTATION('',(#3919),#3923);
#3919 = LINE('',#3920,#3921);
#3920 = CARTESIAN_POINT('',(-3.3,46.61));
#3921 = VECTOR('',#3922,1.);
#3922 = DIRECTION('',(1.,0.));
#3923 = ( GEOMETRIC_REPRESENTATION_CONTEXT(2) 
PARAMETRIC_REPRESENTATION_CONTEXT() REPRESENTATION_CONTEXT('2D SPACE',''
  ) );
#3924 = ORIENTED_EDGE('',*,*,#3925,.T.);
#3925 = EDGE_CURVE('',#3903,#1394,#3926,.T.);
#3926 = SURFACE_CURVE('',#3927,(#3931,#3938),.PCURVE_S1.);
#3927 = LINE('',#3928,#3929);
#3928 = CARTESIAN_POINT('',(-9.54,22.48,0.));
#3929 = VECTOR('',#3930,1.);
#3930 = DIRECTION('',(0.,0.,1.));
#3931 = PCURVE('',#1442,#3932);
#3932 = DEFINITIONAL_REPRESENTATION('',(#3933),#3937);
#3933 = LINE('',#3934,#3935);
#3934 = CARTESIAN_POINT('',(0.,1.));
#3935 = VECTOR('',#3936,1.);
#3936 = DIRECTION('',(1.,0.));
#3937 = ( GEOMETRIC_REPRESENTATION_CONTEXT(2) 
PARAMETRIC_REPRESENTATION_CONTEXT() REPRESENTATION_CONTEXT('2D SPACE',''
  ) );
#3938 = PCURVE('',#1414,#3939);
#3939 = DEFINITIONAL_REPRESENTATION('',(#3940),#3944);
#3940 = LINE('',#3941,#3942);
#3941 = CARTESIAN_POINT('',(-0.,0.));
#3942 = VECTOR('',#3943,1.);
#3943 = DIRECTION('',(-0.,1.));
#3944 = ( GEOMETRIC_REPRESENTATION_CONTEXT(2) 
PARAMETRIC_REPRESENTATION_CONTEXT() REPRESENTATION_CONTEXT('2D SPACE',''
  ) );
#3945 = ORIENTED_EDGE('',*,*,#1426,.T.);
#3946 = ORIENTED_EDGE('',*,*,#3826,.F.);
#3947 = ADVANCED_FACE('',(#3948),#394,.F.);
#3948 = FACE_BOUND('',#3949,.F.);
#3949 = EDGE_LOOP('',(#3950,#3973,#3974,#3975));
#3950 = ORIENTED_EDGE('',*,*,#3951,.F.);
#3951 = EDGE_CURVE('',#3853,#3952,#3954,.T.);
#3952 = VERTEX_POINT('',#3953);
#3953 = CARTESIAN_POINT('',(-8.24,-25.78,0.));
#3954 = SURFACE_CURVE('',#3955,(#3959,#3966),.PCURVE_S1.);
#3955 = LINE('',#3956,#3957);
#3956 = CARTESIAN_POINT('',(-10.54,-25.78,0.));
#3957 = VECTOR('',#3958,1.);
#3958 = DIRECTION('',(1.,0.,-0.));
#3959 = PCURVE('',#394,#3960);
#3960 = DEFINITIONAL_REPRESENTATION('',(#3961),#3965);
#3961 = LINE('',#3962,#3963);
#3962 = CARTESIAN_POINT('',(0.,0.));
#3963 = VECTOR('',#3964,1.);
#3964 = DIRECTION('',(0.,1.));
#3965 = ( GEOMETRIC_REPRESENTATION_CONTEXT(2) 
PARAMETRIC_REPRESENTATION_CONTEXT() REPRESENTATION_CONTEXT('2D SPACE',''
  ) );
#3966 = PCURVE('',#2746,#3967);
#3967 = DEFINITIONAL_REPRESENTATION('',(#3968),#3972);
#3968 = LINE('',#3969,#3970);
#3969 = CARTESIAN_POINT('',(-3.3,-1.65));
#3970 = VECTOR('',#3971,1.);
#3971 = DIRECTION('',(1.,0.));
#3972 = ( GEOMETRIC_REPRESENTATION_CONTEXT(2) 
PARAMETRIC_REPRESENTATION_CONTEXT() REPRESENTATION_CONTEXT('2D SPACE',''
  ) );
#3973 = ORIENTED_EDGE('',*,*,#3876,.T.);
#3974 = ORIENTED_EDGE('',*,*,#378,.T.);
#3975 = ORIENTED_EDGE('',*,*,#3976,.F.);
#3976 = EDGE_CURVE('',#3952,#379,#3977,.T.);
#3977 = SURFACE_CURVE('',#3978,(#3982,#3989),.PCURVE_S1.);
#3978 = LINE('',#3979,#3980);
#3979 = CARTESIAN_POINT('',(-8.24,-25.78,0.));
#3980 = VECTOR('',#3981,1.);
#3981 = DIRECTION('',(0.,0.,1.));
#3982 = PCURVE('',#394,#3983);
#3983 = DEFINITIONAL_REPRESENTATION('',(#3984),#3988);
#3984 = LINE('',#3985,#3986);
#3985 = CARTESIAN_POINT('',(0.,2.3));
#3986 = VECTOR('',#3987,1.);
#3987 = DIRECTION('',(1.,0.));
#3988 = ( GEOMETRIC_REPRESENTATION_CONTEXT(2) 
PARAMETRIC_REPRESENTATION_CONTEXT() REPRESENTATION_CONTEXT('2D SPACE',''
  ) );
#3989 = PCURVE('',#423,#3990);
#3990 = DEFINITIONAL_REPRESENTATION('',(#3991),#3995);
#3991 = LINE('',#3992,#3993);
#3992 = CARTESIAN_POINT('',(0.,0.));
#3993 = VECTOR('',#3994,1.);
#3994 = DIRECTION('',(0.,1.));
#3995 = ( GEOMETRIC_REPRESENTATION_CONTEXT(2) 
PARAMETRIC_REPRESENTATION_CONTEXT() REPRESENTATION_CONTEXT('2D SPACE',''
  ) );
#3996 = ADVANCED_FACE('',(#3997),#1414,.T.);
#3997 = FACE_BOUND('',#3998,.F.);
#3998 = EDGE_LOOP('',(#3999,#4027,#4048,#4049));
#3999 = ORIENTED_EDGE('',*,*,#4000,.T.);
#4000 = EDGE_CURVE('',#3903,#4001,#4003,.T.);
#4001 = VERTEX_POINT('',#4002);
#4002 = CARTESIAN_POINT('',(-10.54,23.48,0.));
#4003 = SURFACE_CURVE('',#4004,(#4009,#4016),.PCURVE_S1.);
#4004 = CIRCLE('',#4005,1.);
#4005 = AXIS2_PLACEMENT_3D('',#4006,#4007,#4008);
#4006 = CARTESIAN_POINT('',(-9.54,23.48,0.));
#4007 = DIRECTION('',(-0.,-0.,-1.));
#4008 = DIRECTION('',(0.,-1.,0.));
#4009 = PCURVE('',#1414,#4010);
#4010 = DEFINITIONAL_REPRESENTATION('',(#4011),#4015);
#4011 = LINE('',#4012,#4013);
#4012 = CARTESIAN_POINT('',(-0.,0.));
#4013 = VECTOR('',#4014,1.);
#4014 = DIRECTION('',(-1.,0.));
#4015 = ( GEOMETRIC_REPRESENTATION_CONTEXT(2) 
PARAMETRIC_REPRESENTATION_CONTEXT() REPRESENTATION_CONTEXT('2D SPACE',''
  ) );
#4016 = PCURVE('',#2746,#4017);
#4017 = DEFINITIONAL_REPRESENTATION('',(#4018),#4026);
#4018 = ( BOUNDED_CURVE() B_SPLINE_CURVE(2,(#4019,#4020,#4021,#4022,
#4023,#4024,#4025),.UNSPECIFIED.,.T.,.F.) B_SPLINE_CURVE_WITH_KNOTS((1,2
    ,2,2,2,1),(-2.094395102393,0.,2.094395102393,4.188790204786,
6.28318530718,8.377580409573),.UNSPECIFIED.) CURVE() 
GEOMETRIC_REPRESENTATION_ITEM() RATIONAL_B_SPLINE_CURVE((1.,0.5,1.,0.5,
1.,0.5,1.)) REPRESENTATION_ITEM('') );
#4019 = CARTESIAN_POINT('',(-2.3,46.61));
#4020 = CARTESIAN_POINT('',(-4.032050807569,46.61));
#4021 = CARTESIAN_POINT('',(-3.166025403784,48.11));
#4022 = CARTESIAN_POINT('',(-2.3,49.61));
#4023 = CARTESIAN_POINT('',(-1.433974596216,48.11));
#4024 = CARTESIAN_POINT('',(-0.567949192431,46.61));
#4025 = CARTESIAN_POINT('',(-2.3,46.61));
#4026 = ( GEOMETRIC_REPRESENTATION_CONTEXT(2) 
PARAMETRIC_REPRESENTATION_CONTEXT() REPRESENTATION_CONTEXT('2D SPACE',''
  ) );
#4027 = ORIENTED_EDGE('',*,*,#4028,.T.);
#4028 = EDGE_CURVE('',#4001,#1366,#4029,.T.);
#4029 = SURFACE_CURVE('',#4030,(#4034,#4041),.PCURVE_S1.);
#4030 = LINE('',#4031,#4032);
#4031 = CARTESIAN_POINT('',(-10.54,23.48,0.));
#4032 = VECTOR('',#4033,1.);
#4033 = DIRECTION('',(0.,0.,1.));
#4034 = PCURVE('',#1414,#4035);
#4035 = DEFINITIONAL_REPRESENTATION('',(#4036),#4040);
#4036 = LINE('',#4037,#4038);
#4037 = CARTESIAN_POINT('',(-1.570796326795,0.));
#4038 = VECTOR('',#4039,1.);
#4039 = DIRECTION('',(-0.,1.));
#4040 = ( GEOMETRIC_REPRESENTATION_CONTEXT(2) 
PARAMETRIC_REPRESENTATION_CONTEXT() REPRESENTATION_CONTEXT('2D SPACE',''
  ) );
#4041 = PCURVE('',#1381,#4042);
#4042 = DEFINITIONAL_REPRESENTATION('',(#4043),#4047);
#4043 = LINE('',#4044,#4045);
#4044 = CARTESIAN_POINT('',(0.,-1.));
#4045 = VECTOR('',#4046,1.);
#4046 = DIRECTION('',(1.,0.));
#4047 = ( GEOMETRIC_REPRESENTATION_CONTEXT(2) 
PARAMETRIC_REPRESENTATION_CONTEXT() REPRESENTATION_CONTEXT('2D SPACE',''
  ) );
#4048 = ORIENTED_EDGE('',*,*,#1393,.F.);
#4049 = ORIENTED_EDGE('',*,*,#3925,.F.);
#4050 = ADVANCED_FACE('',(#4051),#423,.T.);
#4051 = FACE_BOUND('',#4052,.T.);
#4052 = EDGE_LOOP('',(#4053,#4077,#4098,#4099));
#4053 = ORIENTED_EDGE('',*,*,#4054,.T.);
#4054 = EDGE_CURVE('',#3952,#4055,#4057,.T.);
#4055 = VERTEX_POINT('',#4056);
#4056 = CARTESIAN_POINT('',(-7.24,-24.78,0.));
#4057 = SURFACE_CURVE('',#4058,(#4063,#4070),.PCURVE_S1.);
#4058 = CIRCLE('',#4059,1.);
#4059 = AXIS2_PLACEMENT_3D('',#4060,#4061,#4062);
#4060 = CARTESIAN_POINT('',(-8.24,-24.78,0.));
#4061 = DIRECTION('',(0.,0.,1.));
#4062 = DIRECTION('',(0.,-1.,0.));
#4063 = PCURVE('',#423,#4064);
#4064 = DEFINITIONAL_REPRESENTATION('',(#4065),#4069);
#4065 = LINE('',#4066,#4067);
#4066 = CARTESIAN_POINT('',(0.,0.));
#4067 = VECTOR('',#4068,1.);
#4068 = DIRECTION('',(1.,0.));
#4069 = ( GEOMETRIC_REPRESENTATION_CONTEXT(2) 
PARAMETRIC_REPRESENTATION_CONTEXT() REPRESENTATION_CONTEXT('2D SPACE',''
  ) );
#4070 = PCURVE('',#2746,#4071);
#4071 = DEFINITIONAL_REPRESENTATION('',(#4072),#4076);
#4072 = CIRCLE('',#4073,1.);
#4073 = AXIS2_PLACEMENT_2D('',#4074,#4075);
#4074 = CARTESIAN_POINT('',(-1.,-0.65));
#4075 = DIRECTION('',(0.,-1.));
#4076 = ( GEOMETRIC_REPRESENTATION_CONTEXT(2) 
PARAMETRIC_REPRESENTATION_CONTEXT() REPRESENTATION_CONTEXT('2D SPACE',''
  ) );
#4077 = ORIENTED_EDGE('',*,*,#4078,.T.);
#4078 = EDGE_CURVE('',#4055,#407,#4079,.T.);
#4079 = SURFACE_CURVE('',#4080,(#4084,#4091),.PCURVE_S1.);
#4080 = LINE('',#4081,#4082);
#4081 = CARTESIAN_POINT('',(-7.24,-24.78,0.));
#4082 = VECTOR('',#4083,1.);
#4083 = DIRECTION('',(0.,0.,1.));
#4084 = PCURVE('',#423,#4085);
#4085 = DEFINITIONAL_REPRESENTATION('',(#4086),#4090);
#4086 = LINE('',#4087,#4088);
#4087 = CARTESIAN_POINT('',(1.570796326795,0.));
#4088 = VECTOR('',#4089,1.);
#4089 = DIRECTION('',(0.,1.));
#4090 = ( GEOMETRIC_REPRESENTATION_CONTEXT(2) 
PARAMETRIC_REPRESENTATION_CONTEXT() REPRESENTATION_CONTEXT('2D SPACE',''
  ) );
#4091 = PCURVE('',#451,#4092);
#4092 = DEFINITIONAL_REPRESENTATION('',(#4093),#4097);
#4093 = LINE('',#4094,#4095);
#4094 = CARTESIAN_POINT('',(0.,-1.));
#4095 = VECTOR('',#4096,1.);
#4096 = DIRECTION('',(1.,0.));
#4097 = ( GEOMETRIC_REPRESENTATION_CONTEXT(2) 
PARAMETRIC_REPRESENTATION_CONTEXT() REPRESENTATION_CONTEXT('2D SPACE',''
  ) );
#4098 = ORIENTED_EDGE('',*,*,#406,.F.);
#4099 = ORIENTED_EDGE('',*,*,#3976,.F.);
#4100 = ADVANCED_FACE('',(#4101),#1381,.F.);
#4101 = FACE_BOUND('',#4102,.F.);
#4102 = EDGE_LOOP('',(#4103,#4104,#4105,#4128));
#4103 = ORIENTED_EDGE('',*,*,#1365,.F.);
#4104 = ORIENTED_EDGE('',*,*,#4028,.F.);
#4105 = ORIENTED_EDGE('',*,*,#4106,.T.);
#4106 = EDGE_CURVE('',#4001,#4107,#4109,.T.);
#4107 = VERTEX_POINT('',#4108);
#4108 = CARTESIAN_POINT('',(-10.54,24.78,0.));
#4109 = SURFACE_CURVE('',#4110,(#4114,#4121),.PCURVE_S1.);
#4110 = LINE('',#4111,#4112);
#4111 = CARTESIAN_POINT('',(-10.54,22.48,0.));
#4112 = VECTOR('',#4113,1.);
#4113 = DIRECTION('',(-0.,1.,0.));
#4114 = PCURVE('',#1381,#4115);
#4115 = DEFINITIONAL_REPRESENTATION('',(#4116),#4120);
#4116 = LINE('',#4117,#4118);
#4117 = CARTESIAN_POINT('',(0.,0.));
#4118 = VECTOR('',#4119,1.);
#4119 = DIRECTION('',(0.,-1.));
#4120 = ( GEOMETRIC_REPRESENTATION_CONTEXT(2) 
PARAMETRIC_REPRESENTATION_CONTEXT() REPRESENTATION_CONTEXT('2D SPACE',''
  ) );
#4121 = PCURVE('',#2746,#4122);
#4122 = DEFINITIONAL_REPRESENTATION('',(#4123),#4127);
#4123 = LINE('',#4124,#4125);
#4124 = CARTESIAN_POINT('',(-3.3,46.61));
#4125 = VECTOR('',#4126,1.);
#4126 = DIRECTION('',(0.,1.));
#4127 = ( GEOMETRIC_REPRESENTATION_CONTEXT(2) 
PARAMETRIC_REPRESENTATION_CONTEXT() REPRESENTATION_CONTEXT('2D SPACE',''
  ) );
#4128 = ORIENTED_EDGE('',*,*,#4129,.T.);
#4129 = EDGE_CURVE('',#4107,#1333,#4130,.T.);
#4130 = SURFACE_CURVE('',#4131,(#4135,#4142),.PCURVE_S1.);
#4131 = LINE('',#4132,#4133);
#4132 = CARTESIAN_POINT('',(-10.54,24.78,0.));
#4133 = VECTOR('',#4134,1.);
#4134 = DIRECTION('',(0.,0.,1.));
#4135 = PCURVE('',#1381,#4136);
#4136 = DEFINITIONAL_REPRESENTATION('',(#4137),#4141);
#4137 = LINE('',#4138,#4139);
#4138 = CARTESIAN_POINT('',(0.,-2.3));
#4139 = VECTOR('',#4140,1.);
#4140 = DIRECTION('',(1.,0.));
#4141 = ( GEOMETRIC_REPRESENTATION_CONTEXT(2) 
PARAMETRIC_REPRESENTATION_CONTEXT() REPRESENTATION_CONTEXT('2D SPACE',''
  ) );
#4142 = PCURVE('',#1353,#4143);
#4143 = DEFINITIONAL_REPRESENTATION('',(#4144),#4148);
#4144 = LINE('',#4145,#4146);
#4145 = CARTESIAN_POINT('',(-0.,0.));
#4146 = VECTOR('',#4147,1.);
#4147 = DIRECTION('',(-0.,1.));
#4148 = ( GEOMETRIC_REPRESENTATION_CONTEXT(2) 
PARAMETRIC_REPRESENTATION_CONTEXT() REPRESENTATION_CONTEXT('2D SPACE',''
  ) );
#4149 = ADVANCED_FACE('',(#4150),#451,.T.);
#4150 = FACE_BOUND('',#4151,.T.);
#4151 = EDGE_LOOP('',(#4152,#4153,#4154,#4177));
#4152 = ORIENTED_EDGE('',*,*,#435,.F.);
#4153 = ORIENTED_EDGE('',*,*,#4078,.F.);
#4154 = ORIENTED_EDGE('',*,*,#4155,.T.);
#4155 = EDGE_CURVE('',#4055,#4156,#4158,.T.);
#4156 = VERTEX_POINT('',#4157);
#4157 = CARTESIAN_POINT('',(-7.24,-24.13,0.));
#4158 = SURFACE_CURVE('',#4159,(#4163,#4170),.PCURVE_S1.);
#4159 = LINE('',#4160,#4161);
#4160 = CARTESIAN_POINT('',(-7.24,-25.78,0.));
#4161 = VECTOR('',#4162,1.);
#4162 = DIRECTION('',(-0.,1.,0.));
#4163 = PCURVE('',#451,#4164);
#4164 = DEFINITIONAL_REPRESENTATION('',(#4165),#4169);
#4165 = LINE('',#4166,#4167);
#4166 = CARTESIAN_POINT('',(0.,0.));
#4167 = VECTOR('',#4168,1.);
#4168 = DIRECTION('',(0.,-1.));
#4169 = ( GEOMETRIC_REPRESENTATION_CONTEXT(2) 
PARAMETRIC_REPRESENTATION_CONTEXT() REPRESENTATION_CONTEXT('2D SPACE',''
  ) );
#4170 = PCURVE('',#2746,#4171);
#4171 = DEFINITIONAL_REPRESENTATION('',(#4172),#4176);
#4172 = LINE('',#4173,#4174);
#4173 = CARTESIAN_POINT('',(0.,-1.65));
#4174 = VECTOR('',#4175,1.);
#4175 = DIRECTION('',(0.,1.));
#4176 = ( GEOMETRIC_REPRESENTATION_CONTEXT(2) 
PARAMETRIC_REPRESENTATION_CONTEXT() REPRESENTATION_CONTEXT('2D SPACE',''
  ) );
#4177 = ORIENTED_EDGE('',*,*,#4178,.T.);
#4178 = EDGE_CURVE('',#4156,#436,#4179,.T.);
#4179 = SURFACE_CURVE('',#4180,(#4184,#4191),.PCURVE_S1.);
#4180 = LINE('',#4181,#4182);
#4181 = CARTESIAN_POINT('',(-7.24,-24.13,0.));
#4182 = VECTOR('',#4183,1.);
#4183 = DIRECTION('',(0.,0.,1.));
#4184 = PCURVE('',#451,#4185);
#4185 = DEFINITIONAL_REPRESENTATION('',(#4186),#4190);
#4186 = LINE('',#4187,#4188);
#4187 = CARTESIAN_POINT('',(0.,-1.65));
#4188 = VECTOR('',#4189,1.);
#4189 = DIRECTION('',(1.,0.));
#4190 = ( GEOMETRIC_REPRESENTATION_CONTEXT(2) 
PARAMETRIC_REPRESENTATION_CONTEXT() REPRESENTATION_CONTEXT('2D SPACE',''
  ) );
#4191 = PCURVE('',#479,#4192);
#4192 = DEFINITIONAL_REPRESENTATION('',(#4193),#4197);
#4193 = LINE('',#4194,#4195);
#4194 = CARTESIAN_POINT('',(0.,0.));
#4195 = VECTOR('',#4196,1.);
#4196 = DIRECTION('',(1.,0.));
#4197 = ( GEOMETRIC_REPRESENTATION_CONTEXT(2) 
PARAMETRIC_REPRESENTATION_CONTEXT() REPRESENTATION_CONTEXT('2D SPACE',''
  ) );
#4198 = ADVANCED_FACE('',(#4199),#1353,.T.);
#4199 = FACE_BOUND('',#4200,.F.);
#4200 = EDGE_LOOP('',(#4201,#4229,#4250,#4251));
#4201 = ORIENTED_EDGE('',*,*,#4202,.T.);
#4202 = EDGE_CURVE('',#4107,#4203,#4205,.T.);
#4203 = VERTEX_POINT('',#4204);
#4204 = CARTESIAN_POINT('',(-9.54,25.78,0.));
#4205 = SURFACE_CURVE('',#4206,(#4211,#4218),.PCURVE_S1.);
#4206 = CIRCLE('',#4207,1.);
#4207 = AXIS2_PLACEMENT_3D('',#4208,#4209,#4210);
#4208 = CARTESIAN_POINT('',(-9.54,24.78,0.));
#4209 = DIRECTION('',(-0.,-0.,-1.));
#4210 = DIRECTION('',(0.,-1.,0.));
#4211 = PCURVE('',#1353,#4212);
#4212 = DEFINITIONAL_REPRESENTATION('',(#4213),#4217);
#4213 = LINE('',#4214,#4215);
#4214 = CARTESIAN_POINT('',(1.570796326795,-0.));
#4215 = VECTOR('',#4216,1.);
#4216 = DIRECTION('',(-1.,0.));
#4217 = ( GEOMETRIC_REPRESENTATION_CONTEXT(2) 
PARAMETRIC_REPRESENTATION_CONTEXT() REPRESENTATION_CONTEXT('2D SPACE',''
  ) );
#4218 = PCURVE('',#2746,#4219);
#4219 = DEFINITIONAL_REPRESENTATION('',(#4220),#4228);
#4220 = ( BOUNDED_CURVE() B_SPLINE_CURVE(2,(#4221,#4222,#4223,#4224,
#4225,#4226,#4227),.UNSPECIFIED.,.T.,.F.) B_SPLINE_CURVE_WITH_KNOTS((1,2
    ,2,2,2,1),(-2.094395102393,0.,2.094395102393,4.188790204786,
6.28318530718,8.377580409573),.UNSPECIFIED.) CURVE() 
GEOMETRIC_REPRESENTATION_ITEM() RATIONAL_B_SPLINE_CURVE((1.,0.5,1.,0.5,
1.,0.5,1.)) REPRESENTATION_ITEM('') );
#4221 = CARTESIAN_POINT('',(-2.3,47.91));
#4222 = CARTESIAN_POINT('',(-4.032050807569,47.91));
#4223 = CARTESIAN_POINT('',(-3.166025403784,49.41));
#4224 = CARTESIAN_POINT('',(-2.3,50.91));
#4225 = CARTESIAN_POINT('',(-1.433974596216,49.41));
#4226 = CARTESIAN_POINT('',(-0.567949192431,47.91));
#4227 = CARTESIAN_POINT('',(-2.3,47.91));
#4228 = ( GEOMETRIC_REPRESENTATION_CONTEXT(2) 
PARAMETRIC_REPRESENTATION_CONTEXT() REPRESENTATION_CONTEXT('2D SPACE',''
  ) );
#4229 = ORIENTED_EDGE('',*,*,#4230,.T.);
#4230 = EDGE_CURVE('',#4203,#1305,#4231,.T.);
#4231 = SURFACE_CURVE('',#4232,(#4236,#4243),.PCURVE_S1.);
#4232 = LINE('',#4233,#4234);
#4233 = CARTESIAN_POINT('',(-9.54,25.78,0.));
#4234 = VECTOR('',#4235,1.);
#4235 = DIRECTION('',(0.,0.,1.));
#4236 = PCURVE('',#1353,#4237);
#4237 = DEFINITIONAL_REPRESENTATION('',(#4238),#4242);
#4238 = LINE('',#4239,#4240);
#4239 = CARTESIAN_POINT('',(-1.570796326795,0.));
#4240 = VECTOR('',#4241,1.);
#4241 = DIRECTION('',(-0.,1.));
#4242 = ( GEOMETRIC_REPRESENTATION_CONTEXT(2) 
PARAMETRIC_REPRESENTATION_CONTEXT() REPRESENTATION_CONTEXT('2D SPACE',''
  ) );
#4243 = PCURVE('',#1320,#4244);
#4244 = DEFINITIONAL_REPRESENTATION('',(#4245),#4249);
#4245 = LINE('',#4246,#4247);
#4246 = CARTESIAN_POINT('',(0.,1.));
#4247 = VECTOR('',#4248,1.);
#4248 = DIRECTION('',(1.,0.));
#4249 = ( GEOMETRIC_REPRESENTATION_CONTEXT(2) 
PARAMETRIC_REPRESENTATION_CONTEXT() REPRESENTATION_CONTEXT('2D SPACE',''
  ) );
#4250 = ORIENTED_EDGE('',*,*,#1332,.F.);
#4251 = ORIENTED_EDGE('',*,*,#4129,.F.);
#4252 = ADVANCED_FACE('',(#4253),#479,.F.);
#4253 = FACE_BOUND('',#4254,.F.);
#4254 = EDGE_LOOP('',(#4255,#4278,#4279,#4280));
#4255 = ORIENTED_EDGE('',*,*,#4256,.F.);
#4256 = EDGE_CURVE('',#4156,#4257,#4259,.T.);
#4257 = VERTEX_POINT('',#4258);
#4258 = CARTESIAN_POINT('',(7.24,-24.13,0.));
#4259 = SURFACE_CURVE('',#4260,(#4264,#4271),.PCURVE_S1.);
#4260 = LINE('',#4261,#4262);
#4261 = CARTESIAN_POINT('',(-7.24,-24.13,0.));
#4262 = VECTOR('',#4263,1.);
#4263 = DIRECTION('',(1.,0.,-0.));
#4264 = PCURVE('',#479,#4265);
#4265 = DEFINITIONAL_REPRESENTATION('',(#4266),#4270);
#4266 = LINE('',#4267,#4268);
#4267 = CARTESIAN_POINT('',(0.,0.));
#4268 = VECTOR('',#4269,1.);
#4269 = DIRECTION('',(0.,1.));
#4270 = ( GEOMETRIC_REPRESENTATION_CONTEXT(2) 
PARAMETRIC_REPRESENTATION_CONTEXT() REPRESENTATION_CONTEXT('2D SPACE',''
  ) );
#4271 = PCURVE('',#2746,#4272);
#4272 = DEFINITIONAL_REPRESENTATION('',(#4273),#4277);
#4273 = LINE('',#4274,#4275);
#4274 = CARTESIAN_POINT('',(0.,0.));
#4275 = VECTOR('',#4276,1.);
#4276 = DIRECTION('',(1.,0.));
#4277 = ( GEOMETRIC_REPRESENTATION_CONTEXT(2) 
PARAMETRIC_REPRESENTATION_CONTEXT() REPRESENTATION_CONTEXT('2D SPACE',''
  ) );
#4278 = ORIENTED_EDGE('',*,*,#4178,.T.);
#4279 = ORIENTED_EDGE('',*,*,#463,.T.);
#4280 = ORIENTED_EDGE('',*,*,#4281,.F.);
#4281 = EDGE_CURVE('',#4257,#464,#4282,.T.);
#4282 = SURFACE_CURVE('',#4283,(#4287,#4294),.PCURVE_S1.);
#4283 = LINE('',#4284,#4285);
#4284 = CARTESIAN_POINT('',(7.24,-24.13,0.));
#4285 = VECTOR('',#4286,1.);
#4286 = DIRECTION('',(0.,0.,1.));
#4287 = PCURVE('',#479,#4288);
#4288 = DEFINITIONAL_REPRESENTATION('',(#4289),#4293);
#4289 = LINE('',#4290,#4291);
#4290 = CARTESIAN_POINT('',(0.,14.48));
#4291 = VECTOR('',#4292,1.);
#4292 = DIRECTION('',(1.,0.));
#4293 = ( GEOMETRIC_REPRESENTATION_CONTEXT(2) 
PARAMETRIC_REPRESENTATION_CONTEXT() REPRESENTATION_CONTEXT('2D SPACE',''
  ) );
#4294 = PCURVE('',#507,#4295);
#4295 = DEFINITIONAL_REPRESENTATION('',(#4296),#4300);
#4296 = LINE('',#4297,#4298);
#4297 = CARTESIAN_POINT('',(0.,-1.65));
#4298 = VECTOR('',#4299,1.);
#4299 = DIRECTION('',(1.,0.));
#4300 = ( GEOMETRIC_REPRESENTATION_CONTEXT(2) 
PARAMETRIC_REPRESENTATION_CONTEXT() REPRESENTATION_CONTEXT('2D SPACE',''
  ) );
#4301 = ADVANCED_FACE('',(#4302),#1320,.T.);
#4302 = FACE_BOUND('',#4303,.T.);
#4303 = EDGE_LOOP('',(#4304,#4327,#4328,#4329));
#4304 = ORIENTED_EDGE('',*,*,#4305,.F.);
#4305 = EDGE_CURVE('',#4203,#4306,#4308,.T.);
#4306 = VERTEX_POINT('',#4307);
#4307 = CARTESIAN_POINT('',(-8.24,25.78,0.));
#4308 = SURFACE_CURVE('',#4309,(#4313,#4320),.PCURVE_S1.);
#4309 = LINE('',#4310,#4311);
#4310 = CARTESIAN_POINT('',(-10.54,25.78,0.));
#4311 = VECTOR('',#4312,1.);
#4312 = DIRECTION('',(1.,0.,-0.));
#4313 = PCURVE('',#1320,#4314);
#4314 = DEFINITIONAL_REPRESENTATION('',(#4315),#4319);
#4315 = LINE('',#4316,#4317);
#4316 = CARTESIAN_POINT('',(0.,0.));
#4317 = VECTOR('',#4318,1.);
#4318 = DIRECTION('',(0.,1.));
#4319 = ( GEOMETRIC_REPRESENTATION_CONTEXT(2) 
PARAMETRIC_REPRESENTATION_CONTEXT() REPRESENTATION_CONTEXT('2D SPACE',''
  ) );
#4320 = PCURVE('',#2746,#4321);
#4321 = DEFINITIONAL_REPRESENTATION('',(#4322),#4326);
#4322 = LINE('',#4323,#4324);
#4323 = CARTESIAN_POINT('',(-3.3,49.91));
#4324 = VECTOR('',#4325,1.);
#4325 = DIRECTION('',(1.,0.));
#4326 = ( GEOMETRIC_REPRESENTATION_CONTEXT(2) 
PARAMETRIC_REPRESENTATION_CONTEXT() REPRESENTATION_CONTEXT('2D SPACE',''
  ) );
#4327 = ORIENTED_EDGE('',*,*,#4230,.T.);
#4328 = ORIENTED_EDGE('',*,*,#1304,.T.);
#4329 = ORIENTED_EDGE('',*,*,#4330,.F.);
#4330 = EDGE_CURVE('',#4306,#1276,#4331,.T.);
#4331 = SURFACE_CURVE('',#4332,(#4336,#4343),.PCURVE_S1.);
#4332 = LINE('',#4333,#4334);
#4333 = CARTESIAN_POINT('',(-8.24,25.78,0.));
#4334 = VECTOR('',#4335,1.);
#4335 = DIRECTION('',(0.,0.,1.));
#4336 = PCURVE('',#1320,#4337);
#4337 = DEFINITIONAL_REPRESENTATION('',(#4338),#4342);
#4338 = LINE('',#4339,#4340);
#4339 = CARTESIAN_POINT('',(0.,2.3));
#4340 = VECTOR('',#4341,1.);
#4341 = DIRECTION('',(1.,0.));
#4342 = ( GEOMETRIC_REPRESENTATION_CONTEXT(2) 
PARAMETRIC_REPRESENTATION_CONTEXT() REPRESENTATION_CONTEXT('2D SPACE',''
  ) );
#4343 = PCURVE('',#1292,#4344);
#4344 = DEFINITIONAL_REPRESENTATION('',(#4345),#4349);
#4345 = LINE('',#4346,#4347);
#4346 = CARTESIAN_POINT('',(1.570796326795,0.));
#4347 = VECTOR('',#4348,1.);
#4348 = DIRECTION('',(0.,1.));
#4349 = ( GEOMETRIC_REPRESENTATION_CONTEXT(2) 
PARAMETRIC_REPRESENTATION_CONTEXT() REPRESENTATION_CONTEXT('2D SPACE',''
  ) );
#4350 = ADVANCED_FACE('',(#4351),#507,.F.);
#4351 = FACE_BOUND('',#4352,.F.);
#4352 = EDGE_LOOP('',(#4353,#4354,#4377,#4398));
#4353 = ORIENTED_EDGE('',*,*,#491,.F.);
#4354 = ORIENTED_EDGE('',*,*,#4355,.F.);
#4355 = EDGE_CURVE('',#4356,#492,#4358,.T.);
#4356 = VERTEX_POINT('',#4357);
#4357 = CARTESIAN_POINT('',(7.24,-24.78,0.));
#4358 = SURFACE_CURVE('',#4359,(#4363,#4370),.PCURVE_S1.);
#4359 = LINE('',#4360,#4361);
#4360 = CARTESIAN_POINT('',(7.24,-24.78,0.));
#4361 = VECTOR('',#4362,1.);
#4362 = DIRECTION('',(0.,0.,1.));
#4363 = PCURVE('',#507,#4364);
#4364 = DEFINITIONAL_REPRESENTATION('',(#4365),#4369);
#4365 = LINE('',#4366,#4367);
#4366 = CARTESIAN_POINT('',(0.,-1.));
#4367 = VECTOR('',#4368,1.);
#4368 = DIRECTION('',(1.,0.));
#4369 = ( GEOMETRIC_REPRESENTATION_CONTEXT(2) 
PARAMETRIC_REPRESENTATION_CONTEXT() REPRESENTATION_CONTEXT('2D SPACE',''
  ) );
#4370 = PCURVE('',#536,#4371);
#4371 = DEFINITIONAL_REPRESENTATION('',(#4372),#4376);
#4372 = LINE('',#4373,#4374);
#4373 = CARTESIAN_POINT('',(0.,0.));
#4374 = VECTOR('',#4375,1.);
#4375 = DIRECTION('',(0.,1.));
#4376 = ( GEOMETRIC_REPRESENTATION_CONTEXT(2) 
PARAMETRIC_REPRESENTATION_CONTEXT() REPRESENTATION_CONTEXT('2D SPACE',''
  ) );
#4377 = ORIENTED_EDGE('',*,*,#4378,.T.);
#4378 = EDGE_CURVE('',#4356,#4257,#4379,.T.);
#4379 = SURFACE_CURVE('',#4380,(#4384,#4391),.PCURVE_S1.);
#4380 = LINE('',#4381,#4382);
#4381 = CARTESIAN_POINT('',(7.24,-25.78,0.));
#4382 = VECTOR('',#4383,1.);
#4383 = DIRECTION('',(-0.,1.,0.));
#4384 = PCURVE('',#507,#4385);
#4385 = DEFINITIONAL_REPRESENTATION('',(#4386),#4390);
#4386 = LINE('',#4387,#4388);
#4387 = CARTESIAN_POINT('',(0.,0.));
#4388 = VECTOR('',#4389,1.);
#4389 = DIRECTION('',(0.,-1.));
#4390 = ( GEOMETRIC_REPRESENTATION_CONTEXT(2) 
PARAMETRIC_REPRESENTATION_CONTEXT() REPRESENTATION_CONTEXT('2D SPACE',''
  ) );
#4391 = PCURVE('',#2746,#4392);
#4392 = DEFINITIONAL_REPRESENTATION('',(#4393),#4397);
#4393 = LINE('',#4394,#4395);
#4394 = CARTESIAN_POINT('',(14.48,-1.65));
#4395 = VECTOR('',#4396,1.);
#4396 = DIRECTION('',(0.,1.));
#4397 = ( GEOMETRIC_REPRESENTATION_CONTEXT(2) 
PARAMETRIC_REPRESENTATION_CONTEXT() REPRESENTATION_CONTEXT('2D SPACE',''
  ) );
#4398 = ORIENTED_EDGE('',*,*,#4281,.T.);
#4399 = ADVANCED_FACE('',(#4400),#1292,.T.);
#4400 = FACE_BOUND('',#4401,.T.);
#4401 = EDGE_LOOP('',(#4402,#4426,#4427,#4428));
#4402 = ORIENTED_EDGE('',*,*,#4403,.T.);
#4403 = EDGE_CURVE('',#4404,#4306,#4406,.T.);
#4404 = VERTEX_POINT('',#4405);
#4405 = CARTESIAN_POINT('',(-7.24,24.78,0.));
#4406 = SURFACE_CURVE('',#4407,(#4412,#4419),.PCURVE_S1.);
#4407 = CIRCLE('',#4408,1.);
#4408 = AXIS2_PLACEMENT_3D('',#4409,#4410,#4411);
#4409 = CARTESIAN_POINT('',(-8.24,24.78,0.));
#4410 = DIRECTION('',(0.,0.,1.));
#4411 = DIRECTION('',(0.,-1.,0.));
#4412 = PCURVE('',#1292,#4413);
#4413 = DEFINITIONAL_REPRESENTATION('',(#4414),#4418);
#4414 = LINE('',#4415,#4416);
#4415 = CARTESIAN_POINT('',(-1.570796326795,0.));
#4416 = VECTOR('',#4417,1.);
#4417 = DIRECTION('',(1.,0.));
#4418 = ( GEOMETRIC_REPRESENTATION_CONTEXT(2) 
PARAMETRIC_REPRESENTATION_CONTEXT() REPRESENTATION_CONTEXT('2D SPACE',''
  ) );
#4419 = PCURVE('',#2746,#4420);
#4420 = DEFINITIONAL_REPRESENTATION('',(#4421),#4425);
#4421 = CIRCLE('',#4422,1.);
#4422 = AXIS2_PLACEMENT_2D('',#4423,#4424);
#4423 = CARTESIAN_POINT('',(-1.,48.91));
#4424 = DIRECTION('',(0.,-1.));
#4425 = ( GEOMETRIC_REPRESENTATION_CONTEXT(2) 
PARAMETRIC_REPRESENTATION_CONTEXT() REPRESENTATION_CONTEXT('2D SPACE',''
  ) );
#4426 = ORIENTED_EDGE('',*,*,#4330,.T.);
#4427 = ORIENTED_EDGE('',*,*,#1275,.F.);
#4428 = ORIENTED_EDGE('',*,*,#4429,.F.);
#4429 = EDGE_CURVE('',#4404,#1248,#4430,.T.);
#4430 = SURFACE_CURVE('',#4431,(#4435,#4442),.PCURVE_S1.);
#4431 = LINE('',#4432,#4433);
#4432 = CARTESIAN_POINT('',(-7.24,24.78,0.));
#4433 = VECTOR('',#4434,1.);
#4434 = DIRECTION('',(0.,0.,1.));
#4435 = PCURVE('',#1292,#4436);
#4436 = DEFINITIONAL_REPRESENTATION('',(#4437),#4441);
#4437 = LINE('',#4438,#4439);
#4438 = CARTESIAN_POINT('',(0.,0.));
#4439 = VECTOR('',#4440,1.);
#4440 = DIRECTION('',(0.,1.));
#4441 = ( GEOMETRIC_REPRESENTATION_CONTEXT(2) 
PARAMETRIC_REPRESENTATION_CONTEXT() REPRESENTATION_CONTEXT('2D SPACE',''
  ) );
#4442 = PCURVE('',#1263,#4443);
#4443 = DEFINITIONAL_REPRESENTATION('',(#4444),#4448);
#4444 = LINE('',#4445,#4446);
#4445 = CARTESIAN_POINT('',(0.,-2.3));
#4446 = VECTOR('',#4447,1.);
#4447 = DIRECTION('',(1.,0.));
#4448 = ( GEOMETRIC_REPRESENTATION_CONTEXT(2) 
PARAMETRIC_REPRESENTATION_CONTEXT() REPRESENTATION_CONTEXT('2D SPACE',''
  ) );
#4449 = ADVANCED_FACE('',(#4450),#536,.T.);
#4450 = FACE_BOUND('',#4451,.T.);
#4451 = EDGE_LOOP('',(#4452,#4476,#4497,#4498));
#4452 = ORIENTED_EDGE('',*,*,#4453,.T.);
#4453 = EDGE_CURVE('',#4356,#4454,#4456,.T.);
#4454 = VERTEX_POINT('',#4455);
#4455 = CARTESIAN_POINT('',(8.24,-25.78,0.));
#4456 = SURFACE_CURVE('',#4457,(#4462,#4469),.PCURVE_S1.);
#4457 = CIRCLE('',#4458,1.);
#4458 = AXIS2_PLACEMENT_3D('',#4459,#4460,#4461);
#4459 = CARTESIAN_POINT('',(8.24,-24.78,0.));
#4460 = DIRECTION('',(0.,0.,1.));
#4461 = DIRECTION('',(0.,-1.,0.));
#4462 = PCURVE('',#536,#4463);
#4463 = DEFINITIONAL_REPRESENTATION('',(#4464),#4468);
#4464 = LINE('',#4465,#4466);
#4465 = CARTESIAN_POINT('',(-4.712388980385,0.));
#4466 = VECTOR('',#4467,1.);
#4467 = DIRECTION('',(1.,0.));
#4468 = ( GEOMETRIC_REPRESENTATION_CONTEXT(2) 
PARAMETRIC_REPRESENTATION_CONTEXT() REPRESENTATION_CONTEXT('2D SPACE',''
  ) );
#4469 = PCURVE('',#2746,#4470);
#4470 = DEFINITIONAL_REPRESENTATION('',(#4471),#4475);
#4471 = CIRCLE('',#4472,1.);
#4472 = AXIS2_PLACEMENT_2D('',#4473,#4474);
#4473 = CARTESIAN_POINT('',(15.48,-0.65));
#4474 = DIRECTION('',(0.,-1.));
#4475 = ( GEOMETRIC_REPRESENTATION_CONTEXT(2) 
PARAMETRIC_REPRESENTATION_CONTEXT() REPRESENTATION_CONTEXT('2D SPACE',''
  ) );
#4476 = ORIENTED_EDGE('',*,*,#4477,.T.);
#4477 = EDGE_CURVE('',#4454,#520,#4478,.T.);
#4478 = SURFACE_CURVE('',#4479,(#4483,#4490),.PCURVE_S1.);
#4479 = LINE('',#4480,#4481);
#4480 = CARTESIAN_POINT('',(8.24,-25.78,0.));
#4481 = VECTOR('',#4482,1.);
#4482 = DIRECTION('',(0.,0.,1.));
#4483 = PCURVE('',#536,#4484);
#4484 = DEFINITIONAL_REPRESENTATION('',(#4485),#4489);
#4485 = LINE('',#4486,#4487);
#4486 = CARTESIAN_POINT('',(1.570796326795,0.));
#4487 = VECTOR('',#4488,1.);
#4488 = DIRECTION('',(0.,1.));
#4489 = ( GEOMETRIC_REPRESENTATION_CONTEXT(2) 
PARAMETRIC_REPRESENTATION_CONTEXT() REPRESENTATION_CONTEXT('2D SPACE',''
  ) );
#4490 = PCURVE('',#564,#4491);
#4491 = DEFINITIONAL_REPRESENTATION('',(#4492),#4496);
#4492 = LINE('',#4493,#4494);
#4493 = CARTESIAN_POINT('',(0.,1.));
#4494 = VECTOR('',#4495,1.);
#4495 = DIRECTION('',(1.,0.));
#4496 = ( GEOMETRIC_REPRESENTATION_CONTEXT(2) 
PARAMETRIC_REPRESENTATION_CONTEXT() REPRESENTATION_CONTEXT('2D SPACE',''
  ) );
#4497 = ORIENTED_EDGE('',*,*,#519,.F.);
#4498 = ORIENTED_EDGE('',*,*,#4355,.F.);
#4499 = ADVANCED_FACE('',(#4500),#1263,.T.);
#4500 = FACE_BOUND('',#4501,.T.);
#4501 = EDGE_LOOP('',(#4502,#4503,#4526,#4547));
#4502 = ORIENTED_EDGE('',*,*,#1247,.F.);
#4503 = ORIENTED_EDGE('',*,*,#4504,.F.);
#4504 = EDGE_CURVE('',#4505,#1220,#4507,.T.);
#4505 = VERTEX_POINT('',#4506);
#4506 = CARTESIAN_POINT('',(-7.24,24.13,0.));
#4507 = SURFACE_CURVE('',#4508,(#4512,#4519),.PCURVE_S1.);
#4508 = LINE('',#4509,#4510);
#4509 = CARTESIAN_POINT('',(-7.24,24.13,0.));
#4510 = VECTOR('',#4511,1.);
#4511 = DIRECTION('',(0.,0.,1.));
#4512 = PCURVE('',#1263,#4513);
#4513 = DEFINITIONAL_REPRESENTATION('',(#4514),#4518);
#4514 = LINE('',#4515,#4516);
#4515 = CARTESIAN_POINT('',(0.,-1.65));
#4516 = VECTOR('',#4517,1.);
#4517 = DIRECTION('',(1.,0.));
#4518 = ( GEOMETRIC_REPRESENTATION_CONTEXT(2) 
PARAMETRIC_REPRESENTATION_CONTEXT() REPRESENTATION_CONTEXT('2D SPACE',''
  ) );
#4519 = PCURVE('',#1235,#4520);
#4520 = DEFINITIONAL_REPRESENTATION('',(#4521),#4525);
#4521 = LINE('',#4522,#4523);
#4522 = CARTESIAN_POINT('',(0.,0.));
#4523 = VECTOR('',#4524,1.);
#4524 = DIRECTION('',(1.,0.));
#4525 = ( GEOMETRIC_REPRESENTATION_CONTEXT(2) 
PARAMETRIC_REPRESENTATION_CONTEXT() REPRESENTATION_CONTEXT('2D SPACE',''
  ) );
#4526 = ORIENTED_EDGE('',*,*,#4527,.T.);
#4527 = EDGE_CURVE('',#4505,#4404,#4528,.T.);
#4528 = SURFACE_CURVE('',#4529,(#4533,#4540),.PCURVE_S1.);
#4529 = LINE('',#4530,#4531);
#4530 = CARTESIAN_POINT('',(-7.24,22.48,0.));
#4531 = VECTOR('',#4532,1.);
#4532 = DIRECTION('',(-0.,1.,0.));
#4533 = PCURVE('',#1263,#4534);
#4534 = DEFINITIONAL_REPRESENTATION('',(#4535),#4539);
#4535 = LINE('',#4536,#4537);
#4536 = CARTESIAN_POINT('',(0.,0.));
#4537 = VECTOR('',#4538,1.);
#4538 = DIRECTION('',(0.,-1.));
#4539 = ( GEOMETRIC_REPRESENTATION_CONTEXT(2) 
PARAMETRIC_REPRESENTATION_CONTEXT() REPRESENTATION_CONTEXT('2D SPACE',''
  ) );
#4540 = PCURVE('',#2746,#4541);
#4541 = DEFINITIONAL_REPRESENTATION('',(#4542),#4546);
#4542 = LINE('',#4543,#4544);
#4543 = CARTESIAN_POINT('',(0.,46.61));
#4544 = VECTOR('',#4545,1.);
#4545 = DIRECTION('',(0.,1.));
#4546 = ( GEOMETRIC_REPRESENTATION_CONTEXT(2) 
PARAMETRIC_REPRESENTATION_CONTEXT() REPRESENTATION_CONTEXT('2D SPACE',''
  ) );
#4547 = ORIENTED_EDGE('',*,*,#4429,.T.);
#4548 = ADVANCED_FACE('',(#4549),#564,.F.);
#4549 = FACE_BOUND('',#4550,.F.);
#4550 = EDGE_LOOP('',(#4551,#4574,#4575,#4576));
#4551 = ORIENTED_EDGE('',*,*,#4552,.F.);
#4552 = EDGE_CURVE('',#4454,#4553,#4555,.T.);
#4553 = VERTEX_POINT('',#4554);
#4554 = CARTESIAN_POINT('',(9.54,-25.78,0.));
#4555 = SURFACE_CURVE('',#4556,(#4560,#4567),.PCURVE_S1.);
#4556 = LINE('',#4557,#4558);
#4557 = CARTESIAN_POINT('',(7.24,-25.78,0.));
#4558 = VECTOR('',#4559,1.);
#4559 = DIRECTION('',(1.,0.,-0.));
#4560 = PCURVE('',#564,#4561);
#4561 = DEFINITIONAL_REPRESENTATION('',(#4562),#4566);
#4562 = LINE('',#4563,#4564);
#4563 = CARTESIAN_POINT('',(0.,0.));
#4564 = VECTOR('',#4565,1.);
#4565 = DIRECTION('',(0.,1.));
#4566 = ( GEOMETRIC_REPRESENTATION_CONTEXT(2) 
PARAMETRIC_REPRESENTATION_CONTEXT() REPRESENTATION_CONTEXT('2D SPACE',''
  ) );
#4567 = PCURVE('',#2746,#4568);
#4568 = DEFINITIONAL_REPRESENTATION('',(#4569),#4573);
#4569 = LINE('',#4570,#4571);
#4570 = CARTESIAN_POINT('',(14.48,-1.65));
#4571 = VECTOR('',#4572,1.);
#4572 = DIRECTION('',(1.,0.));
#4573 = ( GEOMETRIC_REPRESENTATION_CONTEXT(2) 
PARAMETRIC_REPRESENTATION_CONTEXT() REPRESENTATION_CONTEXT('2D SPACE',''
  ) );
#4574 = ORIENTED_EDGE('',*,*,#4477,.T.);
#4575 = ORIENTED_EDGE('',*,*,#548,.T.);
#4576 = ORIENTED_EDGE('',*,*,#4577,.F.);
#4577 = EDGE_CURVE('',#4553,#549,#4578,.T.);
#4578 = SURFACE_CURVE('',#4579,(#4583,#4590),.PCURVE_S1.);
#4579 = LINE('',#4580,#4581);
#4580 = CARTESIAN_POINT('',(9.54,-25.78,0.));
#4581 = VECTOR('',#4582,1.);
#4582 = DIRECTION('',(0.,0.,1.));
#4583 = PCURVE('',#564,#4584);
#4584 = DEFINITIONAL_REPRESENTATION('',(#4585),#4589);
#4585 = LINE('',#4586,#4587);
#4586 = CARTESIAN_POINT('',(0.,2.3));
#4587 = VECTOR('',#4588,1.);
#4588 = DIRECTION('',(1.,0.));
#4589 = ( GEOMETRIC_REPRESENTATION_CONTEXT(2) 
PARAMETRIC_REPRESENTATION_CONTEXT() REPRESENTATION_CONTEXT('2D SPACE',''
  ) );
#4590 = PCURVE('',#593,#4591);
#4591 = DEFINITIONAL_REPRESENTATION('',(#4592),#4596);
#4592 = LINE('',#4593,#4594);
#4593 = CARTESIAN_POINT('',(0.,0.));
#4594 = VECTOR('',#4595,1.);
#4595 = DIRECTION('',(0.,1.));
#4596 = ( GEOMETRIC_REPRESENTATION_CONTEXT(2) 
PARAMETRIC_REPRESENTATION_CONTEXT() REPRESENTATION_CONTEXT('2D SPACE',''
  ) );
#4597 = ADVANCED_FACE('',(#4598),#1235,.T.);
#4598 = FACE_BOUND('',#4599,.T.);
#4599 = EDGE_LOOP('',(#4600,#4623,#4624,#4625));
#4600 = ORIENTED_EDGE('',*,*,#4601,.F.);
#4601 = EDGE_CURVE('',#4505,#4602,#4604,.T.);
#4602 = VERTEX_POINT('',#4603);
#4603 = CARTESIAN_POINT('',(7.24,24.13,0.));
#4604 = SURFACE_CURVE('',#4605,(#4609,#4616),.PCURVE_S1.);
#4605 = LINE('',#4606,#4607);
#4606 = CARTESIAN_POINT('',(-7.24,24.13,0.));
#4607 = VECTOR('',#4608,1.);
#4608 = DIRECTION('',(1.,0.,-0.));
#4609 = PCURVE('',#1235,#4610);
#4610 = DEFINITIONAL_REPRESENTATION('',(#4611),#4615);
#4611 = LINE('',#4612,#4613);
#4612 = CARTESIAN_POINT('',(0.,0.));
#4613 = VECTOR('',#4614,1.);
#4614 = DIRECTION('',(0.,1.));
#4615 = ( GEOMETRIC_REPRESENTATION_CONTEXT(2) 
PARAMETRIC_REPRESENTATION_CONTEXT() REPRESENTATION_CONTEXT('2D SPACE',''
  ) );
#4616 = PCURVE('',#2746,#4617);
#4617 = DEFINITIONAL_REPRESENTATION('',(#4618),#4622);
#4618 = LINE('',#4619,#4620);
#4619 = CARTESIAN_POINT('',(0.,48.26));
#4620 = VECTOR('',#4621,1.);
#4621 = DIRECTION('',(1.,0.));
#4622 = ( GEOMETRIC_REPRESENTATION_CONTEXT(2) 
PARAMETRIC_REPRESENTATION_CONTEXT() REPRESENTATION_CONTEXT('2D SPACE',''
  ) );
#4623 = ORIENTED_EDGE('',*,*,#4504,.T.);
#4624 = ORIENTED_EDGE('',*,*,#1219,.T.);
#4625 = ORIENTED_EDGE('',*,*,#4626,.F.);
#4626 = EDGE_CURVE('',#4602,#1192,#4627,.T.);
#4627 = SURFACE_CURVE('',#4628,(#4632,#4639),.PCURVE_S1.);
#4628 = LINE('',#4629,#4630);
#4629 = CARTESIAN_POINT('',(7.24,24.13,0.));
#4630 = VECTOR('',#4631,1.);
#4631 = DIRECTION('',(0.,0.,1.));
#4632 = PCURVE('',#1235,#4633);
#4633 = DEFINITIONAL_REPRESENTATION('',(#4634),#4638);
#4634 = LINE('',#4635,#4636);
#4635 = CARTESIAN_POINT('',(0.,14.48));
#4636 = VECTOR('',#4637,1.);
#4637 = DIRECTION('',(1.,0.));
#4638 = ( GEOMETRIC_REPRESENTATION_CONTEXT(2) 
PARAMETRIC_REPRESENTATION_CONTEXT() REPRESENTATION_CONTEXT('2D SPACE',''
  ) );
#4639 = PCURVE('',#1207,#4640);
#4640 = DEFINITIONAL_REPRESENTATION('',(#4641),#4645);
#4641 = LINE('',#4642,#4643);
#4642 = CARTESIAN_POINT('',(0.,-1.65));
#4643 = VECTOR('',#4644,1.);
#4644 = DIRECTION('',(1.,0.));
#4645 = ( GEOMETRIC_REPRESENTATION_CONTEXT(2) 
PARAMETRIC_REPRESENTATION_CONTEXT() REPRESENTATION_CONTEXT('2D SPACE',''
  ) );
#4646 = ADVANCED_FACE('',(#4647),#593,.T.);
#4647 = FACE_BOUND('',#4648,.T.);
#4648 = EDGE_LOOP('',(#4649,#4673,#4694,#4695));
#4649 = ORIENTED_EDGE('',*,*,#4650,.T.);
#4650 = EDGE_CURVE('',#4553,#4651,#4653,.T.);
#4651 = VERTEX_POINT('',#4652);
#4652 = CARTESIAN_POINT('',(10.54,-24.78,0.));
#4653 = SURFACE_CURVE('',#4654,(#4659,#4666),.PCURVE_S1.);
#4654 = CIRCLE('',#4655,1.);
#4655 = AXIS2_PLACEMENT_3D('',#4656,#4657,#4658);
#4656 = CARTESIAN_POINT('',(9.54,-24.78,0.));
#4657 = DIRECTION('',(0.,0.,1.));
#4658 = DIRECTION('',(0.,-1.,0.));
#4659 = PCURVE('',#593,#4660);
#4660 = DEFINITIONAL_REPRESENTATION('',(#4661),#4665);
#4661 = LINE('',#4662,#4663);
#4662 = CARTESIAN_POINT('',(0.,0.));
#4663 = VECTOR('',#4664,1.);
#4664 = DIRECTION('',(1.,0.));
#4665 = ( GEOMETRIC_REPRESENTATION_CONTEXT(2) 
PARAMETRIC_REPRESENTATION_CONTEXT() REPRESENTATION_CONTEXT('2D SPACE',''
  ) );
#4666 = PCURVE('',#2746,#4667);
#4667 = DEFINITIONAL_REPRESENTATION('',(#4668),#4672);
#4668 = CIRCLE('',#4669,1.);
#4669 = AXIS2_PLACEMENT_2D('',#4670,#4671);
#4670 = CARTESIAN_POINT('',(16.78,-0.65));
#4671 = DIRECTION('',(0.,-1.));
#4672 = ( GEOMETRIC_REPRESENTATION_CONTEXT(2) 
PARAMETRIC_REPRESENTATION_CONTEXT() REPRESENTATION_CONTEXT('2D SPACE',''
  ) );
#4673 = ORIENTED_EDGE('',*,*,#4674,.T.);
#4674 = EDGE_CURVE('',#4651,#577,#4675,.T.);
#4675 = SURFACE_CURVE('',#4676,(#4680,#4687),.PCURVE_S1.);
#4676 = LINE('',#4677,#4678);
#4677 = CARTESIAN_POINT('',(10.54,-24.78,0.));
#4678 = VECTOR('',#4679,1.);
#4679 = DIRECTION('',(0.,0.,1.));
#4680 = PCURVE('',#593,#4681);
#4681 = DEFINITIONAL_REPRESENTATION('',(#4682),#4686);
#4682 = LINE('',#4683,#4684);
#4683 = CARTESIAN_POINT('',(1.570796326795,0.));
#4684 = VECTOR('',#4685,1.);
#4685 = DIRECTION('',(0.,1.));
#4686 = ( GEOMETRIC_REPRESENTATION_CONTEXT(2) 
PARAMETRIC_REPRESENTATION_CONTEXT() REPRESENTATION_CONTEXT('2D SPACE',''
  ) );
#4687 = PCURVE('',#621,#4688);
#4688 = DEFINITIONAL_REPRESENTATION('',(#4689),#4693);
#4689 = LINE('',#4690,#4691);
#4690 = CARTESIAN_POINT('',(0.,-1.));
#4691 = VECTOR('',#4692,1.);
#4692 = DIRECTION('',(1.,0.));
#4693 = ( GEOMETRIC_REPRESENTATION_CONTEXT(2) 
PARAMETRIC_REPRESENTATION_CONTEXT() REPRESENTATION_CONTEXT('2D SPACE',''
  ) );
#4694 = ORIENTED_EDGE('',*,*,#576,.F.);
#4695 = ORIENTED_EDGE('',*,*,#4577,.F.);
#4696 = ADVANCED_FACE('',(#4697),#1207,.F.);
#4697 = FACE_BOUND('',#4698,.F.);
#4698 = EDGE_LOOP('',(#4699,#4700,#4701,#4724));
#4699 = ORIENTED_EDGE('',*,*,#1191,.F.);
#4700 = ORIENTED_EDGE('',*,*,#4626,.F.);
#4701 = ORIENTED_EDGE('',*,*,#4702,.T.);
#4702 = EDGE_CURVE('',#4602,#4703,#4705,.T.);
#4703 = VERTEX_POINT('',#4704);
#4704 = CARTESIAN_POINT('',(7.24,24.78,0.));
#4705 = SURFACE_CURVE('',#4706,(#4710,#4717),.PCURVE_S1.);
#4706 = LINE('',#4707,#4708);
#4707 = CARTESIAN_POINT('',(7.24,22.48,0.));
#4708 = VECTOR('',#4709,1.);
#4709 = DIRECTION('',(-0.,1.,0.));
#4710 = PCURVE('',#1207,#4711);
#4711 = DEFINITIONAL_REPRESENTATION('',(#4712),#4716);
#4712 = LINE('',#4713,#4714);
#4713 = CARTESIAN_POINT('',(0.,0.));
#4714 = VECTOR('',#4715,1.);
#4715 = DIRECTION('',(0.,-1.));
#4716 = ( GEOMETRIC_REPRESENTATION_CONTEXT(2) 
PARAMETRIC_REPRESENTATION_CONTEXT() REPRESENTATION_CONTEXT('2D SPACE',''
  ) );
#4717 = PCURVE('',#2746,#4718);
#4718 = DEFINITIONAL_REPRESENTATION('',(#4719),#4723);
#4719 = LINE('',#4720,#4721);
#4720 = CARTESIAN_POINT('',(14.48,46.61));
#4721 = VECTOR('',#4722,1.);
#4722 = DIRECTION('',(0.,1.));
#4723 = ( GEOMETRIC_REPRESENTATION_CONTEXT(2) 
PARAMETRIC_REPRESENTATION_CONTEXT() REPRESENTATION_CONTEXT('2D SPACE',''
  ) );
#4724 = ORIENTED_EDGE('',*,*,#4725,.T.);
#4725 = EDGE_CURVE('',#4703,#1163,#4726,.T.);
#4726 = SURFACE_CURVE('',#4727,(#4731,#4738),.PCURVE_S1.);
#4727 = LINE('',#4728,#4729);
#4728 = CARTESIAN_POINT('',(7.24,24.78,0.));
#4729 = VECTOR('',#4730,1.);
#4730 = DIRECTION('',(0.,0.,1.));
#4731 = PCURVE('',#1207,#4732);
#4732 = DEFINITIONAL_REPRESENTATION('',(#4733),#4737);
#4733 = LINE('',#4734,#4735);
#4734 = CARTESIAN_POINT('',(0.,-2.3));
#4735 = VECTOR('',#4736,1.);
#4736 = DIRECTION('',(1.,0.));
#4737 = ( GEOMETRIC_REPRESENTATION_CONTEXT(2) 
PARAMETRIC_REPRESENTATION_CONTEXT() REPRESENTATION_CONTEXT('2D SPACE',''
  ) );
#4738 = PCURVE('',#1179,#4739);
#4739 = DEFINITIONAL_REPRESENTATION('',(#4740),#4744);
#4740 = LINE('',#4741,#4742);
#4741 = CARTESIAN_POINT('',(1.570796326795,0.));
#4742 = VECTOR('',#4743,1.);
#4743 = DIRECTION('',(0.,1.));
#4744 = ( GEOMETRIC_REPRESENTATION_CONTEXT(2) 
PARAMETRIC_REPRESENTATION_CONTEXT() REPRESENTATION_CONTEXT('2D SPACE',''
  ) );
#4745 = ADVANCED_FACE('',(#4746),#621,.T.);
#4746 = FACE_BOUND('',#4747,.T.);
#4747 = EDGE_LOOP('',(#4748,#4749,#4750,#4773));
#4748 = ORIENTED_EDGE('',*,*,#605,.F.);
#4749 = ORIENTED_EDGE('',*,*,#4674,.F.);
#4750 = ORIENTED_EDGE('',*,*,#4751,.T.);
#4751 = EDGE_CURVE('',#4651,#4752,#4754,.T.);
#4752 = VERTEX_POINT('',#4753);
#4753 = CARTESIAN_POINT('',(10.54,-23.48,0.));
#4754 = SURFACE_CURVE('',#4755,(#4759,#4766),.PCURVE_S1.);
#4755 = LINE('',#4756,#4757);
#4756 = CARTESIAN_POINT('',(10.54,-25.78,0.));
#4757 = VECTOR('',#4758,1.);
#4758 = DIRECTION('',(-0.,1.,0.));
#4759 = PCURVE('',#621,#4760);
#4760 = DEFINITIONAL_REPRESENTATION('',(#4761),#4765);
#4761 = LINE('',#4762,#4763);
#4762 = CARTESIAN_POINT('',(0.,0.));
#4763 = VECTOR('',#4764,1.);
#4764 = DIRECTION('',(0.,-1.));
#4765 = ( GEOMETRIC_REPRESENTATION_CONTEXT(2) 
PARAMETRIC_REPRESENTATION_CONTEXT() REPRESENTATION_CONTEXT('2D SPACE',''
  ) );
#4766 = PCURVE('',#2746,#4767);
#4767 = DEFINITIONAL_REPRESENTATION('',(#4768),#4772);
#4768 = LINE('',#4769,#4770);
#4769 = CARTESIAN_POINT('',(17.78,-1.65));
#4770 = VECTOR('',#4771,1.);
#4771 = DIRECTION('',(0.,1.));
#4772 = ( GEOMETRIC_REPRESENTATION_CONTEXT(2) 
PARAMETRIC_REPRESENTATION_CONTEXT() REPRESENTATION_CONTEXT('2D SPACE',''
  ) );
#4773 = ORIENTED_EDGE('',*,*,#4774,.T.);
#4774 = EDGE_CURVE('',#4752,#606,#4775,.T.);
#4775 = SURFACE_CURVE('',#4776,(#4780,#4787),.PCURVE_S1.);
#4776 = LINE('',#4777,#4778);
#4777 = CARTESIAN_POINT('',(10.54,-23.48,0.));
#4778 = VECTOR('',#4779,1.);
#4779 = DIRECTION('',(0.,0.,1.));
#4780 = PCURVE('',#621,#4781);
#4781 = DEFINITIONAL_REPRESENTATION('',(#4782),#4786);
#4782 = LINE('',#4783,#4784);
#4783 = CARTESIAN_POINT('',(0.,-2.3));
#4784 = VECTOR('',#4785,1.);
#4785 = DIRECTION('',(1.,0.));
#4786 = ( GEOMETRIC_REPRESENTATION_CONTEXT(2) 
PARAMETRIC_REPRESENTATION_CONTEXT() REPRESENTATION_CONTEXT('2D SPACE',''
  ) );
#4787 = PCURVE('',#650,#4788);
#4788 = DEFINITIONAL_REPRESENTATION('',(#4789),#4793);
#4789 = LINE('',#4790,#4791);
#4790 = CARTESIAN_POINT('',(0.,0.));
#4791 = VECTOR('',#4792,1.);
#4792 = DIRECTION('',(0.,1.));
#4793 = ( GEOMETRIC_REPRESENTATION_CONTEXT(2) 
PARAMETRIC_REPRESENTATION_CONTEXT() REPRESENTATION_CONTEXT('2D SPACE',''
  ) );
#4794 = ADVANCED_FACE('',(#4795),#1179,.T.);
#4795 = FACE_BOUND('',#4796,.T.);
#4796 = EDGE_LOOP('',(#4797,#4821,#4822,#4823));
#4797 = ORIENTED_EDGE('',*,*,#4798,.T.);
#4798 = EDGE_CURVE('',#4799,#4703,#4801,.T.);
#4799 = VERTEX_POINT('',#4800);
#4800 = CARTESIAN_POINT('',(8.24,25.78,0.));
#4801 = SURFACE_CURVE('',#4802,(#4807,#4814),.PCURVE_S1.);
#4802 = CIRCLE('',#4803,1.);
#4803 = AXIS2_PLACEMENT_3D('',#4804,#4805,#4806);
#4804 = CARTESIAN_POINT('',(8.24,24.78,0.));
#4805 = DIRECTION('',(0.,0.,1.));
#4806 = DIRECTION('',(0.,-1.,0.));
#4807 = PCURVE('',#1179,#4808);
#4808 = DEFINITIONAL_REPRESENTATION('',(#4809),#4813);
#4809 = LINE('',#4810,#4811);
#4810 = CARTESIAN_POINT('',(-3.14159265359,0.));
#4811 = VECTOR('',#4812,1.);
#4812 = DIRECTION('',(1.,0.));
#4813 = ( GEOMETRIC_REPRESENTATION_CONTEXT(2) 
PARAMETRIC_REPRESENTATION_CONTEXT() REPRESENTATION_CONTEXT('2D SPACE',''
  ) );
#4814 = PCURVE('',#2746,#4815);
#4815 = DEFINITIONAL_REPRESENTATION('',(#4816),#4820);
#4816 = CIRCLE('',#4817,1.);
#4817 = AXIS2_PLACEMENT_2D('',#4818,#4819);
#4818 = CARTESIAN_POINT('',(15.48,48.91));
#4819 = DIRECTION('',(0.,-1.));
#4820 = ( GEOMETRIC_REPRESENTATION_CONTEXT(2) 
PARAMETRIC_REPRESENTATION_CONTEXT() REPRESENTATION_CONTEXT('2D SPACE',''
  ) );
#4821 = ORIENTED_EDGE('',*,*,#4725,.T.);
#4822 = ORIENTED_EDGE('',*,*,#1162,.F.);
#4823 = ORIENTED_EDGE('',*,*,#4824,.F.);
#4824 = EDGE_CURVE('',#4799,#1135,#4825,.T.);
#4825 = SURFACE_CURVE('',#4826,(#4830,#4837),.PCURVE_S1.);
#4826 = LINE('',#4827,#4828);
#4827 = CARTESIAN_POINT('',(8.24,25.78,0.));
#4828 = VECTOR('',#4829,1.);
#4829 = DIRECTION('',(0.,0.,1.));
#4830 = PCURVE('',#1179,#4831);
#4831 = DEFINITIONAL_REPRESENTATION('',(#4832),#4836);
#4832 = LINE('',#4833,#4834);
#4833 = CARTESIAN_POINT('',(0.,0.));
#4834 = VECTOR('',#4835,1.);
#4835 = DIRECTION('',(0.,1.));
#4836 = ( GEOMETRIC_REPRESENTATION_CONTEXT(2) 
PARAMETRIC_REPRESENTATION_CONTEXT() REPRESENTATION_CONTEXT('2D SPACE',''
  ) );
#4837 = PCURVE('',#1150,#4838);
#4838 = DEFINITIONAL_REPRESENTATION('',(#4839),#4843);
#4839 = LINE('',#4840,#4841);
#4840 = CARTESIAN_POINT('',(0.,1.));
#4841 = VECTOR('',#4842,1.);
#4842 = DIRECTION('',(1.,0.));
#4843 = ( GEOMETRIC_REPRESENTATION_CONTEXT(2) 
PARAMETRIC_REPRESENTATION_CONTEXT() REPRESENTATION_CONTEXT('2D SPACE',''
  ) );
#4844 = ADVANCED_FACE('',(#4845),#650,.T.);
#4845 = FACE_BOUND('',#4846,.T.);
#4846 = EDGE_LOOP('',(#4847,#4871,#4892,#4893));
#4847 = ORIENTED_EDGE('',*,*,#4848,.T.);
#4848 = EDGE_CURVE('',#4752,#4849,#4851,.T.);
#4849 = VERTEX_POINT('',#4850);
#4850 = CARTESIAN_POINT('',(9.54,-22.48,0.));
#4851 = SURFACE_CURVE('',#4852,(#4857,#4864),.PCURVE_S1.);
#4852 = CIRCLE('',#4853,1.);
#4853 = AXIS2_PLACEMENT_3D('',#4854,#4855,#4856);
#4854 = CARTESIAN_POINT('',(9.54,-23.48,0.));
#4855 = DIRECTION('',(0.,0.,1.));
#4856 = DIRECTION('',(0.,-1.,0.));
#4857 = PCURVE('',#650,#4858);
#4858 = DEFINITIONAL_REPRESENTATION('',(#4859),#4863);
#4859 = LINE('',#4860,#4861);
#4860 = CARTESIAN_POINT('',(-1.570796326795,0.));
#4861 = VECTOR('',#4862,1.);
#4862 = DIRECTION('',(1.,0.));
#4863 = ( GEOMETRIC_REPRESENTATION_CONTEXT(2) 
PARAMETRIC_REPRESENTATION_CONTEXT() REPRESENTATION_CONTEXT('2D SPACE',''
  ) );
#4864 = PCURVE('',#2746,#4865);
#4865 = DEFINITIONAL_REPRESENTATION('',(#4866),#4870);
#4866 = CIRCLE('',#4867,1.);
#4867 = AXIS2_PLACEMENT_2D('',#4868,#4869);
#4868 = CARTESIAN_POINT('',(16.78,0.65));
#4869 = DIRECTION('',(0.,-1.));
#4870 = ( GEOMETRIC_REPRESENTATION_CONTEXT(2) 
PARAMETRIC_REPRESENTATION_CONTEXT() REPRESENTATION_CONTEXT('2D SPACE',''
  ) );
#4871 = ORIENTED_EDGE('',*,*,#4872,.T.);
#4872 = EDGE_CURVE('',#4849,#634,#4873,.T.);
#4873 = SURFACE_CURVE('',#4874,(#4878,#4885),.PCURVE_S1.);
#4874 = LINE('',#4875,#4876);
#4875 = CARTESIAN_POINT('',(9.54,-22.48,0.));
#4876 = VECTOR('',#4877,1.);
#4877 = DIRECTION('',(0.,0.,1.));
#4878 = PCURVE('',#650,#4879);
#4879 = DEFINITIONAL_REPRESENTATION('',(#4880),#4884);
#4880 = LINE('',#4881,#4882);
#4881 = CARTESIAN_POINT('',(1.570796326795,0.));
#4882 = VECTOR('',#4883,1.);
#4883 = DIRECTION('',(0.,1.));
#4884 = ( GEOMETRIC_REPRESENTATION_CONTEXT(2) 
PARAMETRIC_REPRESENTATION_CONTEXT() REPRESENTATION_CONTEXT('2D SPACE',''
  ) );
#4885 = PCURVE('',#678,#4886);
#4886 = DEFINITIONAL_REPRESENTATION('',(#4887),#4891);
#4887 = LINE('',#4888,#4889);
#4888 = CARTESIAN_POINT('',(0.,2.3));
#4889 = VECTOR('',#4890,1.);
#4890 = DIRECTION('',(1.,0.));
#4891 = ( GEOMETRIC_REPRESENTATION_CONTEXT(2) 
PARAMETRIC_REPRESENTATION_CONTEXT() REPRESENTATION_CONTEXT('2D SPACE',''
  ) );
#4892 = ORIENTED_EDGE('',*,*,#633,.F.);
#4893 = ORIENTED_EDGE('',*,*,#4774,.F.);
#4894 = ADVANCED_FACE('',(#4895),#1150,.T.);
#4895 = FACE_BOUND('',#4896,.T.);
#4896 = EDGE_LOOP('',(#4897,#4920,#4921,#4922));
#4897 = ORIENTED_EDGE('',*,*,#4898,.F.);
#4898 = EDGE_CURVE('',#4799,#4899,#4901,.T.);
#4899 = VERTEX_POINT('',#4900);
#4900 = CARTESIAN_POINT('',(9.54,25.78,0.));
#4901 = SURFACE_CURVE('',#4902,(#4906,#4913),.PCURVE_S1.);
#4902 = LINE('',#4903,#4904);
#4903 = CARTESIAN_POINT('',(7.24,25.78,0.));
#4904 = VECTOR('',#4905,1.);
#4905 = DIRECTION('',(1.,0.,-0.));
#4906 = PCURVE('',#1150,#4907);
#4907 = DEFINITIONAL_REPRESENTATION('',(#4908),#4912);
#4908 = LINE('',#4909,#4910);
#4909 = CARTESIAN_POINT('',(0.,0.));
#4910 = VECTOR('',#4911,1.);
#4911 = DIRECTION('',(0.,1.));
#4912 = ( GEOMETRIC_REPRESENTATION_CONTEXT(2) 
PARAMETRIC_REPRESENTATION_CONTEXT() REPRESENTATION_CONTEXT('2D SPACE',''
  ) );
#4913 = PCURVE('',#2746,#4914);
#4914 = DEFINITIONAL_REPRESENTATION('',(#4915),#4919);
#4915 = LINE('',#4916,#4917);
#4916 = CARTESIAN_POINT('',(14.48,49.91));
#4917 = VECTOR('',#4918,1.);
#4918 = DIRECTION('',(1.,0.));
#4919 = ( GEOMETRIC_REPRESENTATION_CONTEXT(2) 
PARAMETRIC_REPRESENTATION_CONTEXT() REPRESENTATION_CONTEXT('2D SPACE',''
  ) );
#4920 = ORIENTED_EDGE('',*,*,#4824,.T.);
#4921 = ORIENTED_EDGE('',*,*,#1134,.T.);
#4922 = ORIENTED_EDGE('',*,*,#4923,.F.);
#4923 = EDGE_CURVE('',#4899,#1106,#4924,.T.);
#4924 = SURFACE_CURVE('',#4925,(#4929,#4936),.PCURVE_S1.);
#4925 = LINE('',#4926,#4927);
#4926 = CARTESIAN_POINT('',(9.54,25.78,0.));
#4927 = VECTOR('',#4928,1.);
#4928 = DIRECTION('',(0.,0.,1.));
#4929 = PCURVE('',#1150,#4930);
#4930 = DEFINITIONAL_REPRESENTATION('',(#4931),#4935);
#4931 = LINE('',#4932,#4933);
#4932 = CARTESIAN_POINT('',(0.,2.3));
#4933 = VECTOR('',#4934,1.);
#4934 = DIRECTION('',(1.,0.));
#4935 = ( GEOMETRIC_REPRESENTATION_CONTEXT(2) 
PARAMETRIC_REPRESENTATION_CONTEXT() REPRESENTATION_CONTEXT('2D SPACE',''
  ) );
#4936 = PCURVE('',#1122,#4937);
#4937 = DEFINITIONAL_REPRESENTATION('',(#4938),#4942);
#4938 = LINE('',#4939,#4940);
#4939 = CARTESIAN_POINT('',(1.570796326795,0.));
#4940 = VECTOR('',#4941,1.);
#4941 = DIRECTION('',(0.,1.));
#4942 = ( GEOMETRIC_REPRESENTATION_CONTEXT(2) 
PARAMETRIC_REPRESENTATION_CONTEXT() REPRESENTATION_CONTEXT('2D SPACE',''
  ) );
#4943 = ADVANCED_FACE('',(#4944),#678,.T.);
#4944 = FACE_BOUND('',#4945,.T.);
#4945 = EDGE_LOOP('',(#4946,#4969,#4990,#4991));
#4946 = ORIENTED_EDGE('',*,*,#4947,.F.);
#4947 = EDGE_CURVE('',#4948,#4849,#4950,.T.);
#4948 = VERTEX_POINT('',#4949);
#4949 = CARTESIAN_POINT('',(8.24,-22.48,0.));
#4950 = SURFACE_CURVE('',#4951,(#4955,#4962),.PCURVE_S1.);
#4951 = LINE('',#4952,#4953);
#4952 = CARTESIAN_POINT('',(7.24,-22.48,0.));
#4953 = VECTOR('',#4954,1.);
#4954 = DIRECTION('',(1.,0.,-0.));
#4955 = PCURVE('',#678,#4956);
#4956 = DEFINITIONAL_REPRESENTATION('',(#4957),#4961);
#4957 = LINE('',#4958,#4959);
#4958 = CARTESIAN_POINT('',(0.,0.));
#4959 = VECTOR('',#4960,1.);
#4960 = DIRECTION('',(0.,1.));
#4961 = ( GEOMETRIC_REPRESENTATION_CONTEXT(2) 
PARAMETRIC_REPRESENTATION_CONTEXT() REPRESENTATION_CONTEXT('2D SPACE',''
  ) );
#4962 = PCURVE('',#2746,#4963);
#4963 = DEFINITIONAL_REPRESENTATION('',(#4964),#4968);
#4964 = LINE('',#4965,#4966);
#4965 = CARTESIAN_POINT('',(14.48,1.65));
#4966 = VECTOR('',#4967,1.);
#4967 = DIRECTION('',(1.,0.));
#4968 = ( GEOMETRIC_REPRESENTATION_CONTEXT(2) 
PARAMETRIC_REPRESENTATION_CONTEXT() REPRESENTATION_CONTEXT('2D SPACE',''
  ) );
#4969 = ORIENTED_EDGE('',*,*,#4970,.T.);
#4970 = EDGE_CURVE('',#4948,#663,#4971,.T.);
#4971 = SURFACE_CURVE('',#4972,(#4976,#4983),.PCURVE_S1.);
#4972 = LINE('',#4973,#4974);
#4973 = CARTESIAN_POINT('',(8.24,-22.48,0.));
#4974 = VECTOR('',#4975,1.);
#4975 = DIRECTION('',(0.,0.,1.));
#4976 = PCURVE('',#678,#4977);
#4977 = DEFINITIONAL_REPRESENTATION('',(#4978),#4982);
#4978 = LINE('',#4979,#4980);
#4979 = CARTESIAN_POINT('',(0.,1.));
#4980 = VECTOR('',#4981,1.);
#4981 = DIRECTION('',(1.,0.));
#4982 = ( GEOMETRIC_REPRESENTATION_CONTEXT(2) 
PARAMETRIC_REPRESENTATION_CONTEXT() REPRESENTATION_CONTEXT('2D SPACE',''
  ) );
#4983 = PCURVE('',#711,#4984);
#4984 = DEFINITIONAL_REPRESENTATION('',(#4985),#4989);
#4985 = LINE('',#4986,#4987);
#4986 = CARTESIAN_POINT('',(-0.,0.));
#4987 = VECTOR('',#4988,1.);
#4988 = DIRECTION('',(-0.,1.));
#4989 = ( GEOMETRIC_REPRESENTATION_CONTEXT(2) 
PARAMETRIC_REPRESENTATION_CONTEXT() REPRESENTATION_CONTEXT('2D SPACE',''
  ) );
#4990 = ORIENTED_EDGE('',*,*,#662,.T.);
#4991 = ORIENTED_EDGE('',*,*,#4872,.F.);
#4992 = ADVANCED_FACE('',(#4993),#1122,.T.);
#4993 = FACE_BOUND('',#4994,.T.);
#4994 = EDGE_LOOP('',(#4995,#5019,#5020,#5021));
#4995 = ORIENTED_EDGE('',*,*,#4996,.T.);
#4996 = EDGE_CURVE('',#4997,#4899,#4999,.T.);
#4997 = VERTEX_POINT('',#4998);
#4998 = CARTESIAN_POINT('',(10.54,24.78,0.));
#4999 = SURFACE_CURVE('',#5000,(#5005,#5012),.PCURVE_S1.);
#5000 = CIRCLE('',#5001,1.);
#5001 = AXIS2_PLACEMENT_3D('',#5002,#5003,#5004);
#5002 = CARTESIAN_POINT('',(9.54,24.78,0.));
#5003 = DIRECTION('',(0.,0.,1.));
#5004 = DIRECTION('',(0.,-1.,0.));
#5005 = PCURVE('',#1122,#5006);
#5006 = DEFINITIONAL_REPRESENTATION('',(#5007),#5011);
#5007 = LINE('',#5008,#5009);
#5008 = CARTESIAN_POINT('',(-1.570796326795,0.));
#5009 = VECTOR('',#5010,1.);
#5010 = DIRECTION('',(1.,0.));
#5011 = ( GEOMETRIC_REPRESENTATION_CONTEXT(2) 
PARAMETRIC_REPRESENTATION_CONTEXT() REPRESENTATION_CONTEXT('2D SPACE',''
  ) );
#5012 = PCURVE('',#2746,#5013);
#5013 = DEFINITIONAL_REPRESENTATION('',(#5014),#5018);
#5014 = CIRCLE('',#5015,1.);
#5015 = AXIS2_PLACEMENT_2D('',#5016,#5017);
#5016 = CARTESIAN_POINT('',(16.78,48.91));
#5017 = DIRECTION('',(0.,-1.));
#5018 = ( GEOMETRIC_REPRESENTATION_CONTEXT(2) 
PARAMETRIC_REPRESENTATION_CONTEXT() REPRESENTATION_CONTEXT('2D SPACE',''
  ) );
#5019 = ORIENTED_EDGE('',*,*,#4923,.T.);
#5020 = ORIENTED_EDGE('',*,*,#1105,.F.);
#5021 = ORIENTED_EDGE('',*,*,#5022,.F.);
#5022 = EDGE_CURVE('',#4997,#1078,#5023,.T.);
#5023 = SURFACE_CURVE('',#5024,(#5028,#5035),.PCURVE_S1.);
#5024 = LINE('',#5025,#5026);
#5025 = CARTESIAN_POINT('',(10.54,24.78,0.));
#5026 = VECTOR('',#5027,1.);
#5027 = DIRECTION('',(0.,0.,1.));
#5028 = PCURVE('',#1122,#5029);
#5029 = DEFINITIONAL_REPRESENTATION('',(#5030),#5034);
#5030 = LINE('',#5031,#5032);
#5031 = CARTESIAN_POINT('',(0.,0.));
#5032 = VECTOR('',#5033,1.);
#5033 = DIRECTION('',(0.,1.));
#5034 = ( GEOMETRIC_REPRESENTATION_CONTEXT(2) 
PARAMETRIC_REPRESENTATION_CONTEXT() REPRESENTATION_CONTEXT('2D SPACE',''
  ) );
#5035 = PCURVE('',#1093,#5036);
#5036 = DEFINITIONAL_REPRESENTATION('',(#5037),#5041);
#5037 = LINE('',#5038,#5039);
#5038 = CARTESIAN_POINT('',(0.,-2.3));
#5039 = VECTOR('',#5040,1.);
#5040 = DIRECTION('',(1.,0.));
#5041 = ( GEOMETRIC_REPRESENTATION_CONTEXT(2) 
PARAMETRIC_REPRESENTATION_CONTEXT() REPRESENTATION_CONTEXT('2D SPACE',''
  ) );
#5042 = ADVANCED_FACE('',(#5043),#711,.F.);
#5043 = FACE_BOUND('',#5044,.T.);
#5044 = EDGE_LOOP('',(#5045,#5073,#5094,#5095));
#5045 = ORIENTED_EDGE('',*,*,#5046,.T.);
#5046 = EDGE_CURVE('',#4948,#5047,#5049,.T.);
#5047 = VERTEX_POINT('',#5048);
#5048 = CARTESIAN_POINT('',(7.24,-21.48,0.));
#5049 = SURFACE_CURVE('',#5050,(#5055,#5062),.PCURVE_S1.);
#5050 = CIRCLE('',#5051,1.);
#5051 = AXIS2_PLACEMENT_3D('',#5052,#5053,#5054);
#5052 = CARTESIAN_POINT('',(8.24,-21.48,0.));
#5053 = DIRECTION('',(-0.,-0.,-1.));
#5054 = DIRECTION('',(0.,-1.,0.));
#5055 = PCURVE('',#711,#5056);
#5056 = DEFINITIONAL_REPRESENTATION('',(#5057),#5061);
#5057 = LINE('',#5058,#5059);
#5058 = CARTESIAN_POINT('',(-0.,0.));
#5059 = VECTOR('',#5060,1.);
#5060 = DIRECTION('',(-1.,0.));
#5061 = ( GEOMETRIC_REPRESENTATION_CONTEXT(2) 
PARAMETRIC_REPRESENTATION_CONTEXT() REPRESENTATION_CONTEXT('2D SPACE',''
  ) );
#5062 = PCURVE('',#2746,#5063);
#5063 = DEFINITIONAL_REPRESENTATION('',(#5064),#5072);
#5064 = ( BOUNDED_CURVE() B_SPLINE_CURVE(2,(#5065,#5066,#5067,#5068,
#5069,#5070,#5071),.UNSPECIFIED.,.T.,.F.) B_SPLINE_CURVE_WITH_KNOTS((1,2
    ,2,2,2,1),(-2.094395102393,0.,2.094395102393,4.188790204786,
6.28318530718,8.377580409573),.UNSPECIFIED.) CURVE() 
GEOMETRIC_REPRESENTATION_ITEM() RATIONAL_B_SPLINE_CURVE((1.,0.5,1.,0.5,
1.,0.5,1.)) REPRESENTATION_ITEM('') );
#5065 = CARTESIAN_POINT('',(15.48,1.65));
#5066 = CARTESIAN_POINT('',(13.747949192431,1.65));
#5067 = CARTESIAN_POINT('',(14.613974596216,3.15));
#5068 = CARTESIAN_POINT('',(15.48,4.65));
#5069 = CARTESIAN_POINT('',(16.346025403784,3.15));
#5070 = CARTESIAN_POINT('',(17.212050807569,1.65));
#5071 = CARTESIAN_POINT('',(15.48,1.65));
#5072 = ( GEOMETRIC_REPRESENTATION_CONTEXT(2) 
PARAMETRIC_REPRESENTATION_CONTEXT() REPRESENTATION_CONTEXT('2D SPACE',''
  ) );
#5073 = ORIENTED_EDGE('',*,*,#5074,.T.);
#5074 = EDGE_CURVE('',#5047,#691,#5075,.T.);
#5075 = SURFACE_CURVE('',#5076,(#5080,#5087),.PCURVE_S1.);
#5076 = LINE('',#5077,#5078);
#5077 = CARTESIAN_POINT('',(7.24,-21.48,0.));
#5078 = VECTOR('',#5079,1.);
#5079 = DIRECTION('',(0.,0.,1.));
#5080 = PCURVE('',#711,#5081);
#5081 = DEFINITIONAL_REPRESENTATION('',(#5082),#5086);
#5082 = LINE('',#5083,#5084);
#5083 = CARTESIAN_POINT('',(-1.570796326795,0.));
#5084 = VECTOR('',#5085,1.);
#5085 = DIRECTION('',(-0.,1.));
#5086 = ( GEOMETRIC_REPRESENTATION_CONTEXT(2) 
PARAMETRIC_REPRESENTATION_CONTEXT() REPRESENTATION_CONTEXT('2D SPACE',''
  ) );
#5087 = PCURVE('',#739,#5088);
#5088 = DEFINITIONAL_REPRESENTATION('',(#5089),#5093);
#5089 = LINE('',#5090,#5091);
#5090 = CARTESIAN_POINT('',(0.,-2.65));
#5091 = VECTOR('',#5092,1.);
#5092 = DIRECTION('',(1.,0.));
#5093 = ( GEOMETRIC_REPRESENTATION_CONTEXT(2) 
PARAMETRIC_REPRESENTATION_CONTEXT() REPRESENTATION_CONTEXT('2D SPACE',''
  ) );
#5094 = ORIENTED_EDGE('',*,*,#690,.F.);
#5095 = ORIENTED_EDGE('',*,*,#4970,.F.);
#5096 = ADVANCED_FACE('',(#5097),#1093,.T.);
#5097 = FACE_BOUND('',#5098,.T.);
#5098 = EDGE_LOOP('',(#5099,#5100,#5123,#5144));
#5099 = ORIENTED_EDGE('',*,*,#1077,.F.);
#5100 = ORIENTED_EDGE('',*,*,#5101,.F.);
#5101 = EDGE_CURVE('',#5102,#1049,#5104,.T.);
#5102 = VERTEX_POINT('',#5103);
#5103 = CARTESIAN_POINT('',(10.54,23.48,0.));
#5104 = SURFACE_CURVE('',#5105,(#5109,#5116),.PCURVE_S1.);
#5105 = LINE('',#5106,#5107);
#5106 = CARTESIAN_POINT('',(10.54,23.48,0.));
#5107 = VECTOR('',#5108,1.);
#5108 = DIRECTION('',(0.,0.,1.));
#5109 = PCURVE('',#1093,#5110);
#5110 = DEFINITIONAL_REPRESENTATION('',(#5111),#5115);
#5111 = LINE('',#5112,#5113);
#5112 = CARTESIAN_POINT('',(0.,-1.));
#5113 = VECTOR('',#5114,1.);
#5114 = DIRECTION('',(1.,0.));
#5115 = ( GEOMETRIC_REPRESENTATION_CONTEXT(2) 
PARAMETRIC_REPRESENTATION_CONTEXT() REPRESENTATION_CONTEXT('2D SPACE',''
  ) );
#5116 = PCURVE('',#1065,#5117);
#5117 = DEFINITIONAL_REPRESENTATION('',(#5118),#5122);
#5118 = LINE('',#5119,#5120);
#5119 = CARTESIAN_POINT('',(1.570796326795,0.));
#5120 = VECTOR('',#5121,1.);
#5121 = DIRECTION('',(0.,1.));
#5122 = ( GEOMETRIC_REPRESENTATION_CONTEXT(2) 
PARAMETRIC_REPRESENTATION_CONTEXT() REPRESENTATION_CONTEXT('2D SPACE',''
  ) );
#5123 = ORIENTED_EDGE('',*,*,#5124,.T.);
#5124 = EDGE_CURVE('',#5102,#4997,#5125,.T.);
#5125 = SURFACE_CURVE('',#5126,(#5130,#5137),.PCURVE_S1.);
#5126 = LINE('',#5127,#5128);
#5127 = CARTESIAN_POINT('',(10.54,22.48,0.));
#5128 = VECTOR('',#5129,1.);
#5129 = DIRECTION('',(-0.,1.,0.));
#5130 = PCURVE('',#1093,#5131);
#5131 = DEFINITIONAL_REPRESENTATION('',(#5132),#5136);
#5132 = LINE('',#5133,#5134);
#5133 = CARTESIAN_POINT('',(0.,0.));
#5134 = VECTOR('',#5135,1.);
#5135 = DIRECTION('',(0.,-1.));
#5136 = ( GEOMETRIC_REPRESENTATION_CONTEXT(2) 
PARAMETRIC_REPRESENTATION_CONTEXT() REPRESENTATION_CONTEXT('2D SPACE',''
  ) );
#5137 = PCURVE('',#2746,#5138);
#5138 = DEFINITIONAL_REPRESENTATION('',(#5139),#5143);
#5139 = LINE('',#5140,#5141);
#5140 = CARTESIAN_POINT('',(17.78,46.61));
#5141 = VECTOR('',#5142,1.);
#5142 = DIRECTION('',(0.,1.));
#5143 = ( GEOMETRIC_REPRESENTATION_CONTEXT(2) 
PARAMETRIC_REPRESENTATION_CONTEXT() REPRESENTATION_CONTEXT('2D SPACE',''
  ) );
#5144 = ORIENTED_EDGE('',*,*,#5022,.T.);
#5145 = ADVANCED_FACE('',(#5146),#739,.T.);
#5146 = FACE_BOUND('',#5147,.T.);
#5147 = EDGE_LOOP('',(#5148,#5149,#5150,#5173));
#5148 = ORIENTED_EDGE('',*,*,#723,.F.);
#5149 = ORIENTED_EDGE('',*,*,#5074,.F.);
#5150 = ORIENTED_EDGE('',*,*,#5151,.T.);
#5151 = EDGE_CURVE('',#5047,#5152,#5154,.T.);
#5152 = VERTEX_POINT('',#5153);
#5153 = CARTESIAN_POINT('',(7.24,6.24,0.));
#5154 = SURFACE_CURVE('',#5155,(#5159,#5166),.PCURVE_S1.);
#5155 = LINE('',#5156,#5157);
#5156 = CARTESIAN_POINT('',(7.24,-24.13,0.));
#5157 = VECTOR('',#5158,1.);
#5158 = DIRECTION('',(-0.,1.,0.));
#5159 = PCURVE('',#739,#5160);
#5160 = DEFINITIONAL_REPRESENTATION('',(#5161),#5165);
#5161 = LINE('',#5162,#5163);
#5162 = CARTESIAN_POINT('',(0.,0.));
#5163 = VECTOR('',#5164,1.);
#5164 = DIRECTION('',(0.,-1.));
#5165 = ( GEOMETRIC_REPRESENTATION_CONTEXT(2) 
PARAMETRIC_REPRESENTATION_CONTEXT() REPRESENTATION_CONTEXT('2D SPACE',''
  ) );
#5166 = PCURVE('',#2746,#5167);
#5167 = DEFINITIONAL_REPRESENTATION('',(#5168),#5172);
#5168 = LINE('',#5169,#5170);
#5169 = CARTESIAN_POINT('',(14.48,0.));
#5170 = VECTOR('',#5171,1.);
#5171 = DIRECTION('',(0.,1.));
#5172 = ( GEOMETRIC_REPRESENTATION_CONTEXT(2) 
PARAMETRIC_REPRESENTATION_CONTEXT() REPRESENTATION_CONTEXT('2D SPACE',''
  ) );
#5173 = ORIENTED_EDGE('',*,*,#5174,.T.);
#5174 = EDGE_CURVE('',#5152,#724,#5175,.T.);
#5175 = SURFACE_CURVE('',#5176,(#5180,#5187),.PCURVE_S1.);
#5176 = LINE('',#5177,#5178);
#5177 = CARTESIAN_POINT('',(7.24,6.24,0.));
#5178 = VECTOR('',#5179,1.);
#5179 = DIRECTION('',(0.,0.,1.));
#5180 = PCURVE('',#739,#5181);
#5181 = DEFINITIONAL_REPRESENTATION('',(#5182),#5186);
#5182 = LINE('',#5183,#5184);
#5183 = CARTESIAN_POINT('',(0.,-30.37));
#5184 = VECTOR('',#5185,1.);
#5185 = DIRECTION('',(1.,0.));
#5186 = ( GEOMETRIC_REPRESENTATION_CONTEXT(2) 
PARAMETRIC_REPRESENTATION_CONTEXT() REPRESENTATION_CONTEXT('2D SPACE',''
  ) );
#5187 = PCURVE('',#772,#5188);
#5188 = DEFINITIONAL_REPRESENTATION('',(#5189),#5193);
#5189 = LINE('',#5190,#5191);
#5190 = CARTESIAN_POINT('',(-0.,0.));
#5191 = VECTOR('',#5192,1.);
#5192 = DIRECTION('',(-0.,1.));
#5193 = ( GEOMETRIC_REPRESENTATION_CONTEXT(2) 
PARAMETRIC_REPRESENTATION_CONTEXT() REPRESENTATION_CONTEXT('2D SPACE',''
  ) );
#5194 = ADVANCED_FACE('',(#5195),#1065,.T.);
#5195 = FACE_BOUND('',#5196,.T.);
#5196 = EDGE_LOOP('',(#5197,#5221,#5222,#5223));
#5197 = ORIENTED_EDGE('',*,*,#5198,.T.);
#5198 = EDGE_CURVE('',#5199,#5102,#5201,.T.);
#5199 = VERTEX_POINT('',#5200);
#5200 = CARTESIAN_POINT('',(9.54,22.48,0.));
#5201 = SURFACE_CURVE('',#5202,(#5207,#5214),.PCURVE_S1.);
#5202 = CIRCLE('',#5203,1.);
#5203 = AXIS2_PLACEMENT_3D('',#5204,#5205,#5206);
#5204 = CARTESIAN_POINT('',(9.54,23.48,0.));
#5205 = DIRECTION('',(0.,0.,1.));
#5206 = DIRECTION('',(0.,-1.,0.));
#5207 = PCURVE('',#1065,#5208);
#5208 = DEFINITIONAL_REPRESENTATION('',(#5209),#5213);
#5209 = LINE('',#5210,#5211);
#5210 = CARTESIAN_POINT('',(0.,0.));
#5211 = VECTOR('',#5212,1.);
#5212 = DIRECTION('',(1.,0.));
#5213 = ( GEOMETRIC_REPRESENTATION_CONTEXT(2) 
PARAMETRIC_REPRESENTATION_CONTEXT() REPRESENTATION_CONTEXT('2D SPACE',''
  ) );
#5214 = PCURVE('',#2746,#5215);
#5215 = DEFINITIONAL_REPRESENTATION('',(#5216),#5220);
#5216 = CIRCLE('',#5217,1.);
#5217 = AXIS2_PLACEMENT_2D('',#5218,#5219);
#5218 = CARTESIAN_POINT('',(16.78,47.61));
#5219 = DIRECTION('',(0.,-1.));
#5220 = ( GEOMETRIC_REPRESENTATION_CONTEXT(2) 
PARAMETRIC_REPRESENTATION_CONTEXT() REPRESENTATION_CONTEXT('2D SPACE',''
  ) );
#5221 = ORIENTED_EDGE('',*,*,#5101,.T.);
#5222 = ORIENTED_EDGE('',*,*,#1048,.F.);
#5223 = ORIENTED_EDGE('',*,*,#5224,.F.);
#5224 = EDGE_CURVE('',#5199,#1021,#5225,.T.);
#5225 = SURFACE_CURVE('',#5226,(#5230,#5237),.PCURVE_S1.);
#5226 = LINE('',#5227,#5228);
#5227 = CARTESIAN_POINT('',(9.54,22.48,0.));
#5228 = VECTOR('',#5229,1.);
#5229 = DIRECTION('',(0.,0.,1.));
#5230 = PCURVE('',#1065,#5231);
#5231 = DEFINITIONAL_REPRESENTATION('',(#5232),#5236);
#5232 = LINE('',#5233,#5234);
#5233 = CARTESIAN_POINT('',(0.,0.));
#5234 = VECTOR('',#5235,1.);
#5235 = DIRECTION('',(0.,1.));
#5236 = ( GEOMETRIC_REPRESENTATION_CONTEXT(2) 
PARAMETRIC_REPRESENTATION_CONTEXT() REPRESENTATION_CONTEXT('2D SPACE',''
  ) );
#5237 = PCURVE('',#1036,#5238);
#5238 = DEFINITIONAL_REPRESENTATION('',(#5239),#5243);
#5239 = LINE('',#5240,#5241);
#5240 = CARTESIAN_POINT('',(0.,2.3));
#5241 = VECTOR('',#5242,1.);
#5242 = DIRECTION('',(1.,0.));
#5243 = ( GEOMETRIC_REPRESENTATION_CONTEXT(2) 
PARAMETRIC_REPRESENTATION_CONTEXT() REPRESENTATION_CONTEXT('2D SPACE',''
  ) );
#5244 = ADVANCED_FACE('',(#5245),#772,.F.);
#5245 = FACE_BOUND('',#5246,.T.);
#5246 = EDGE_LOOP('',(#5247,#5275,#5296,#5297));
#5247 = ORIENTED_EDGE('',*,*,#5248,.T.);
#5248 = EDGE_CURVE('',#5152,#5249,#5251,.T.);
#5249 = VERTEX_POINT('',#5250);
#5250 = CARTESIAN_POINT('',(8.24,7.24,0.));
#5251 = SURFACE_CURVE('',#5252,(#5257,#5264),.PCURVE_S1.);
#5252 = CIRCLE('',#5253,1.);
#5253 = AXIS2_PLACEMENT_3D('',#5254,#5255,#5256);
#5254 = CARTESIAN_POINT('',(8.24,6.24,0.));
#5255 = DIRECTION('',(-0.,-0.,-1.));
#5256 = DIRECTION('',(0.,-1.,0.));
#5257 = PCURVE('',#772,#5258);
#5258 = DEFINITIONAL_REPRESENTATION('',(#5259),#5263);
#5259 = LINE('',#5260,#5261);
#5260 = CARTESIAN_POINT('',(1.570796326795,-0.));
#5261 = VECTOR('',#5262,1.);
#5262 = DIRECTION('',(-1.,0.));
#5263 = ( GEOMETRIC_REPRESENTATION_CONTEXT(2) 
PARAMETRIC_REPRESENTATION_CONTEXT() REPRESENTATION_CONTEXT('2D SPACE',''
  ) );
#5264 = PCURVE('',#2746,#5265);
#5265 = DEFINITIONAL_REPRESENTATION('',(#5266),#5274);
#5266 = ( BOUNDED_CURVE() B_SPLINE_CURVE(2,(#5267,#5268,#5269,#5270,
#5271,#5272,#5273),.UNSPECIFIED.,.T.,.F.) B_SPLINE_CURVE_WITH_KNOTS((1,2
    ,2,2,2,1),(-2.094395102393,0.,2.094395102393,4.188790204786,
6.28318530718,8.377580409573),.UNSPECIFIED.) CURVE() 
GEOMETRIC_REPRESENTATION_ITEM() RATIONAL_B_SPLINE_CURVE((1.,0.5,1.,0.5,
1.,0.5,1.)) REPRESENTATION_ITEM('') );
#5267 = CARTESIAN_POINT('',(15.48,29.37));
#5268 = CARTESIAN_POINT('',(13.747949192431,29.37));
#5269 = CARTESIAN_POINT('',(14.613974596216,30.87));
#5270 = CARTESIAN_POINT('',(15.48,32.37));
#5271 = CARTESIAN_POINT('',(16.346025403784,30.87));
#5272 = CARTESIAN_POINT('',(17.212050807569,29.37));
#5273 = CARTESIAN_POINT('',(15.48,29.37));
#5274 = ( GEOMETRIC_REPRESENTATION_CONTEXT(2) 
PARAMETRIC_REPRESENTATION_CONTEXT() REPRESENTATION_CONTEXT('2D SPACE',''
  ) );
#5275 = ORIENTED_EDGE('',*,*,#5276,.T.);
#5276 = EDGE_CURVE('',#5249,#752,#5277,.T.);
#5277 = SURFACE_CURVE('',#5278,(#5282,#5289),.PCURVE_S1.);
#5278 = LINE('',#5279,#5280);
#5279 = CARTESIAN_POINT('',(8.24,7.24,0.));
#5280 = VECTOR('',#5281,1.);
#5281 = DIRECTION('',(0.,0.,1.));
#5282 = PCURVE('',#772,#5283);
#5283 = DEFINITIONAL_REPRESENTATION('',(#5284),#5288);
#5284 = LINE('',#5285,#5286);
#5285 = CARTESIAN_POINT('',(-1.570796326795,0.));
#5286 = VECTOR('',#5287,1.);
#5287 = DIRECTION('',(-0.,1.));
#5288 = ( GEOMETRIC_REPRESENTATION_CONTEXT(2) 
PARAMETRIC_REPRESENTATION_CONTEXT() REPRESENTATION_CONTEXT('2D SPACE',''
  ) );
#5289 = PCURVE('',#800,#5290);
#5290 = DEFINITIONAL_REPRESENTATION('',(#5291),#5295);
#5291 = LINE('',#5292,#5293);
#5292 = CARTESIAN_POINT('',(0.,1.));
#5293 = VECTOR('',#5294,1.);
#5294 = DIRECTION('',(1.,0.));
#5295 = ( GEOMETRIC_REPRESENTATION_CONTEXT(2) 
PARAMETRIC_REPRESENTATION_CONTEXT() REPRESENTATION_CONTEXT('2D SPACE',''
  ) );
#5296 = ORIENTED_EDGE('',*,*,#751,.F.);
#5297 = ORIENTED_EDGE('',*,*,#5174,.F.);
#5298 = ADVANCED_FACE('',(#5299),#1036,.F.);
#5299 = FACE_BOUND('',#5300,.F.);
#5300 = EDGE_LOOP('',(#5301,#5324,#5345,#5346));
#5301 = ORIENTED_EDGE('',*,*,#5302,.F.);
#5302 = EDGE_CURVE('',#5303,#5199,#5305,.T.);
#5303 = VERTEX_POINT('',#5304);
#5304 = CARTESIAN_POINT('',(8.24,22.48,0.));
#5305 = SURFACE_CURVE('',#5306,(#5310,#5317),.PCURVE_S1.);
#5306 = LINE('',#5307,#5308);
#5307 = CARTESIAN_POINT('',(7.24,22.48,0.));
#5308 = VECTOR('',#5309,1.);
#5309 = DIRECTION('',(1.,0.,-0.));
#5310 = PCURVE('',#1036,#5311);
#5311 = DEFINITIONAL_REPRESENTATION('',(#5312),#5316);
#5312 = LINE('',#5313,#5314);
#5313 = CARTESIAN_POINT('',(0.,0.));
#5314 = VECTOR('',#5315,1.);
#5315 = DIRECTION('',(0.,1.));
#5316 = ( GEOMETRIC_REPRESENTATION_CONTEXT(2) 
PARAMETRIC_REPRESENTATION_CONTEXT() REPRESENTATION_CONTEXT('2D SPACE',''
  ) );
#5317 = PCURVE('',#2746,#5318);
#5318 = DEFINITIONAL_REPRESENTATION('',(#5319),#5323);
#5319 = LINE('',#5320,#5321);
#5320 = CARTESIAN_POINT('',(14.48,46.61));
#5321 = VECTOR('',#5322,1.);
#5322 = DIRECTION('',(1.,0.));
#5323 = ( GEOMETRIC_REPRESENTATION_CONTEXT(2) 
PARAMETRIC_REPRESENTATION_CONTEXT() REPRESENTATION_CONTEXT('2D SPACE',''
  ) );
#5324 = ORIENTED_EDGE('',*,*,#5325,.T.);
#5325 = EDGE_CURVE('',#5303,#988,#5326,.T.);
#5326 = SURFACE_CURVE('',#5327,(#5331,#5338),.PCURVE_S1.);
#5327 = LINE('',#5328,#5329);
#5328 = CARTESIAN_POINT('',(8.24,22.48,0.));
#5329 = VECTOR('',#5330,1.);
#5330 = DIRECTION('',(0.,0.,1.));
#5331 = PCURVE('',#1036,#5332);
#5332 = DEFINITIONAL_REPRESENTATION('',(#5333),#5337);
#5333 = LINE('',#5334,#5335);
#5334 = CARTESIAN_POINT('',(0.,1.));
#5335 = VECTOR('',#5336,1.);
#5336 = DIRECTION('',(1.,0.));
#5337 = ( GEOMETRIC_REPRESENTATION_CONTEXT(2) 
PARAMETRIC_REPRESENTATION_CONTEXT() REPRESENTATION_CONTEXT('2D SPACE',''
  ) );
#5338 = PCURVE('',#1008,#5339);
#5339 = DEFINITIONAL_REPRESENTATION('',(#5340),#5344);
#5340 = LINE('',#5341,#5342);
#5341 = CARTESIAN_POINT('',(-1.570796326795,0.));
#5342 = VECTOR('',#5343,1.);
#5343 = DIRECTION('',(-0.,1.));
#5344 = ( GEOMETRIC_REPRESENTATION_CONTEXT(2) 
PARAMETRIC_REPRESENTATION_CONTEXT() REPRESENTATION_CONTEXT('2D SPACE',''
  ) );
#5345 = ORIENTED_EDGE('',*,*,#1020,.T.);
#5346 = ORIENTED_EDGE('',*,*,#5224,.F.);
#5347 = ADVANCED_FACE('',(#5348),#800,.F.);
#5348 = FACE_BOUND('',#5349,.F.);
#5349 = EDGE_LOOP('',(#5350,#5373,#5374,#5375));
#5350 = ORIENTED_EDGE('',*,*,#5351,.F.);
#5351 = EDGE_CURVE('',#5249,#5352,#5354,.T.);
#5352 = VERTEX_POINT('',#5353);
#5353 = CARTESIAN_POINT('',(9.54,7.24,0.));
#5354 = SURFACE_CURVE('',#5355,(#5359,#5366),.PCURVE_S1.);
#5355 = LINE('',#5356,#5357);
#5356 = CARTESIAN_POINT('',(7.24,7.24,0.));
#5357 = VECTOR('',#5358,1.);
#5358 = DIRECTION('',(1.,0.,-0.));
#5359 = PCURVE('',#800,#5360);
#5360 = DEFINITIONAL_REPRESENTATION('',(#5361),#5365);
#5361 = LINE('',#5362,#5363);
#5362 = CARTESIAN_POINT('',(0.,0.));
#5363 = VECTOR('',#5364,1.);
#5364 = DIRECTION('',(0.,1.));
#5365 = ( GEOMETRIC_REPRESENTATION_CONTEXT(2) 
PARAMETRIC_REPRESENTATION_CONTEXT() REPRESENTATION_CONTEXT('2D SPACE',''
  ) );
#5366 = PCURVE('',#2746,#5367);
#5367 = DEFINITIONAL_REPRESENTATION('',(#5368),#5372);
#5368 = LINE('',#5369,#5370);
#5369 = CARTESIAN_POINT('',(14.48,31.37));
#5370 = VECTOR('',#5371,1.);
#5371 = DIRECTION('',(1.,0.));
#5372 = ( GEOMETRIC_REPRESENTATION_CONTEXT(2) 
PARAMETRIC_REPRESENTATION_CONTEXT() REPRESENTATION_CONTEXT('2D SPACE',''
  ) );
#5373 = ORIENTED_EDGE('',*,*,#5276,.T.);
#5374 = ORIENTED_EDGE('',*,*,#784,.T.);
#5375 = ORIENTED_EDGE('',*,*,#5376,.F.);
#5376 = EDGE_CURVE('',#5352,#785,#5377,.T.);
#5377 = SURFACE_CURVE('',#5378,(#5382,#5389),.PCURVE_S1.);
#5378 = LINE('',#5379,#5380);
#5379 = CARTESIAN_POINT('',(9.54,7.24,0.));
#5380 = VECTOR('',#5381,1.);
#5381 = DIRECTION('',(0.,0.,1.));
#5382 = PCURVE('',#800,#5383);
#5383 = DEFINITIONAL_REPRESENTATION('',(#5384),#5388);
#5384 = LINE('',#5385,#5386);
#5385 = CARTESIAN_POINT('',(0.,2.3));
#5386 = VECTOR('',#5387,1.);
#5387 = DIRECTION('',(1.,0.));
#5388 = ( GEOMETRIC_REPRESENTATION_CONTEXT(2) 
PARAMETRIC_REPRESENTATION_CONTEXT() REPRESENTATION_CONTEXT('2D SPACE',''
  ) );
#5389 = PCURVE('',#829,#5390);
#5390 = DEFINITIONAL_REPRESENTATION('',(#5391),#5395);
#5391 = LINE('',#5392,#5393);
#5392 = CARTESIAN_POINT('',(0.,0.));
#5393 = VECTOR('',#5394,1.);
#5394 = DIRECTION('',(0.,1.));
#5395 = ( GEOMETRIC_REPRESENTATION_CONTEXT(2) 
PARAMETRIC_REPRESENTATION_CONTEXT() REPRESENTATION_CONTEXT('2D SPACE',''
  ) );
#5396 = ADVANCED_FACE('',(#5397),#1008,.F.);
#5397 = FACE_BOUND('',#5398,.T.);
#5398 = EDGE_LOOP('',(#5399,#5427,#5428,#5429));
#5399 = ORIENTED_EDGE('',*,*,#5400,.T.);
#5400 = EDGE_CURVE('',#5401,#5303,#5403,.T.);
#5401 = VERTEX_POINT('',#5402);
#5402 = CARTESIAN_POINT('',(7.24,21.48,0.));
#5403 = SURFACE_CURVE('',#5404,(#5409,#5416),.PCURVE_S1.);
#5404 = CIRCLE('',#5405,1.);
#5405 = AXIS2_PLACEMENT_3D('',#5406,#5407,#5408);
#5406 = CARTESIAN_POINT('',(8.24,21.48,0.));
#5407 = DIRECTION('',(-0.,-0.,-1.));
#5408 = DIRECTION('',(0.,-1.,0.));
#5409 = PCURVE('',#1008,#5410);
#5410 = DEFINITIONAL_REPRESENTATION('',(#5411),#5415);
#5411 = LINE('',#5412,#5413);
#5412 = CARTESIAN_POINT('',(1.570796326795,-0.));
#5413 = VECTOR('',#5414,1.);
#5414 = DIRECTION('',(-1.,0.));
#5415 = ( GEOMETRIC_REPRESENTATION_CONTEXT(2) 
PARAMETRIC_REPRESENTATION_CONTEXT() REPRESENTATION_CONTEXT('2D SPACE',''
  ) );
#5416 = PCURVE('',#2746,#5417);
#5417 = DEFINITIONAL_REPRESENTATION('',(#5418),#5426);
#5418 = ( BOUNDED_CURVE() B_SPLINE_CURVE(2,(#5419,#5420,#5421,#5422,
#5423,#5424,#5425),.UNSPECIFIED.,.T.,.F.) B_SPLINE_CURVE_WITH_KNOTS((1,2
    ,2,2,2,1),(-2.094395102393,0.,2.094395102393,4.188790204786,
6.28318530718,8.377580409573),.UNSPECIFIED.) CURVE() 
GEOMETRIC_REPRESENTATION_ITEM() RATIONAL_B_SPLINE_CURVE((1.,0.5,1.,0.5,
1.,0.5,1.)) REPRESENTATION_ITEM('') );
#5419 = CARTESIAN_POINT('',(15.48,44.61));
#5420 = CARTESIAN_POINT('',(13.747949192431,44.61));
#5421 = CARTESIAN_POINT('',(14.613974596216,46.11));
#5422 = CARTESIAN_POINT('',(15.48,47.61));
#5423 = CARTESIAN_POINT('',(16.346025403784,46.11));
#5424 = CARTESIAN_POINT('',(17.212050807569,44.61));
#5425 = CARTESIAN_POINT('',(15.48,44.61));
#5426 = ( GEOMETRIC_REPRESENTATION_CONTEXT(2) 
PARAMETRIC_REPRESENTATION_CONTEXT() REPRESENTATION_CONTEXT('2D SPACE',''
  ) );
#5427 = ORIENTED_EDGE('',*,*,#5325,.T.);
#5428 = ORIENTED_EDGE('',*,*,#987,.F.);
#5429 = ORIENTED_EDGE('',*,*,#5430,.F.);
#5430 = EDGE_CURVE('',#5401,#960,#5431,.T.);
#5431 = SURFACE_CURVE('',#5432,(#5436,#5443),.PCURVE_S1.);
#5432 = LINE('',#5433,#5434);
#5433 = CARTESIAN_POINT('',(7.24,21.48,0.));
#5434 = VECTOR('',#5435,1.);
#5435 = DIRECTION('',(0.,0.,1.));
#5436 = PCURVE('',#1008,#5437);
#5437 = DEFINITIONAL_REPRESENTATION('',(#5438),#5442);
#5438 = LINE('',#5439,#5440);
#5439 = CARTESIAN_POINT('',(-0.,0.));
#5440 = VECTOR('',#5441,1.);
#5441 = DIRECTION('',(-0.,1.));
#5442 = ( GEOMETRIC_REPRESENTATION_CONTEXT(2) 
PARAMETRIC_REPRESENTATION_CONTEXT() REPRESENTATION_CONTEXT('2D SPACE',''
  ) );
#5443 = PCURVE('',#975,#5444);
#5444 = DEFINITIONAL_REPRESENTATION('',(#5445),#5449);
#5445 = LINE('',#5446,#5447);
#5446 = CARTESIAN_POINT('',(0.,-45.61));
#5447 = VECTOR('',#5448,1.);
#5448 = DIRECTION('',(1.,0.));
#5449 = ( GEOMETRIC_REPRESENTATION_CONTEXT(2) 
PARAMETRIC_REPRESENTATION_CONTEXT() REPRESENTATION_CONTEXT('2D SPACE',''
  ) );
#5450 = ADVANCED_FACE('',(#5451),#829,.T.);
#5451 = FACE_BOUND('',#5452,.T.);
#5452 = EDGE_LOOP('',(#5453,#5477,#5498,#5499));
#5453 = ORIENTED_EDGE('',*,*,#5454,.T.);
#5454 = EDGE_CURVE('',#5352,#5455,#5457,.T.);
#5455 = VERTEX_POINT('',#5456);
#5456 = CARTESIAN_POINT('',(10.54,8.24,0.));
#5457 = SURFACE_CURVE('',#5458,(#5463,#5470),.PCURVE_S1.);
#5458 = CIRCLE('',#5459,1.);
#5459 = AXIS2_PLACEMENT_3D('',#5460,#5461,#5462);
#5460 = CARTESIAN_POINT('',(9.54,8.24,0.));
#5461 = DIRECTION('',(0.,0.,1.));
#5462 = DIRECTION('',(0.,-1.,0.));
#5463 = PCURVE('',#829,#5464);
#5464 = DEFINITIONAL_REPRESENTATION('',(#5465),#5469);
#5465 = LINE('',#5466,#5467);
#5466 = CARTESIAN_POINT('',(0.,0.));
#5467 = VECTOR('',#5468,1.);
#5468 = DIRECTION('',(1.,0.));
#5469 = ( GEOMETRIC_REPRESENTATION_CONTEXT(2) 
PARAMETRIC_REPRESENTATION_CONTEXT() REPRESENTATION_CONTEXT('2D SPACE',''
  ) );
#5470 = PCURVE('',#2746,#5471);
#5471 = DEFINITIONAL_REPRESENTATION('',(#5472),#5476);
#5472 = CIRCLE('',#5473,1.);
#5473 = AXIS2_PLACEMENT_2D('',#5474,#5475);
#5474 = CARTESIAN_POINT('',(16.78,32.37));
#5475 = DIRECTION('',(0.,-1.));
#5476 = ( GEOMETRIC_REPRESENTATION_CONTEXT(2) 
PARAMETRIC_REPRESENTATION_CONTEXT() REPRESENTATION_CONTEXT('2D SPACE',''
  ) );
#5477 = ORIENTED_EDGE('',*,*,#5478,.T.);
#5478 = EDGE_CURVE('',#5455,#813,#5479,.T.);
#5479 = SURFACE_CURVE('',#5480,(#5484,#5491),.PCURVE_S1.);
#5480 = LINE('',#5481,#5482);
#5481 = CARTESIAN_POINT('',(10.54,8.24,0.));
#5482 = VECTOR('',#5483,1.);
#5483 = DIRECTION('',(0.,0.,1.));
#5484 = PCURVE('',#829,#5485);
#5485 = DEFINITIONAL_REPRESENTATION('',(#5486),#5490);
#5486 = LINE('',#5487,#5488);
#5487 = CARTESIAN_POINT('',(1.570796326795,0.));
#5488 = VECTOR('',#5489,1.);
#5489 = DIRECTION('',(0.,1.));
#5490 = ( GEOMETRIC_REPRESENTATION_CONTEXT(2) 
PARAMETRIC_REPRESENTATION_CONTEXT() REPRESENTATION_CONTEXT('2D SPACE',''
  ) );
#5491 = PCURVE('',#857,#5492);
#5492 = DEFINITIONAL_REPRESENTATION('',(#5493),#5497);
#5493 = LINE('',#5494,#5495);
#5494 = CARTESIAN_POINT('',(0.,-1.));
#5495 = VECTOR('',#5496,1.);
#5496 = DIRECTION('',(1.,0.));
#5497 = ( GEOMETRIC_REPRESENTATION_CONTEXT(2) 
PARAMETRIC_REPRESENTATION_CONTEXT() REPRESENTATION_CONTEXT('2D SPACE',''
  ) );
#5498 = ORIENTED_EDGE('',*,*,#812,.F.);
#5499 = ORIENTED_EDGE('',*,*,#5376,.F.);
#5500 = ADVANCED_FACE('',(#5501),#975,.T.);
#5501 = FACE_BOUND('',#5502,.T.);
#5502 = EDGE_LOOP('',(#5503,#5504,#5527,#5548));
#5503 = ORIENTED_EDGE('',*,*,#959,.F.);
#5504 = ORIENTED_EDGE('',*,*,#5505,.F.);
#5505 = EDGE_CURVE('',#5506,#927,#5508,.T.);
#5506 = VERTEX_POINT('',#5507);
#5507 = CARTESIAN_POINT('',(7.24,14.08,0.));
#5508 = SURFACE_CURVE('',#5509,(#5513,#5520),.PCURVE_S1.);
#5509 = LINE('',#5510,#5511);
#5510 = CARTESIAN_POINT('',(7.24,14.08,0.));
#5511 = VECTOR('',#5512,1.);
#5512 = DIRECTION('',(0.,0.,1.));
#5513 = PCURVE('',#975,#5514);
#5514 = DEFINITIONAL_REPRESENTATION('',(#5515),#5519);
#5515 = LINE('',#5516,#5517);
#5516 = CARTESIAN_POINT('',(0.,-38.21));
#5517 = VECTOR('',#5518,1.);
#5518 = DIRECTION('',(1.,0.));
#5519 = ( GEOMETRIC_REPRESENTATION_CONTEXT(2) 
PARAMETRIC_REPRESENTATION_CONTEXT() REPRESENTATION_CONTEXT('2D SPACE',''
  ) );
#5520 = PCURVE('',#947,#5521);
#5521 = DEFINITIONAL_REPRESENTATION('',(#5522),#5526);
#5522 = LINE('',#5523,#5524);
#5523 = CARTESIAN_POINT('',(-1.570796326795,0.));
#5524 = VECTOR('',#5525,1.);
#5525 = DIRECTION('',(-0.,1.));
#5526 = ( GEOMETRIC_REPRESENTATION_CONTEXT(2) 
PARAMETRIC_REPRESENTATION_CONTEXT() REPRESENTATION_CONTEXT('2D SPACE',''
  ) );
#5527 = ORIENTED_EDGE('',*,*,#5528,.T.);
#5528 = EDGE_CURVE('',#5506,#5401,#5529,.T.);
#5529 = SURFACE_CURVE('',#5530,(#5534,#5541),.PCURVE_S1.);
#5530 = LINE('',#5531,#5532);
#5531 = CARTESIAN_POINT('',(7.24,-24.13,0.));
#5532 = VECTOR('',#5533,1.);
#5533 = DIRECTION('',(-0.,1.,0.));
#5534 = PCURVE('',#975,#5535);
#5535 = DEFINITIONAL_REPRESENTATION('',(#5536),#5540);
#5536 = LINE('',#5537,#5538);
#5537 = CARTESIAN_POINT('',(0.,0.));
#5538 = VECTOR('',#5539,1.);
#5539 = DIRECTION('',(0.,-1.));
#5540 = ( GEOMETRIC_REPRESENTATION_CONTEXT(2) 
PARAMETRIC_REPRESENTATION_CONTEXT() REPRESENTATION_CONTEXT('2D SPACE',''
  ) );
#5541 = PCURVE('',#2746,#5542);
#5542 = DEFINITIONAL_REPRESENTATION('',(#5543),#5547);
#5543 = LINE('',#5544,#5545);
#5544 = CARTESIAN_POINT('',(14.48,0.));
#5545 = VECTOR('',#5546,1.);
#5546 = DIRECTION('',(0.,1.));
#5547 = ( GEOMETRIC_REPRESENTATION_CONTEXT(2) 
PARAMETRIC_REPRESENTATION_CONTEXT() REPRESENTATION_CONTEXT('2D SPACE',''
  ) );
#5548 = ORIENTED_EDGE('',*,*,#5430,.T.);
#5549 = ADVANCED_FACE('',(#5550),#857,.T.);
#5550 = FACE_BOUND('',#5551,.T.);
#5551 = EDGE_LOOP('',(#5552,#5553,#5554,#5577));
#5552 = ORIENTED_EDGE('',*,*,#841,.F.);
#5553 = ORIENTED_EDGE('',*,*,#5478,.F.);
#5554 = ORIENTED_EDGE('',*,*,#5555,.T.);
#5555 = EDGE_CURVE('',#5455,#5556,#5558,.T.);
#5556 = VERTEX_POINT('',#5557);
#5557 = CARTESIAN_POINT('',(10.54,12.08,0.));
#5558 = SURFACE_CURVE('',#5559,(#5563,#5570),.PCURVE_S1.);
#5559 = LINE('',#5560,#5561);
#5560 = CARTESIAN_POINT('',(10.54,7.24,0.));
#5561 = VECTOR('',#5562,1.);
#5562 = DIRECTION('',(-0.,1.,0.));
#5563 = PCURVE('',#857,#5564);
#5564 = DEFINITIONAL_REPRESENTATION('',(#5565),#5569);
#5565 = LINE('',#5566,#5567);
#5566 = CARTESIAN_POINT('',(0.,0.));
#5567 = VECTOR('',#5568,1.);
#5568 = DIRECTION('',(0.,-1.));
#5569 = ( GEOMETRIC_REPRESENTATION_CONTEXT(2) 
PARAMETRIC_REPRESENTATION_CONTEXT() REPRESENTATION_CONTEXT('2D SPACE',''
  ) );
#5570 = PCURVE('',#2746,#5571);
#5571 = DEFINITIONAL_REPRESENTATION('',(#5572),#5576);
#5572 = LINE('',#5573,#5574);
#5573 = CARTESIAN_POINT('',(17.78,31.37));
#5574 = VECTOR('',#5575,1.);
#5575 = DIRECTION('',(0.,1.));
#5576 = ( GEOMETRIC_REPRESENTATION_CONTEXT(2) 
PARAMETRIC_REPRESENTATION_CONTEXT() REPRESENTATION_CONTEXT('2D SPACE',''
  ) );
#5577 = ORIENTED_EDGE('',*,*,#5578,.T.);
#5578 = EDGE_CURVE('',#5556,#842,#5579,.T.);
#5579 = SURFACE_CURVE('',#5580,(#5584,#5591),.PCURVE_S1.);
#5580 = LINE('',#5581,#5582);
#5581 = CARTESIAN_POINT('',(10.54,12.08,0.));
#5582 = VECTOR('',#5583,1.);
#5583 = DIRECTION('',(0.,0.,1.));
#5584 = PCURVE('',#857,#5585);
#5585 = DEFINITIONAL_REPRESENTATION('',(#5586),#5590);
#5586 = LINE('',#5587,#5588);
#5587 = CARTESIAN_POINT('',(0.,-4.84));
#5588 = VECTOR('',#5589,1.);
#5589 = DIRECTION('',(1.,0.));
#5590 = ( GEOMETRIC_REPRESENTATION_CONTEXT(2) 
PARAMETRIC_REPRESENTATION_CONTEXT() REPRESENTATION_CONTEXT('2D SPACE',''
  ) );
#5591 = PCURVE('',#886,#5592);
#5592 = DEFINITIONAL_REPRESENTATION('',(#5593),#5597);
#5593 = LINE('',#5594,#5595);
#5594 = CARTESIAN_POINT('',(0.,0.));
#5595 = VECTOR('',#5596,1.);
#5596 = DIRECTION('',(0.,1.));
#5597 = ( GEOMETRIC_REPRESENTATION_CONTEXT(2) 
PARAMETRIC_REPRESENTATION_CONTEXT() REPRESENTATION_CONTEXT('2D SPACE',''
  ) );
#5598 = ADVANCED_FACE('',(#5599),#947,.F.);
#5599 = FACE_BOUND('',#5600,.T.);
#5600 = EDGE_LOOP('',(#5601,#5629,#5630,#5631));
#5601 = ORIENTED_EDGE('',*,*,#5602,.T.);
#5602 = EDGE_CURVE('',#5603,#5506,#5605,.T.);
#5603 = VERTEX_POINT('',#5604);
#5604 = CARTESIAN_POINT('',(8.24,13.08,0.));
#5605 = SURFACE_CURVE('',#5606,(#5611,#5618),.PCURVE_S1.);
#5606 = CIRCLE('',#5607,1.);
#5607 = AXIS2_PLACEMENT_3D('',#5608,#5609,#5610);
#5608 = CARTESIAN_POINT('',(8.24,14.08,0.));
#5609 = DIRECTION('',(-0.,-0.,-1.));
#5610 = DIRECTION('',(0.,-1.,0.));
#5611 = PCURVE('',#947,#5612);
#5612 = DEFINITIONAL_REPRESENTATION('',(#5613),#5617);
#5613 = LINE('',#5614,#5615);
#5614 = CARTESIAN_POINT('',(-0.,0.));
#5615 = VECTOR('',#5616,1.);
#5616 = DIRECTION('',(-1.,0.));
#5617 = ( GEOMETRIC_REPRESENTATION_CONTEXT(2) 
PARAMETRIC_REPRESENTATION_CONTEXT() REPRESENTATION_CONTEXT('2D SPACE',''
  ) );
#5618 = PCURVE('',#2746,#5619);
#5619 = DEFINITIONAL_REPRESENTATION('',(#5620),#5628);
#5620 = ( BOUNDED_CURVE() B_SPLINE_CURVE(2,(#5621,#5622,#5623,#5624,
#5625,#5626,#5627),.UNSPECIFIED.,.T.,.F.) B_SPLINE_CURVE_WITH_KNOTS((1,2
    ,2,2,2,1),(-2.094395102393,0.,2.094395102393,4.188790204786,
6.28318530718,8.377580409573),.UNSPECIFIED.) CURVE() 
GEOMETRIC_REPRESENTATION_ITEM() RATIONAL_B_SPLINE_CURVE((1.,0.5,1.,0.5,
1.,0.5,1.)) REPRESENTATION_ITEM('') );
#5621 = CARTESIAN_POINT('',(15.48,37.21));
#5622 = CARTESIAN_POINT('',(13.747949192431,37.21));
#5623 = CARTESIAN_POINT('',(14.613974596216,38.71));
#5624 = CARTESIAN_POINT('',(15.48,40.21));
#5625 = CARTESIAN_POINT('',(16.346025403784,38.71));
#5626 = CARTESIAN_POINT('',(17.212050807569,37.21));
#5627 = CARTESIAN_POINT('',(15.48,37.21));
#5628 = ( GEOMETRIC_REPRESENTATION_CONTEXT(2) 
PARAMETRIC_REPRESENTATION_CONTEXT() REPRESENTATION_CONTEXT('2D SPACE',''
  ) );
#5629 = ORIENTED_EDGE('',*,*,#5505,.T.);
#5630 = ORIENTED_EDGE('',*,*,#926,.F.);
#5631 = ORIENTED_EDGE('',*,*,#5632,.F.);
#5632 = EDGE_CURVE('',#5603,#899,#5633,.T.);
#5633 = SURFACE_CURVE('',#5634,(#5638,#5645),.PCURVE_S1.);
#5634 = LINE('',#5635,#5636);
#5635 = CARTESIAN_POINT('',(8.24,13.08,0.));
#5636 = VECTOR('',#5637,1.);
#5637 = DIRECTION('',(0.,0.,1.));
#5638 = PCURVE('',#947,#5639);
#5639 = DEFINITIONAL_REPRESENTATION('',(#5640),#5644);
#5640 = LINE('',#5641,#5642);
#5641 = CARTESIAN_POINT('',(-0.,0.));
#5642 = VECTOR('',#5643,1.);
#5643 = DIRECTION('',(-0.,1.));
#5644 = ( GEOMETRIC_REPRESENTATION_CONTEXT(2) 
PARAMETRIC_REPRESENTATION_CONTEXT() REPRESENTATION_CONTEXT('2D SPACE',''
  ) );
#5645 = PCURVE('',#914,#5646);
#5646 = DEFINITIONAL_REPRESENTATION('',(#5647),#5651);
#5647 = LINE('',#5648,#5649);
#5648 = CARTESIAN_POINT('',(0.,1.));
#5649 = VECTOR('',#5650,1.);
#5650 = DIRECTION('',(1.,0.));
#5651 = ( GEOMETRIC_REPRESENTATION_CONTEXT(2) 
PARAMETRIC_REPRESENTATION_CONTEXT() REPRESENTATION_CONTEXT('2D SPACE',''
  ) );
#5652 = ADVANCED_FACE('',(#5653),#886,.T.);
#5653 = FACE_BOUND('',#5654,.T.);
#5654 = EDGE_LOOP('',(#5655,#5679,#5700,#5701));
#5655 = ORIENTED_EDGE('',*,*,#5656,.T.);
#5656 = EDGE_CURVE('',#5556,#5657,#5659,.T.);
#5657 = VERTEX_POINT('',#5658);
#5658 = CARTESIAN_POINT('',(9.54,13.08,0.));
#5659 = SURFACE_CURVE('',#5660,(#5665,#5672),.PCURVE_S1.);
#5660 = CIRCLE('',#5661,1.);
#5661 = AXIS2_PLACEMENT_3D('',#5662,#5663,#5664);
#5662 = CARTESIAN_POINT('',(9.54,12.08,0.));
#5663 = DIRECTION('',(0.,0.,1.));
#5664 = DIRECTION('',(0.,-1.,0.));
#5665 = PCURVE('',#886,#5666);
#5666 = DEFINITIONAL_REPRESENTATION('',(#5667),#5671);
#5667 = LINE('',#5668,#5669);
#5668 = CARTESIAN_POINT('',(-1.570796326795,0.));
#5669 = VECTOR('',#5670,1.);
#5670 = DIRECTION('',(1.,0.));
#5671 = ( GEOMETRIC_REPRESENTATION_CONTEXT(2) 
PARAMETRIC_REPRESENTATION_CONTEXT() REPRESENTATION_CONTEXT('2D SPACE',''
  ) );
#5672 = PCURVE('',#2746,#5673);
#5673 = DEFINITIONAL_REPRESENTATION('',(#5674),#5678);
#5674 = CIRCLE('',#5675,1.);
#5675 = AXIS2_PLACEMENT_2D('',#5676,#5677);
#5676 = CARTESIAN_POINT('',(16.78,36.21));
#5677 = DIRECTION('',(0.,-1.));
#5678 = ( GEOMETRIC_REPRESENTATION_CONTEXT(2) 
PARAMETRIC_REPRESENTATION_CONTEXT() REPRESENTATION_CONTEXT('2D SPACE',''
  ) );
#5679 = ORIENTED_EDGE('',*,*,#5680,.T.);
#5680 = EDGE_CURVE('',#5657,#870,#5681,.T.);
#5681 = SURFACE_CURVE('',#5682,(#5686,#5693),.PCURVE_S1.);
#5682 = LINE('',#5683,#5684);
#5683 = CARTESIAN_POINT('',(9.54,13.08,0.));
#5684 = VECTOR('',#5685,1.);
#5685 = DIRECTION('',(0.,0.,1.));
#5686 = PCURVE('',#886,#5687);
#5687 = DEFINITIONAL_REPRESENTATION('',(#5688),#5692);
#5688 = LINE('',#5689,#5690);
#5689 = CARTESIAN_POINT('',(1.570796326795,0.));
#5690 = VECTOR('',#5691,1.);
#5691 = DIRECTION('',(0.,1.));
#5692 = ( GEOMETRIC_REPRESENTATION_CONTEXT(2) 
PARAMETRIC_REPRESENTATION_CONTEXT() REPRESENTATION_CONTEXT('2D SPACE',''
  ) );
#5693 = PCURVE('',#914,#5694);
#5694 = DEFINITIONAL_REPRESENTATION('',(#5695),#5699);
#5695 = LINE('',#5696,#5697);
#5696 = CARTESIAN_POINT('',(0.,2.3));
#5697 = VECTOR('',#5698,1.);
#5698 = DIRECTION('',(1.,0.));
#5699 = ( GEOMETRIC_REPRESENTATION_CONTEXT(2) 
PARAMETRIC_REPRESENTATION_CONTEXT() REPRESENTATION_CONTEXT('2D SPACE',''
  ) );
#5700 = ORIENTED_EDGE('',*,*,#869,.F.);
#5701 = ORIENTED_EDGE('',*,*,#5578,.F.);
#5702 = ADVANCED_FACE('',(#5703),#914,.T.);
#5703 = FACE_BOUND('',#5704,.T.);
#5704 = EDGE_LOOP('',(#5705,#5726,#5727,#5728));
#5705 = ORIENTED_EDGE('',*,*,#5706,.F.);
#5706 = EDGE_CURVE('',#5603,#5657,#5707,.T.);
#5707 = SURFACE_CURVE('',#5708,(#5712,#5719),.PCURVE_S1.);
#5708 = LINE('',#5709,#5710);
#5709 = CARTESIAN_POINT('',(7.24,13.08,0.));
#5710 = VECTOR('',#5711,1.);
#5711 = DIRECTION('',(1.,0.,-0.));
#5712 = PCURVE('',#914,#5713);
#5713 = DEFINITIONAL_REPRESENTATION('',(#5714),#5718);
#5714 = LINE('',#5715,#5716);
#5715 = CARTESIAN_POINT('',(0.,0.));
#5716 = VECTOR('',#5717,1.);
#5717 = DIRECTION('',(0.,1.));
#5718 = ( GEOMETRIC_REPRESENTATION_CONTEXT(2) 
PARAMETRIC_REPRESENTATION_CONTEXT() REPRESENTATION_CONTEXT('2D SPACE',''
  ) );
#5719 = PCURVE('',#2746,#5720);
#5720 = DEFINITIONAL_REPRESENTATION('',(#5721),#5725);
#5721 = LINE('',#5722,#5723);
#5722 = CARTESIAN_POINT('',(14.48,37.21));
#5723 = VECTOR('',#5724,1.);
#5724 = DIRECTION('',(1.,0.));
#5725 = ( GEOMETRIC_REPRESENTATION_CONTEXT(2) 
PARAMETRIC_REPRESENTATION_CONTEXT() REPRESENTATION_CONTEXT('2D SPACE',''
  ) );
#5726 = ORIENTED_EDGE('',*,*,#5632,.T.);
#5727 = ORIENTED_EDGE('',*,*,#898,.T.);
#5728 = ORIENTED_EDGE('',*,*,#5680,.F.);
#5729 = ADVANCED_FACE('',(#5730),#1785,.T.);
#5730 = FACE_BOUND('',#5731,.T.);
#5731 = EDGE_LOOP('',(#5732,#5755,#5776,#5797));
#5732 = ORIENTED_EDGE('',*,*,#5733,.F.);
#5733 = EDGE_CURVE('',#5734,#1769,#5736,.T.);
#5734 = VERTEX_POINT('',#5735);
#5735 = CARTESIAN_POINT('',(-8.24,-24.78,0.));
#5736 = SURFACE_CURVE('',#5737,(#5741,#5748),.PCURVE_S1.);
#5737 = LINE('',#5738,#5739);
#5738 = CARTESIAN_POINT('',(-8.24,-24.78,-1.));
#5739 = VECTOR('',#5740,1.);
#5740 = DIRECTION('',(0.,0.,1.));
#5741 = PCURVE('',#1785,#5742);
#5742 = DEFINITIONAL_REPRESENTATION('',(#5743),#5747);
#5743 = LINE('',#5744,#5745);
#5744 = CARTESIAN_POINT('',(0.,1.3));
#5745 = VECTOR('',#5746,1.);
#5746 = DIRECTION('',(1.,0.));
#5747 = ( GEOMETRIC_REPRESENTATION_CONTEXT(2) 
PARAMETRIC_REPRESENTATION_CONTEXT() REPRESENTATION_CONTEXT('2D SPACE',''
  ) );
#5748 = PCURVE('',#1861,#5749);
#5749 = DEFINITIONAL_REPRESENTATION('',(#5750),#5754);
#5750 = LINE('',#5751,#5752);
#5751 = CARTESIAN_POINT('',(0.,0.));
#5752 = VECTOR('',#5753,1.);
#5753 = DIRECTION('',(1.,0.));
#5754 = ( GEOMETRIC_REPRESENTATION_CONTEXT(2) 
PARAMETRIC_REPRESENTATION_CONTEXT() REPRESENTATION_CONTEXT('2D SPACE',''
  ) );
#5755 = ORIENTED_EDGE('',*,*,#5756,.T.);
#5756 = EDGE_CURVE('',#5734,#5757,#5759,.T.);
#5757 = VERTEX_POINT('',#5758);
#5758 = CARTESIAN_POINT('',(-9.54,-24.78,0.));
#5759 = SURFACE_CURVE('',#5760,(#5764,#5770),.PCURVE_S1.);
#5760 = LINE('',#5761,#5762);
#5761 = CARTESIAN_POINT('',(-8.39,-24.78,0.));
#5762 = VECTOR('',#5763,1.);
#5763 = DIRECTION('',(-1.,-0.,0.));
#5764 = PCURVE('',#1785,#5765);
#5765 = DEFINITIONAL_REPRESENTATION('',(#5766),#5769);
#5766 = B_SPLINE_CURVE_WITH_KNOTS('',1,(#5767,#5768),.UNSPECIFIED.,.F.,
  .F.,(2,2),(-0.15,1.15),.PIECEWISE_BEZIER_KNOTS.);
#5767 = CARTESIAN_POINT('',(1.,1.3));
#5768 = CARTESIAN_POINT('',(1.,0.));
#5769 = ( GEOMETRIC_REPRESENTATION_CONTEXT(2) 
PARAMETRIC_REPRESENTATION_CONTEXT() REPRESENTATION_CONTEXT('2D SPACE',''
  ) );
#5770 = PCURVE('',#2746,#5771);
#5771 = DEFINITIONAL_REPRESENTATION('',(#5772),#5775);
#5772 = B_SPLINE_CURVE_WITH_KNOTS('',1,(#5773,#5774),.UNSPECIFIED.,.F.,
  .F.,(2,2),(-0.15,1.15),.PIECEWISE_BEZIER_KNOTS.);
#5773 = CARTESIAN_POINT('',(-1.,-0.65));
#5774 = CARTESIAN_POINT('',(-2.3,-0.65));
#5775 = ( GEOMETRIC_REPRESENTATION_CONTEXT(2) 
PARAMETRIC_REPRESENTATION_CONTEXT() REPRESENTATION_CONTEXT('2D SPACE',''
  ) );
#5776 = ORIENTED_EDGE('',*,*,#5777,.T.);
#5777 = EDGE_CURVE('',#5757,#1771,#5778,.T.);
#5778 = SURFACE_CURVE('',#5779,(#5783,#5790),.PCURVE_S1.);
#5779 = LINE('',#5780,#5781);
#5780 = CARTESIAN_POINT('',(-9.54,-24.78,-1.));
#5781 = VECTOR('',#5782,1.);
#5782 = DIRECTION('',(0.,0.,1.));
#5783 = PCURVE('',#1785,#5784);
#5784 = DEFINITIONAL_REPRESENTATION('',(#5785),#5789);
#5785 = LINE('',#5786,#5787);
#5786 = CARTESIAN_POINT('',(0.,0.));
#5787 = VECTOR('',#5788,1.);
#5788 = DIRECTION('',(1.,0.));
#5789 = ( GEOMETRIC_REPRESENTATION_CONTEXT(2) 
PARAMETRIC_REPRESENTATION_CONTEXT() REPRESENTATION_CONTEXT('2D SPACE',''
  ) );
#5790 = PCURVE('',#1811,#5791);
#5791 = DEFINITIONAL_REPRESENTATION('',(#5792),#5796);
#5792 = LINE('',#5793,#5794);
#5793 = CARTESIAN_POINT('',(0.,0.));
#5794 = VECTOR('',#5795,1.);
#5795 = DIRECTION('',(1.,0.));
#5796 = ( GEOMETRIC_REPRESENTATION_CONTEXT(2) 
PARAMETRIC_REPRESENTATION_CONTEXT() REPRESENTATION_CONTEXT('2D SPACE',''
  ) );
#5797 = ORIENTED_EDGE('',*,*,#1768,.F.);
#5798 = ADVANCED_FACE('',(#5799),#1861,.F.);
#5799 = FACE_BOUND('',#5800,.F.);
#5800 = EDGE_LOOP('',(#5801,#5802,#5823,#5844));
#5801 = ORIENTED_EDGE('',*,*,#5733,.F.);
#5802 = ORIENTED_EDGE('',*,*,#5803,.T.);
#5803 = EDGE_CURVE('',#5734,#5804,#5806,.T.);
#5804 = VERTEX_POINT('',#5805);
#5805 = CARTESIAN_POINT('',(-8.24,-23.48,0.));
#5806 = SURFACE_CURVE('',#5807,(#5811,#5817),.PCURVE_S1.);
#5807 = LINE('',#5808,#5809);
#5808 = CARTESIAN_POINT('',(-8.24,-24.455,0.));
#5809 = VECTOR('',#5810,1.);
#5810 = DIRECTION('',(-0.,1.,0.));
#5811 = PCURVE('',#1861,#5812);
#5812 = DEFINITIONAL_REPRESENTATION('',(#5813),#5816);
#5813 = B_SPLINE_CURVE_WITH_KNOTS('',1,(#5814,#5815),.UNSPECIFIED.,.F.,
  .F.,(2,2),(-0.325,0.975),.PIECEWISE_BEZIER_KNOTS.);
#5814 = CARTESIAN_POINT('',(1.,0.));
#5815 = CARTESIAN_POINT('',(1.,-1.3));
#5816 = ( GEOMETRIC_REPRESENTATION_CONTEXT(2) 
PARAMETRIC_REPRESENTATION_CONTEXT() REPRESENTATION_CONTEXT('2D SPACE',''
  ) );
#5817 = PCURVE('',#2746,#5818);
#5818 = DEFINITIONAL_REPRESENTATION('',(#5819),#5822);
#5819 = B_SPLINE_CURVE_WITH_KNOTS('',1,(#5820,#5821),.UNSPECIFIED.,.F.,
  .F.,(2,2),(-0.325,0.975),.PIECEWISE_BEZIER_KNOTS.);
#5820 = CARTESIAN_POINT('',(-1.,-0.65));
#5821 = CARTESIAN_POINT('',(-1.,0.65));
#5822 = ( GEOMETRIC_REPRESENTATION_CONTEXT(2) 
PARAMETRIC_REPRESENTATION_CONTEXT() REPRESENTATION_CONTEXT('2D SPACE',''
  ) );
#5823 = ORIENTED_EDGE('',*,*,#5824,.T.);
#5824 = EDGE_CURVE('',#5804,#1823,#5825,.T.);
#5825 = SURFACE_CURVE('',#5826,(#5830,#5837),.PCURVE_S1.);
#5826 = LINE('',#5827,#5828);
#5827 = CARTESIAN_POINT('',(-8.24,-23.48,-1.));
#5828 = VECTOR('',#5829,1.);
#5829 = DIRECTION('',(0.,0.,1.));
#5830 = PCURVE('',#1861,#5831);
#5831 = DEFINITIONAL_REPRESENTATION('',(#5832),#5836);
#5832 = LINE('',#5833,#5834);
#5833 = CARTESIAN_POINT('',(0.,-1.3));
#5834 = VECTOR('',#5835,1.);
#5835 = DIRECTION('',(1.,0.));
#5836 = ( GEOMETRIC_REPRESENTATION_CONTEXT(2) 
PARAMETRIC_REPRESENTATION_CONTEXT() REPRESENTATION_CONTEXT('2D SPACE',''
  ) );
#5837 = PCURVE('',#1837,#5838);
#5838 = DEFINITIONAL_REPRESENTATION('',(#5839),#5843);
#5839 = LINE('',#5840,#5841);
#5840 = CARTESIAN_POINT('',(0.,1.3));
#5841 = VECTOR('',#5842,1.);
#5842 = DIRECTION('',(1.,0.));
#5843 = ( GEOMETRIC_REPRESENTATION_CONTEXT(2) 
PARAMETRIC_REPRESENTATION_CONTEXT() REPRESENTATION_CONTEXT('2D SPACE',''
  ) );
#5844 = ORIENTED_EDGE('',*,*,#1848,.F.);
#5845 = ADVANCED_FACE('',(#5846),#1811,.T.);
#5846 = FACE_BOUND('',#5847,.T.);
#5847 = EDGE_LOOP('',(#5848,#5849,#5870,#5891));
#5848 = ORIENTED_EDGE('',*,*,#5777,.F.);
#5849 = ORIENTED_EDGE('',*,*,#5850,.T.);
#5850 = EDGE_CURVE('',#5757,#5851,#5853,.T.);
#5851 = VERTEX_POINT('',#5852);
#5852 = CARTESIAN_POINT('',(-9.54,-23.48,0.));
#5853 = SURFACE_CURVE('',#5854,(#5858,#5864),.PCURVE_S1.);
#5854 = LINE('',#5855,#5856);
#5855 = CARTESIAN_POINT('',(-9.54,-24.455,0.));
#5856 = VECTOR('',#5857,1.);
#5857 = DIRECTION('',(-0.,1.,0.));
#5858 = PCURVE('',#1811,#5859);
#5859 = DEFINITIONAL_REPRESENTATION('',(#5860),#5863);
#5860 = B_SPLINE_CURVE_WITH_KNOTS('',1,(#5861,#5862),.UNSPECIFIED.,.F.,
  .F.,(2,2),(-0.325,0.975),.PIECEWISE_BEZIER_KNOTS.);
#5861 = CARTESIAN_POINT('',(1.,0.));
#5862 = CARTESIAN_POINT('',(1.,-1.3));
#5863 = ( GEOMETRIC_REPRESENTATION_CONTEXT(2) 
PARAMETRIC_REPRESENTATION_CONTEXT() REPRESENTATION_CONTEXT('2D SPACE',''
  ) );
#5864 = PCURVE('',#2746,#5865);
#5865 = DEFINITIONAL_REPRESENTATION('',(#5866),#5869);
#5866 = B_SPLINE_CURVE_WITH_KNOTS('',1,(#5867,#5868),.UNSPECIFIED.,.F.,
  .F.,(2,2),(-0.325,0.975),.PIECEWISE_BEZIER_KNOTS.);
#5867 = CARTESIAN_POINT('',(-2.3,-0.65));
#5868 = CARTESIAN_POINT('',(-2.3,0.65));
#5869 = ( GEOMETRIC_REPRESENTATION_CONTEXT(2) 
PARAMETRIC_REPRESENTATION_CONTEXT() REPRESENTATION_CONTEXT('2D SPACE',''
  ) );
#5870 = ORIENTED_EDGE('',*,*,#5871,.T.);
#5871 = EDGE_CURVE('',#5851,#1797,#5872,.T.);
#5872 = SURFACE_CURVE('',#5873,(#5877,#5884),.PCURVE_S1.);
#5873 = LINE('',#5874,#5875);
#5874 = CARTESIAN_POINT('',(-9.54,-23.48,-1.));
#5875 = VECTOR('',#5876,1.);
#5876 = DIRECTION('',(0.,0.,1.));
#5877 = PCURVE('',#1811,#5878);
#5878 = DEFINITIONAL_REPRESENTATION('',(#5879),#5883);
#5879 = LINE('',#5880,#5881);
#5880 = CARTESIAN_POINT('',(0.,-1.3));
#5881 = VECTOR('',#5882,1.);
#5882 = DIRECTION('',(1.,0.));
#5883 = ( GEOMETRIC_REPRESENTATION_CONTEXT(2) 
PARAMETRIC_REPRESENTATION_CONTEXT() REPRESENTATION_CONTEXT('2D SPACE',''
  ) );
#5884 = PCURVE('',#1837,#5885);
#5885 = DEFINITIONAL_REPRESENTATION('',(#5886),#5890);
#5886 = LINE('',#5887,#5888);
#5887 = CARTESIAN_POINT('',(0.,0.));
#5888 = VECTOR('',#5889,1.);
#5889 = DIRECTION('',(1.,0.));
#5890 = ( GEOMETRIC_REPRESENTATION_CONTEXT(2) 
PARAMETRIC_REPRESENTATION_CONTEXT() REPRESENTATION_CONTEXT('2D SPACE',''
  ) );
#5891 = ORIENTED_EDGE('',*,*,#1796,.F.);
#5892 = ADVANCED_FACE('',(#5893),#1837,.F.);
#5893 = FACE_BOUND('',#5894,.F.);
#5894 = EDGE_LOOP('',(#5895,#5896,#5915,#5916));
#5895 = ORIENTED_EDGE('',*,*,#5824,.F.);
#5896 = ORIENTED_EDGE('',*,*,#5897,.T.);
#5897 = EDGE_CURVE('',#5804,#5851,#5898,.T.);
#5898 = SURFACE_CURVE('',#5899,(#5903,#5909),.PCURVE_S1.);
#5899 = LINE('',#5900,#5901);
#5900 = CARTESIAN_POINT('',(-8.39,-23.48,0.));
#5901 = VECTOR('',#5902,1.);
#5902 = DIRECTION('',(-1.,-0.,0.));
#5903 = PCURVE('',#1837,#5904);
#5904 = DEFINITIONAL_REPRESENTATION('',(#5905),#5908);
#5905 = B_SPLINE_CURVE_WITH_KNOTS('',1,(#5906,#5907),.UNSPECIFIED.,.F.,
  .F.,(2,2),(-0.15,1.15),.PIECEWISE_BEZIER_KNOTS.);
#5906 = CARTESIAN_POINT('',(1.,1.3));
#5907 = CARTESIAN_POINT('',(1.,0.));
#5908 = ( GEOMETRIC_REPRESENTATION_CONTEXT(2) 
PARAMETRIC_REPRESENTATION_CONTEXT() REPRESENTATION_CONTEXT('2D SPACE',''
  ) );
#5909 = PCURVE('',#2746,#5910);
#5910 = DEFINITIONAL_REPRESENTATION('',(#5911),#5914);
#5911 = B_SPLINE_CURVE_WITH_KNOTS('',1,(#5912,#5913),.UNSPECIFIED.,.F.,
  .F.,(2,2),(-0.15,1.15),.PIECEWISE_BEZIER_KNOTS.);
#5912 = CARTESIAN_POINT('',(-1.,0.65));
#5913 = CARTESIAN_POINT('',(-2.3,0.65));
#5914 = ( GEOMETRIC_REPRESENTATION_CONTEXT(2) 
PARAMETRIC_REPRESENTATION_CONTEXT() REPRESENTATION_CONTEXT('2D SPACE',''
  ) );
#5915 = ORIENTED_EDGE('',*,*,#5871,.T.);
#5916 = ORIENTED_EDGE('',*,*,#1822,.F.);
#5917 = ADVANCED_FACE('',(#5918),#1891,.T.);
#5918 = FACE_BOUND('',#5919,.T.);
#5919 = EDGE_LOOP('',(#5920,#5943,#5964,#5985));
#5920 = ORIENTED_EDGE('',*,*,#5921,.F.);
#5921 = EDGE_CURVE('',#5922,#1875,#5924,.T.);
#5922 = VERTEX_POINT('',#5923);
#5923 = CARTESIAN_POINT('',(9.54,-24.78,0.));
#5924 = SURFACE_CURVE('',#5925,(#5929,#5936),.PCURVE_S1.);
#5925 = LINE('',#5926,#5927);
#5926 = CARTESIAN_POINT('',(9.54,-24.78,-1.));
#5927 = VECTOR('',#5928,1.);
#5928 = DIRECTION('',(0.,0.,1.));
#5929 = PCURVE('',#1891,#5930);
#5930 = DEFINITIONAL_REPRESENTATION('',(#5931),#5935);
#5931 = LINE('',#5932,#5933);
#5932 = CARTESIAN_POINT('',(0.,1.3));
#5933 = VECTOR('',#5934,1.);
#5934 = DIRECTION('',(1.,0.));
#5935 = ( GEOMETRIC_REPRESENTATION_CONTEXT(2) 
PARAMETRIC_REPRESENTATION_CONTEXT() REPRESENTATION_CONTEXT('2D SPACE',''
  ) );
#5936 = PCURVE('',#1967,#5937);
#5937 = DEFINITIONAL_REPRESENTATION('',(#5938),#5942);
#5938 = LINE('',#5939,#5940);
#5939 = CARTESIAN_POINT('',(0.,0.));
#5940 = VECTOR('',#5941,1.);
#5941 = DIRECTION('',(1.,0.));
#5942 = ( GEOMETRIC_REPRESENTATION_CONTEXT(2) 
PARAMETRIC_REPRESENTATION_CONTEXT() REPRESENTATION_CONTEXT('2D SPACE',''
  ) );
#5943 = ORIENTED_EDGE('',*,*,#5944,.T.);
#5944 = EDGE_CURVE('',#5922,#5945,#5947,.T.);
#5945 = VERTEX_POINT('',#5946);
#5946 = CARTESIAN_POINT('',(8.24,-24.78,0.));
#5947 = SURFACE_CURVE('',#5948,(#5952,#5958),.PCURVE_S1.);
#5948 = LINE('',#5949,#5950);
#5949 = CARTESIAN_POINT('',(0.5,-24.78,0.));
#5950 = VECTOR('',#5951,1.);
#5951 = DIRECTION('',(-1.,-0.,0.));
#5952 = PCURVE('',#1891,#5953);
#5953 = DEFINITIONAL_REPRESENTATION('',(#5954),#5957);
#5954 = B_SPLINE_CURVE_WITH_KNOTS('',1,(#5955,#5956),.UNSPECIFIED.,.F.,
  .F.,(2,2),(-9.04,-7.74),.PIECEWISE_BEZIER_KNOTS.);
#5955 = CARTESIAN_POINT('',(1.,1.3));
#5956 = CARTESIAN_POINT('',(1.,0.));
#5957 = ( GEOMETRIC_REPRESENTATION_CONTEXT(2) 
PARAMETRIC_REPRESENTATION_CONTEXT() REPRESENTATION_CONTEXT('2D SPACE',''
  ) );
#5958 = PCURVE('',#2746,#5959);
#5959 = DEFINITIONAL_REPRESENTATION('',(#5960),#5963);
#5960 = B_SPLINE_CURVE_WITH_KNOTS('',1,(#5961,#5962),.UNSPECIFIED.,.F.,
  .F.,(2,2),(-9.04,-7.74),.PIECEWISE_BEZIER_KNOTS.);
#5961 = CARTESIAN_POINT('',(16.78,-0.65));
#5962 = CARTESIAN_POINT('',(15.48,-0.65));
#5963 = ( GEOMETRIC_REPRESENTATION_CONTEXT(2) 
PARAMETRIC_REPRESENTATION_CONTEXT() REPRESENTATION_CONTEXT('2D SPACE',''
  ) );
#5964 = ORIENTED_EDGE('',*,*,#5965,.T.);
#5965 = EDGE_CURVE('',#5945,#1877,#5966,.T.);
#5966 = SURFACE_CURVE('',#5967,(#5971,#5978),.PCURVE_S1.);
#5967 = LINE('',#5968,#5969);
#5968 = CARTESIAN_POINT('',(8.24,-24.78,-1.));
#5969 = VECTOR('',#5970,1.);
#5970 = DIRECTION('',(0.,0.,1.));
#5971 = PCURVE('',#1891,#5972);
#5972 = DEFINITIONAL_REPRESENTATION('',(#5973),#5977);
#5973 = LINE('',#5974,#5975);
#5974 = CARTESIAN_POINT('',(0.,0.));
#5975 = VECTOR('',#5976,1.);
#5976 = DIRECTION('',(1.,0.));
#5977 = ( GEOMETRIC_REPRESENTATION_CONTEXT(2) 
PARAMETRIC_REPRESENTATION_CONTEXT() REPRESENTATION_CONTEXT('2D SPACE',''
  ) );
#5978 = PCURVE('',#1917,#5979);
#5979 = DEFINITIONAL_REPRESENTATION('',(#5980),#5984);
#5980 = LINE('',#5981,#5982);
#5981 = CARTESIAN_POINT('',(0.,0.));
#5982 = VECTOR('',#5983,1.);
#5983 = DIRECTION('',(1.,0.));
#5984 = ( GEOMETRIC_REPRESENTATION_CONTEXT(2) 
PARAMETRIC_REPRESENTATION_CONTEXT() REPRESENTATION_CONTEXT('2D SPACE',''
  ) );
#5985 = ORIENTED_EDGE('',*,*,#1874,.F.);
#5986 = ADVANCED_FACE('',(#5987),#1967,.F.);
#5987 = FACE_BOUND('',#5988,.F.);
#5988 = EDGE_LOOP('',(#5989,#5990,#6011,#6032));
#5989 = ORIENTED_EDGE('',*,*,#5921,.F.);
#5990 = ORIENTED_EDGE('',*,*,#5991,.T.);
#5991 = EDGE_CURVE('',#5922,#5992,#5994,.T.);
#5992 = VERTEX_POINT('',#5993);
#5993 = CARTESIAN_POINT('',(9.54,-23.48,0.));
#5994 = SURFACE_CURVE('',#5995,(#5999,#6005),.PCURVE_S1.);
#5995 = LINE('',#5996,#5997);
#5996 = CARTESIAN_POINT('',(9.54,-24.455,0.));
#5997 = VECTOR('',#5998,1.);
#5998 = DIRECTION('',(-0.,1.,0.));
#5999 = PCURVE('',#1967,#6000);
#6000 = DEFINITIONAL_REPRESENTATION('',(#6001),#6004);
#6001 = B_SPLINE_CURVE_WITH_KNOTS('',1,(#6002,#6003),.UNSPECIFIED.,.F.,
  .F.,(2,2),(-0.325,0.975),.PIECEWISE_BEZIER_KNOTS.);
#6002 = CARTESIAN_POINT('',(1.,0.));
#6003 = CARTESIAN_POINT('',(1.,-1.3));
#6004 = ( GEOMETRIC_REPRESENTATION_CONTEXT(2) 
PARAMETRIC_REPRESENTATION_CONTEXT() REPRESENTATION_CONTEXT('2D SPACE',''
  ) );
#6005 = PCURVE('',#2746,#6006);
#6006 = DEFINITIONAL_REPRESENTATION('',(#6007),#6010);
#6007 = B_SPLINE_CURVE_WITH_KNOTS('',1,(#6008,#6009),.UNSPECIFIED.,.F.,
  .F.,(2,2),(-0.325,0.975),.PIECEWISE_BEZIER_KNOTS.);
#6008 = CARTESIAN_POINT('',(16.78,-0.65));
#6009 = CARTESIAN_POINT('',(16.78,0.65));
#6010 = ( GEOMETRIC_REPRESENTATION_CONTEXT(2) 
PARAMETRIC_REPRESENTATION_CONTEXT() REPRESENTATION_CONTEXT('2D SPACE',''
  ) );
#6011 = ORIENTED_EDGE('',*,*,#6012,.T.);
#6012 = EDGE_CURVE('',#5992,#1929,#6013,.T.);
#6013 = SURFACE_CURVE('',#6014,(#6018,#6025),.PCURVE_S1.);
#6014 = LINE('',#6015,#6016);
#6015 = CARTESIAN_POINT('',(9.54,-23.48,-1.));
#6016 = VECTOR('',#6017,1.);
#6017 = DIRECTION('',(0.,0.,1.));
#6018 = PCURVE('',#1967,#6019);
#6019 = DEFINITIONAL_REPRESENTATION('',(#6020),#6024);
#6020 = LINE('',#6021,#6022);
#6021 = CARTESIAN_POINT('',(0.,-1.3));
#6022 = VECTOR('',#6023,1.);
#6023 = DIRECTION('',(1.,0.));
#6024 = ( GEOMETRIC_REPRESENTATION_CONTEXT(2) 
PARAMETRIC_REPRESENTATION_CONTEXT() REPRESENTATION_CONTEXT('2D SPACE',''
  ) );
#6025 = PCURVE('',#1943,#6026);
#6026 = DEFINITIONAL_REPRESENTATION('',(#6027),#6031);
#6027 = LINE('',#6028,#6029);
#6028 = CARTESIAN_POINT('',(0.,1.3));
#6029 = VECTOR('',#6030,1.);
#6030 = DIRECTION('',(1.,0.));
#6031 = ( GEOMETRIC_REPRESENTATION_CONTEXT(2) 
PARAMETRIC_REPRESENTATION_CONTEXT() REPRESENTATION_CONTEXT('2D SPACE',''
  ) );
#6032 = ORIENTED_EDGE('',*,*,#1954,.F.);
#6033 = ADVANCED_FACE('',(#6034),#1917,.T.);
#6034 = FACE_BOUND('',#6035,.T.);
#6035 = EDGE_LOOP('',(#6036,#6037,#6058,#6079));
#6036 = ORIENTED_EDGE('',*,*,#5965,.F.);
#6037 = ORIENTED_EDGE('',*,*,#6038,.T.);
#6038 = EDGE_CURVE('',#5945,#6039,#6041,.T.);
#6039 = VERTEX_POINT('',#6040);
#6040 = CARTESIAN_POINT('',(8.24,-23.48,0.));
#6041 = SURFACE_CURVE('',#6042,(#6046,#6052),.PCURVE_S1.);
#6042 = LINE('',#6043,#6044);
#6043 = CARTESIAN_POINT('',(8.24,-24.455,0.));
#6044 = VECTOR('',#6045,1.);
#6045 = DIRECTION('',(-0.,1.,0.));
#6046 = PCURVE('',#1917,#6047);
#6047 = DEFINITIONAL_REPRESENTATION('',(#6048),#6051);
#6048 = B_SPLINE_CURVE_WITH_KNOTS('',1,(#6049,#6050),.UNSPECIFIED.,.F.,
  .F.,(2,2),(-0.325,0.975),.PIECEWISE_BEZIER_KNOTS.);
#6049 = CARTESIAN_POINT('',(1.,0.));
#6050 = CARTESIAN_POINT('',(1.,-1.3));
#6051 = ( GEOMETRIC_REPRESENTATION_CONTEXT(2) 
PARAMETRIC_REPRESENTATION_CONTEXT() REPRESENTATION_CONTEXT('2D SPACE',''
  ) );
#6052 = PCURVE('',#2746,#6053);
#6053 = DEFINITIONAL_REPRESENTATION('',(#6054),#6057);
#6054 = B_SPLINE_CURVE_WITH_KNOTS('',1,(#6055,#6056),.UNSPECIFIED.,.F.,
  .F.,(2,2),(-0.325,0.975),.PIECEWISE_BEZIER_KNOTS.);
#6055 = CARTESIAN_POINT('',(15.48,-0.65));
#6056 = CARTESIAN_POINT('',(15.48,0.65));
#6057 = ( GEOMETRIC_REPRESENTATION_CONTEXT(2) 
PARAMETRIC_REPRESENTATION_CONTEXT() REPRESENTATION_CONTEXT('2D SPACE',''
  ) );
#6058 = ORIENTED_EDGE('',*,*,#6059,.T.);
#6059 = EDGE_CURVE('',#6039,#1903,#6060,.T.);
#6060 = SURFACE_CURVE('',#6061,(#6065,#6072),.PCURVE_S1.);
#6061 = LINE('',#6062,#6063);
#6062 = CARTESIAN_POINT('',(8.24,-23.48,-1.));
#6063 = VECTOR('',#6064,1.);
#6064 = DIRECTION('',(0.,0.,1.));
#6065 = PCURVE('',#1917,#6066);
#6066 = DEFINITIONAL_REPRESENTATION('',(#6067),#6071);
#6067 = LINE('',#6068,#6069);
#6068 = CARTESIAN_POINT('',(0.,-1.3));
#6069 = VECTOR('',#6070,1.);
#6070 = DIRECTION('',(1.,0.));
#6071 = ( GEOMETRIC_REPRESENTATION_CONTEXT(2) 
PARAMETRIC_REPRESENTATION_CONTEXT() REPRESENTATION_CONTEXT('2D SPACE',''
  ) );
#6072 = PCURVE('',#1943,#6073);
#6073 = DEFINITIONAL_REPRESENTATION('',(#6074),#6078);
#6074 = LINE('',#6075,#6076);
#6075 = CARTESIAN_POINT('',(0.,0.));
#6076 = VECTOR('',#6077,1.);
#6077 = DIRECTION('',(1.,0.));
#6078 = ( GEOMETRIC_REPRESENTATION_CONTEXT(2) 
PARAMETRIC_REPRESENTATION_CONTEXT() REPRESENTATION_CONTEXT('2D SPACE',''
  ) );
#6079 = ORIENTED_EDGE('',*,*,#1902,.F.);
#6080 = ADVANCED_FACE('',(#6081),#1943,.F.);
#6081 = FACE_BOUND('',#6082,.F.);
#6082 = EDGE_LOOP('',(#6083,#6084,#6103,#6104));
#6083 = ORIENTED_EDGE('',*,*,#6012,.F.);
#6084 = ORIENTED_EDGE('',*,*,#6085,.T.);
#6085 = EDGE_CURVE('',#5992,#6039,#6086,.T.);
#6086 = SURFACE_CURVE('',#6087,(#6091,#6097),.PCURVE_S1.);
#6087 = LINE('',#6088,#6089);
#6088 = CARTESIAN_POINT('',(0.5,-23.48,0.));
#6089 = VECTOR('',#6090,1.);
#6090 = DIRECTION('',(-1.,-0.,0.));
#6091 = PCURVE('',#1943,#6092);
#6092 = DEFINITIONAL_REPRESENTATION('',(#6093),#6096);
#6093 = B_SPLINE_CURVE_WITH_KNOTS('',1,(#6094,#6095),.UNSPECIFIED.,.F.,
  .F.,(2,2),(-9.04,-7.74),.PIECEWISE_BEZIER_KNOTS.);
#6094 = CARTESIAN_POINT('',(1.,1.3));
#6095 = CARTESIAN_POINT('',(1.,0.));
#6096 = ( GEOMETRIC_REPRESENTATION_CONTEXT(2) 
PARAMETRIC_REPRESENTATION_CONTEXT() REPRESENTATION_CONTEXT('2D SPACE',''
  ) );
#6097 = PCURVE('',#2746,#6098);
#6098 = DEFINITIONAL_REPRESENTATION('',(#6099),#6102);
#6099 = B_SPLINE_CURVE_WITH_KNOTS('',1,(#6100,#6101),.UNSPECIFIED.,.F.,
  .F.,(2,2),(-9.04,-7.74),.PIECEWISE_BEZIER_KNOTS.);
#6100 = CARTESIAN_POINT('',(16.78,0.65));
#6101 = CARTESIAN_POINT('',(15.48,0.65));
#6102 = ( GEOMETRIC_REPRESENTATION_CONTEXT(2) 
PARAMETRIC_REPRESENTATION_CONTEXT() REPRESENTATION_CONTEXT('2D SPACE',''
  ) );
#6103 = ORIENTED_EDGE('',*,*,#6059,.T.);
#6104 = ORIENTED_EDGE('',*,*,#1928,.F.);
#6105 = ADVANCED_FACE('',(#6106),#1997,.T.);
#6106 = FACE_BOUND('',#6107,.T.);
#6107 = EDGE_LOOP('',(#6108,#6131,#6152,#6173));
#6108 = ORIENTED_EDGE('',*,*,#6109,.F.);
#6109 = EDGE_CURVE('',#6110,#1981,#6112,.T.);
#6110 = VERTEX_POINT('',#6111);
#6111 = CARTESIAN_POINT('',(-8.24,13.32,0.));
#6112 = SURFACE_CURVE('',#6113,(#6117,#6124),.PCURVE_S1.);
#6113 = LINE('',#6114,#6115);
#6114 = CARTESIAN_POINT('',(-8.24,13.32,-1.));
#6115 = VECTOR('',#6116,1.);
#6116 = DIRECTION('',(0.,0.,1.));
#6117 = PCURVE('',#1997,#6118);
#6118 = DEFINITIONAL_REPRESENTATION('',(#6119),#6123);
#6119 = LINE('',#6120,#6121);
#6120 = CARTESIAN_POINT('',(0.,1.3));
#6121 = VECTOR('',#6122,1.);
#6122 = DIRECTION('',(1.,0.));
#6123 = ( GEOMETRIC_REPRESENTATION_CONTEXT(2) 
PARAMETRIC_REPRESENTATION_CONTEXT() REPRESENTATION_CONTEXT('2D SPACE',''
  ) );
#6124 = PCURVE('',#2073,#6125);
#6125 = DEFINITIONAL_REPRESENTATION('',(#6126),#6130);
#6126 = LINE('',#6127,#6128);
#6127 = CARTESIAN_POINT('',(0.,0.));
#6128 = VECTOR('',#6129,1.);
#6129 = DIRECTION('',(1.,0.));
#6130 = ( GEOMETRIC_REPRESENTATION_CONTEXT(2) 
PARAMETRIC_REPRESENTATION_CONTEXT() REPRESENTATION_CONTEXT('2D SPACE',''
  ) );
#6131 = ORIENTED_EDGE('',*,*,#6132,.T.);
#6132 = EDGE_CURVE('',#6110,#6133,#6135,.T.);
#6133 = VERTEX_POINT('',#6134);
#6134 = CARTESIAN_POINT('',(-9.54,13.32,0.));
#6135 = SURFACE_CURVE('',#6136,(#6140,#6146),.PCURVE_S1.);
#6136 = LINE('',#6137,#6138);
#6137 = CARTESIAN_POINT('',(-8.39,13.32,0.));
#6138 = VECTOR('',#6139,1.);
#6139 = DIRECTION('',(-1.,-0.,0.));
#6140 = PCURVE('',#1997,#6141);
#6141 = DEFINITIONAL_REPRESENTATION('',(#6142),#6145);
#6142 = B_SPLINE_CURVE_WITH_KNOTS('',1,(#6143,#6144),.UNSPECIFIED.,.F.,
  .F.,(2,2),(-0.15,1.15),.PIECEWISE_BEZIER_KNOTS.);
#6143 = CARTESIAN_POINT('',(1.,1.3));
#6144 = CARTESIAN_POINT('',(1.,0.));
#6145 = ( GEOMETRIC_REPRESENTATION_CONTEXT(2) 
PARAMETRIC_REPRESENTATION_CONTEXT() REPRESENTATION_CONTEXT('2D SPACE',''
  ) );
#6146 = PCURVE('',#2746,#6147);
#6147 = DEFINITIONAL_REPRESENTATION('',(#6148),#6151);
#6148 = B_SPLINE_CURVE_WITH_KNOTS('',1,(#6149,#6150),.UNSPECIFIED.,.F.,
  .F.,(2,2),(-0.15,1.15),.PIECEWISE_BEZIER_KNOTS.);
#6149 = CARTESIAN_POINT('',(-1.,37.45));
#6150 = CARTESIAN_POINT('',(-2.3,37.45));
#6151 = ( GEOMETRIC_REPRESENTATION_CONTEXT(2) 
PARAMETRIC_REPRESENTATION_CONTEXT() REPRESENTATION_CONTEXT('2D SPACE',''
  ) );
#6152 = ORIENTED_EDGE('',*,*,#6153,.T.);
#6153 = EDGE_CURVE('',#6133,#1983,#6154,.T.);
#6154 = SURFACE_CURVE('',#6155,(#6159,#6166),.PCURVE_S1.);
#6155 = LINE('',#6156,#6157);
#6156 = CARTESIAN_POINT('',(-9.54,13.32,-1.));
#6157 = VECTOR('',#6158,1.);
#6158 = DIRECTION('',(0.,0.,1.));
#6159 = PCURVE('',#1997,#6160);
#6160 = DEFINITIONAL_REPRESENTATION('',(#6161),#6165);
#6161 = LINE('',#6162,#6163);
#6162 = CARTESIAN_POINT('',(0.,0.));
#6163 = VECTOR('',#6164,1.);
#6164 = DIRECTION('',(1.,0.));
#6165 = ( GEOMETRIC_REPRESENTATION_CONTEXT(2) 
PARAMETRIC_REPRESENTATION_CONTEXT() REPRESENTATION_CONTEXT('2D SPACE',''
  ) );
#6166 = PCURVE('',#2023,#6167);
#6167 = DEFINITIONAL_REPRESENTATION('',(#6168),#6172);
#6168 = LINE('',#6169,#6170);
#6169 = CARTESIAN_POINT('',(0.,0.));
#6170 = VECTOR('',#6171,1.);
#6171 = DIRECTION('',(1.,0.));
#6172 = ( GEOMETRIC_REPRESENTATION_CONTEXT(2) 
PARAMETRIC_REPRESENTATION_CONTEXT() REPRESENTATION_CONTEXT('2D SPACE',''
  ) );
#6173 = ORIENTED_EDGE('',*,*,#1980,.F.);
#6174 = ADVANCED_FACE('',(#6175),#2073,.F.);
#6175 = FACE_BOUND('',#6176,.F.);
#6176 = EDGE_LOOP('',(#6177,#6178,#6199,#6220));
#6177 = ORIENTED_EDGE('',*,*,#6109,.F.);
#6178 = ORIENTED_EDGE('',*,*,#6179,.T.);
#6179 = EDGE_CURVE('',#6110,#6180,#6182,.T.);
#6180 = VERTEX_POINT('',#6181);
#6181 = CARTESIAN_POINT('',(-8.24,14.62,0.));
#6182 = SURFACE_CURVE('',#6183,(#6187,#6193),.PCURVE_S1.);
#6183 = LINE('',#6184,#6185);
#6184 = CARTESIAN_POINT('',(-8.24,-5.405,0.));
#6185 = VECTOR('',#6186,1.);
#6186 = DIRECTION('',(-0.,1.,0.));
#6187 = PCURVE('',#2073,#6188);
#6188 = DEFINITIONAL_REPRESENTATION('',(#6189),#6192);
#6189 = B_SPLINE_CURVE_WITH_KNOTS('',1,(#6190,#6191),.UNSPECIFIED.,.F.,
  .F.,(2,2),(18.725,20.025),.PIECEWISE_BEZIER_KNOTS.);
#6190 = CARTESIAN_POINT('',(1.,0.));
#6191 = CARTESIAN_POINT('',(1.,-1.3));
#6192 = ( GEOMETRIC_REPRESENTATION_CONTEXT(2) 
PARAMETRIC_REPRESENTATION_CONTEXT() REPRESENTATION_CONTEXT('2D SPACE',''
  ) );
#6193 = PCURVE('',#2746,#6194);
#6194 = DEFINITIONAL_REPRESENTATION('',(#6195),#6198);
#6195 = B_SPLINE_CURVE_WITH_KNOTS('',1,(#6196,#6197),.UNSPECIFIED.,.F.,
  .F.,(2,2),(18.725,20.025),.PIECEWISE_BEZIER_KNOTS.);
#6196 = CARTESIAN_POINT('',(-1.,37.45));
#6197 = CARTESIAN_POINT('',(-1.,38.75));
#6198 = ( GEOMETRIC_REPRESENTATION_CONTEXT(2) 
PARAMETRIC_REPRESENTATION_CONTEXT() REPRESENTATION_CONTEXT('2D SPACE',''
  ) );
#6199 = ORIENTED_EDGE('',*,*,#6200,.T.);
#6200 = EDGE_CURVE('',#6180,#2035,#6201,.T.);
#6201 = SURFACE_CURVE('',#6202,(#6206,#6213),.PCURVE_S1.);
#6202 = LINE('',#6203,#6204);
#6203 = CARTESIAN_POINT('',(-8.24,14.62,-1.));
#6204 = VECTOR('',#6205,1.);
#6205 = DIRECTION('',(0.,0.,1.));
#6206 = PCURVE('',#2073,#6207);
#6207 = DEFINITIONAL_REPRESENTATION('',(#6208),#6212);
#6208 = LINE('',#6209,#6210);
#6209 = CARTESIAN_POINT('',(0.,-1.3));
#6210 = VECTOR('',#6211,1.);
#6211 = DIRECTION('',(1.,0.));
#6212 = ( GEOMETRIC_REPRESENTATION_CONTEXT(2) 
PARAMETRIC_REPRESENTATION_CONTEXT() REPRESENTATION_CONTEXT('2D SPACE',''
  ) );
#6213 = PCURVE('',#2049,#6214);
#6214 = DEFINITIONAL_REPRESENTATION('',(#6215),#6219);
#6215 = LINE('',#6216,#6217);
#6216 = CARTESIAN_POINT('',(0.,1.3));
#6217 = VECTOR('',#6218,1.);
#6218 = DIRECTION('',(1.,0.));
#6219 = ( GEOMETRIC_REPRESENTATION_CONTEXT(2) 
PARAMETRIC_REPRESENTATION_CONTEXT() REPRESENTATION_CONTEXT('2D SPACE',''
  ) );
#6220 = ORIENTED_EDGE('',*,*,#2060,.F.);
#6221 = ADVANCED_FACE('',(#6222),#2023,.T.);
#6222 = FACE_BOUND('',#6223,.T.);
#6223 = EDGE_LOOP('',(#6224,#6225,#6246,#6267));
#6224 = ORIENTED_EDGE('',*,*,#6153,.F.);
#6225 = ORIENTED_EDGE('',*,*,#6226,.T.);
#6226 = EDGE_CURVE('',#6133,#6227,#6229,.T.);
#6227 = VERTEX_POINT('',#6228);
#6228 = CARTESIAN_POINT('',(-9.54,14.62,0.));
#6229 = SURFACE_CURVE('',#6230,(#6234,#6240),.PCURVE_S1.);
#6230 = LINE('',#6231,#6232);
#6231 = CARTESIAN_POINT('',(-9.54,-5.405,0.));
#6232 = VECTOR('',#6233,1.);
#6233 = DIRECTION('',(-0.,1.,0.));
#6234 = PCURVE('',#2023,#6235);
#6235 = DEFINITIONAL_REPRESENTATION('',(#6236),#6239);
#6236 = B_SPLINE_CURVE_WITH_KNOTS('',1,(#6237,#6238),.UNSPECIFIED.,.F.,
  .F.,(2,2),(18.725,20.025),.PIECEWISE_BEZIER_KNOTS.);
#6237 = CARTESIAN_POINT('',(1.,0.));
#6238 = CARTESIAN_POINT('',(1.,-1.3));
#6239 = ( GEOMETRIC_REPRESENTATION_CONTEXT(2) 
PARAMETRIC_REPRESENTATION_CONTEXT() REPRESENTATION_CONTEXT('2D SPACE',''
  ) );
#6240 = PCURVE('',#2746,#6241);
#6241 = DEFINITIONAL_REPRESENTATION('',(#6242),#6245);
#6242 = B_SPLINE_CURVE_WITH_KNOTS('',1,(#6243,#6244),.UNSPECIFIED.,.F.,
  .F.,(2,2),(18.725,20.025),.PIECEWISE_BEZIER_KNOTS.);
#6243 = CARTESIAN_POINT('',(-2.3,37.45));
#6244 = CARTESIAN_POINT('',(-2.3,38.75));
#6245 = ( GEOMETRIC_REPRESENTATION_CONTEXT(2) 
PARAMETRIC_REPRESENTATION_CONTEXT() REPRESENTATION_CONTEXT('2D SPACE',''
  ) );
#6246 = ORIENTED_EDGE('',*,*,#6247,.T.);
#6247 = EDGE_CURVE('',#6227,#2009,#6248,.T.);
#6248 = SURFACE_CURVE('',#6249,(#6253,#6260),.PCURVE_S1.);
#6249 = LINE('',#6250,#6251);
#6250 = CARTESIAN_POINT('',(-9.54,14.62,-1.));
#6251 = VECTOR('',#6252,1.);
#6252 = DIRECTION('',(0.,0.,1.));
#6253 = PCURVE('',#2023,#6254);
#6254 = DEFINITIONAL_REPRESENTATION('',(#6255),#6259);
#6255 = LINE('',#6256,#6257);
#6256 = CARTESIAN_POINT('',(0.,-1.3));
#6257 = VECTOR('',#6258,1.);
#6258 = DIRECTION('',(1.,0.));
#6259 = ( GEOMETRIC_REPRESENTATION_CONTEXT(2) 
PARAMETRIC_REPRESENTATION_CONTEXT() REPRESENTATION_CONTEXT('2D SPACE',''
  ) );
#6260 = PCURVE('',#2049,#6261);
#6261 = DEFINITIONAL_REPRESENTATION('',(#6262),#6266);
#6262 = LINE('',#6263,#6264);
#6263 = CARTESIAN_POINT('',(0.,0.));
#6264 = VECTOR('',#6265,1.);
#6265 = DIRECTION('',(1.,0.));
#6266 = ( GEOMETRIC_REPRESENTATION_CONTEXT(2) 
PARAMETRIC_REPRESENTATION_CONTEXT() REPRESENTATION_CONTEXT('2D SPACE',''
  ) );
#6267 = ORIENTED_EDGE('',*,*,#2008,.F.);
#6268 = ADVANCED_FACE('',(#6269),#2049,.F.);
#6269 = FACE_BOUND('',#6270,.F.);
#6270 = EDGE_LOOP('',(#6271,#6272,#6291,#6292));
#6271 = ORIENTED_EDGE('',*,*,#6200,.F.);
#6272 = ORIENTED_EDGE('',*,*,#6273,.T.);
#6273 = EDGE_CURVE('',#6180,#6227,#6274,.T.);
#6274 = SURFACE_CURVE('',#6275,(#6279,#6285),.PCURVE_S1.);
#6275 = LINE('',#6276,#6277);
#6276 = CARTESIAN_POINT('',(-8.39,14.62,0.));
#6277 = VECTOR('',#6278,1.);
#6278 = DIRECTION('',(-1.,-0.,0.));
#6279 = PCURVE('',#2049,#6280);
#6280 = DEFINITIONAL_REPRESENTATION('',(#6281),#6284);
#6281 = B_SPLINE_CURVE_WITH_KNOTS('',1,(#6282,#6283),.UNSPECIFIED.,.F.,
  .F.,(2,2),(-0.15,1.15),.PIECEWISE_BEZIER_KNOTS.);
#6282 = CARTESIAN_POINT('',(1.,1.3));
#6283 = CARTESIAN_POINT('',(1.,0.));
#6284 = ( GEOMETRIC_REPRESENTATION_CONTEXT(2) 
PARAMETRIC_REPRESENTATION_CONTEXT() REPRESENTATION_CONTEXT('2D SPACE',''
  ) );
#6285 = PCURVE('',#2746,#6286);
#6286 = DEFINITIONAL_REPRESENTATION('',(#6287),#6290);
#6287 = B_SPLINE_CURVE_WITH_KNOTS('',1,(#6288,#6289),.UNSPECIFIED.,.F.,
  .F.,(2,2),(-0.15,1.15),.PIECEWISE_BEZIER_KNOTS.);
#6288 = CARTESIAN_POINT('',(-1.,38.75));
#6289 = CARTESIAN_POINT('',(-2.3,38.75));
#6290 = ( GEOMETRIC_REPRESENTATION_CONTEXT(2) 
PARAMETRIC_REPRESENTATION_CONTEXT() REPRESENTATION_CONTEXT('2D SPACE',''
  ) );
#6291 = ORIENTED_EDGE('',*,*,#6247,.T.);
#6292 = ORIENTED_EDGE('',*,*,#2034,.F.);
#6293 = ADVANCED_FACE('',(#6294),#2103,.T.);
#6294 = FACE_BOUND('',#6295,.T.);
#6295 = EDGE_LOOP('',(#6296,#6319,#6340,#6361));
#6296 = ORIENTED_EDGE('',*,*,#6297,.F.);
#6297 = EDGE_CURVE('',#6298,#2087,#6300,.T.);
#6298 = VERTEX_POINT('',#6299);
#6299 = CARTESIAN_POINT('',(-8.24,18.4,0.));
#6300 = SURFACE_CURVE('',#6301,(#6305,#6312),.PCURVE_S1.);
#6301 = LINE('',#6302,#6303);
#6302 = CARTESIAN_POINT('',(-8.24,18.4,-1.));
#6303 = VECTOR('',#6304,1.);
#6304 = DIRECTION('',(0.,0.,1.));
#6305 = PCURVE('',#2103,#6306);
#6306 = DEFINITIONAL_REPRESENTATION('',(#6307),#6311);
#6307 = LINE('',#6308,#6309);
#6308 = CARTESIAN_POINT('',(0.,1.3));
#6309 = VECTOR('',#6310,1.);
#6310 = DIRECTION('',(1.,0.));
#6311 = ( GEOMETRIC_REPRESENTATION_CONTEXT(2) 
PARAMETRIC_REPRESENTATION_CONTEXT() REPRESENTATION_CONTEXT('2D SPACE',''
  ) );
#6312 = PCURVE('',#2179,#6313);
#6313 = DEFINITIONAL_REPRESENTATION('',(#6314),#6318);
#6314 = LINE('',#6315,#6316);
#6315 = CARTESIAN_POINT('',(0.,0.));
#6316 = VECTOR('',#6317,1.);
#6317 = DIRECTION('',(1.,0.));
#6318 = ( GEOMETRIC_REPRESENTATION_CONTEXT(2) 
PARAMETRIC_REPRESENTATION_CONTEXT() REPRESENTATION_CONTEXT('2D SPACE',''
  ) );
#6319 = ORIENTED_EDGE('',*,*,#6320,.T.);
#6320 = EDGE_CURVE('',#6298,#6321,#6323,.T.);
#6321 = VERTEX_POINT('',#6322);
#6322 = CARTESIAN_POINT('',(-9.54,18.4,0.));
#6323 = SURFACE_CURVE('',#6324,(#6328,#6334),.PCURVE_S1.);
#6324 = LINE('',#6325,#6326);
#6325 = CARTESIAN_POINT('',(-8.39,18.4,0.));
#6326 = VECTOR('',#6327,1.);
#6327 = DIRECTION('',(-1.,-0.,0.));
#6328 = PCURVE('',#2103,#6329);
#6329 = DEFINITIONAL_REPRESENTATION('',(#6330),#6333);
#6330 = B_SPLINE_CURVE_WITH_KNOTS('',1,(#6331,#6332),.UNSPECIFIED.,.F.,
  .F.,(2,2),(-0.15,1.15),.PIECEWISE_BEZIER_KNOTS.);
#6331 = CARTESIAN_POINT('',(1.,1.3));
#6332 = CARTESIAN_POINT('',(1.,0.));
#6333 = ( GEOMETRIC_REPRESENTATION_CONTEXT(2) 
PARAMETRIC_REPRESENTATION_CONTEXT() REPRESENTATION_CONTEXT('2D SPACE',''
  ) );
#6334 = PCURVE('',#2746,#6335);
#6335 = DEFINITIONAL_REPRESENTATION('',(#6336),#6339);
#6336 = B_SPLINE_CURVE_WITH_KNOTS('',1,(#6337,#6338),.UNSPECIFIED.,.F.,
  .F.,(2,2),(-0.15,1.15),.PIECEWISE_BEZIER_KNOTS.);
#6337 = CARTESIAN_POINT('',(-1.,42.53));
#6338 = CARTESIAN_POINT('',(-2.3,42.53));
#6339 = ( GEOMETRIC_REPRESENTATION_CONTEXT(2) 
PARAMETRIC_REPRESENTATION_CONTEXT() REPRESENTATION_CONTEXT('2D SPACE',''
  ) );
#6340 = ORIENTED_EDGE('',*,*,#6341,.T.);
#6341 = EDGE_CURVE('',#6321,#2089,#6342,.T.);
#6342 = SURFACE_CURVE('',#6343,(#6347,#6354),.PCURVE_S1.);
#6343 = LINE('',#6344,#6345);
#6344 = CARTESIAN_POINT('',(-9.54,18.4,-1.));
#6345 = VECTOR('',#6346,1.);
#6346 = DIRECTION('',(0.,0.,1.));
#6347 = PCURVE('',#2103,#6348);
#6348 = DEFINITIONAL_REPRESENTATION('',(#6349),#6353);
#6349 = LINE('',#6350,#6351);
#6350 = CARTESIAN_POINT('',(0.,0.));
#6351 = VECTOR('',#6352,1.);
#6352 = DIRECTION('',(1.,0.));
#6353 = ( GEOMETRIC_REPRESENTATION_CONTEXT(2) 
PARAMETRIC_REPRESENTATION_CONTEXT() REPRESENTATION_CONTEXT('2D SPACE',''
  ) );
#6354 = PCURVE('',#2129,#6355);
#6355 = DEFINITIONAL_REPRESENTATION('',(#6356),#6360);
#6356 = LINE('',#6357,#6358);
#6357 = CARTESIAN_POINT('',(0.,0.));
#6358 = VECTOR('',#6359,1.);
#6359 = DIRECTION('',(1.,0.));
#6360 = ( GEOMETRIC_REPRESENTATION_CONTEXT(2) 
PARAMETRIC_REPRESENTATION_CONTEXT() REPRESENTATION_CONTEXT('2D SPACE',''
  ) );
#6361 = ORIENTED_EDGE('',*,*,#2086,.F.);
#6362 = ADVANCED_FACE('',(#6363),#2179,.F.);
#6363 = FACE_BOUND('',#6364,.F.);
#6364 = EDGE_LOOP('',(#6365,#6366,#6387,#6408));
#6365 = ORIENTED_EDGE('',*,*,#6297,.F.);
#6366 = ORIENTED_EDGE('',*,*,#6367,.T.);
#6367 = EDGE_CURVE('',#6298,#6368,#6370,.T.);
#6368 = VERTEX_POINT('',#6369);
#6369 = CARTESIAN_POINT('',(-8.24,19.7,0.));
#6370 = SURFACE_CURVE('',#6371,(#6375,#6381),.PCURVE_S1.);
#6371 = LINE('',#6372,#6373);
#6372 = CARTESIAN_POINT('',(-8.24,-2.865,0.));
#6373 = VECTOR('',#6374,1.);
#6374 = DIRECTION('',(-0.,1.,0.));
#6375 = PCURVE('',#2179,#6376);
#6376 = DEFINITIONAL_REPRESENTATION('',(#6377),#6380);
#6377 = B_SPLINE_CURVE_WITH_KNOTS('',1,(#6378,#6379),.UNSPECIFIED.,.F.,
  .F.,(2,2),(21.265,22.565),.PIECEWISE_BEZIER_KNOTS.);
#6378 = CARTESIAN_POINT('',(1.,0.));
#6379 = CARTESIAN_POINT('',(1.,-1.3));
#6380 = ( GEOMETRIC_REPRESENTATION_CONTEXT(2) 
PARAMETRIC_REPRESENTATION_CONTEXT() REPRESENTATION_CONTEXT('2D SPACE',''
  ) );
#6381 = PCURVE('',#2746,#6382);
#6382 = DEFINITIONAL_REPRESENTATION('',(#6383),#6386);
#6383 = B_SPLINE_CURVE_WITH_KNOTS('',1,(#6384,#6385),.UNSPECIFIED.,.F.,
  .F.,(2,2),(21.265,22.565),.PIECEWISE_BEZIER_KNOTS.);
#6384 = CARTESIAN_POINT('',(-1.,42.53));
#6385 = CARTESIAN_POINT('',(-1.,43.83));
#6386 = ( GEOMETRIC_REPRESENTATION_CONTEXT(2) 
PARAMETRIC_REPRESENTATION_CONTEXT() REPRESENTATION_CONTEXT('2D SPACE',''
  ) );
#6387 = ORIENTED_EDGE('',*,*,#6388,.T.);
#6388 = EDGE_CURVE('',#6368,#2141,#6389,.T.);
#6389 = SURFACE_CURVE('',#6390,(#6394,#6401),.PCURVE_S1.);
#6390 = LINE('',#6391,#6392);
#6391 = CARTESIAN_POINT('',(-8.24,19.7,-1.));
#6392 = VECTOR('',#6393,1.);
#6393 = DIRECTION('',(0.,0.,1.));
#6394 = PCURVE('',#2179,#6395);
#6395 = DEFINITIONAL_REPRESENTATION('',(#6396),#6400);
#6396 = LINE('',#6397,#6398);
#6397 = CARTESIAN_POINT('',(0.,-1.3));
#6398 = VECTOR('',#6399,1.);
#6399 = DIRECTION('',(1.,0.));
#6400 = ( GEOMETRIC_REPRESENTATION_CONTEXT(2) 
PARAMETRIC_REPRESENTATION_CONTEXT() REPRESENTATION_CONTEXT('2D SPACE',''
  ) );
#6401 = PCURVE('',#2155,#6402);
#6402 = DEFINITIONAL_REPRESENTATION('',(#6403),#6407);
#6403 = LINE('',#6404,#6405);
#6404 = CARTESIAN_POINT('',(0.,1.3));
#6405 = VECTOR('',#6406,1.);
#6406 = DIRECTION('',(1.,0.));
#6407 = ( GEOMETRIC_REPRESENTATION_CONTEXT(2) 
PARAMETRIC_REPRESENTATION_CONTEXT() REPRESENTATION_CONTEXT('2D SPACE',''
  ) );
#6408 = ORIENTED_EDGE('',*,*,#2166,.F.);
#6409 = ADVANCED_FACE('',(#6410),#2129,.T.);
#6410 = FACE_BOUND('',#6411,.T.);
#6411 = EDGE_LOOP('',(#6412,#6413,#6434,#6455));
#6412 = ORIENTED_EDGE('',*,*,#6341,.F.);
#6413 = ORIENTED_EDGE('',*,*,#6414,.T.);
#6414 = EDGE_CURVE('',#6321,#6415,#6417,.T.);
#6415 = VERTEX_POINT('',#6416);
#6416 = CARTESIAN_POINT('',(-9.54,19.7,0.));
#6417 = SURFACE_CURVE('',#6418,(#6422,#6428),.PCURVE_S1.);
#6418 = LINE('',#6419,#6420);
#6419 = CARTESIAN_POINT('',(-9.54,-2.865,0.));
#6420 = VECTOR('',#6421,1.);
#6421 = DIRECTION('',(-0.,1.,0.));
#6422 = PCURVE('',#2129,#6423);
#6423 = DEFINITIONAL_REPRESENTATION('',(#6424),#6427);
#6424 = B_SPLINE_CURVE_WITH_KNOTS('',1,(#6425,#6426),.UNSPECIFIED.,.F.,
  .F.,(2,2),(21.265,22.565),.PIECEWISE_BEZIER_KNOTS.);
#6425 = CARTESIAN_POINT('',(1.,0.));
#6426 = CARTESIAN_POINT('',(1.,-1.3));
#6427 = ( GEOMETRIC_REPRESENTATION_CONTEXT(2) 
PARAMETRIC_REPRESENTATION_CONTEXT() REPRESENTATION_CONTEXT('2D SPACE',''
  ) );
#6428 = PCURVE('',#2746,#6429);
#6429 = DEFINITIONAL_REPRESENTATION('',(#6430),#6433);
#6430 = B_SPLINE_CURVE_WITH_KNOTS('',1,(#6431,#6432),.UNSPECIFIED.,.F.,
  .F.,(2,2),(21.265,22.565),.PIECEWISE_BEZIER_KNOTS.);
#6431 = CARTESIAN_POINT('',(-2.3,42.53));
#6432 = CARTESIAN_POINT('',(-2.3,43.83));
#6433 = ( GEOMETRIC_REPRESENTATION_CONTEXT(2) 
PARAMETRIC_REPRESENTATION_CONTEXT() REPRESENTATION_CONTEXT('2D SPACE',''
  ) );
#6434 = ORIENTED_EDGE('',*,*,#6435,.T.);
#6435 = EDGE_CURVE('',#6415,#2115,#6436,.T.);
#6436 = SURFACE_CURVE('',#6437,(#6441,#6448),.PCURVE_S1.);
#6437 = LINE('',#6438,#6439);
#6438 = CARTESIAN_POINT('',(-9.54,19.7,-1.));
#6439 = VECTOR('',#6440,1.);
#6440 = DIRECTION('',(0.,0.,1.));
#6441 = PCURVE('',#2129,#6442);
#6442 = DEFINITIONAL_REPRESENTATION('',(#6443),#6447);
#6443 = LINE('',#6444,#6445);
#6444 = CARTESIAN_POINT('',(0.,-1.3));
#6445 = VECTOR('',#6446,1.);
#6446 = DIRECTION('',(1.,0.));
#6447 = ( GEOMETRIC_REPRESENTATION_CONTEXT(2) 
PARAMETRIC_REPRESENTATION_CONTEXT() REPRESENTATION_CONTEXT('2D SPACE',''
  ) );
#6448 = PCURVE('',#2155,#6449);
#6449 = DEFINITIONAL_REPRESENTATION('',(#6450),#6454);
#6450 = LINE('',#6451,#6452);
#6451 = CARTESIAN_POINT('',(0.,0.));
#6452 = VECTOR('',#6453,1.);
#6453 = DIRECTION('',(1.,0.));
#6454 = ( GEOMETRIC_REPRESENTATION_CONTEXT(2) 
PARAMETRIC_REPRESENTATION_CONTEXT() REPRESENTATION_CONTEXT('2D SPACE',''
  ) );
#6455 = ORIENTED_EDGE('',*,*,#2114,.F.);
#6456 = ADVANCED_FACE('',(#6457),#2155,.F.);
#6457 = FACE_BOUND('',#6458,.F.);
#6458 = EDGE_LOOP('',(#6459,#6460,#6479,#6480));
#6459 = ORIENTED_EDGE('',*,*,#6388,.F.);
#6460 = ORIENTED_EDGE('',*,*,#6461,.T.);
#6461 = EDGE_CURVE('',#6368,#6415,#6462,.T.);
#6462 = SURFACE_CURVE('',#6463,(#6467,#6473),.PCURVE_S1.);
#6463 = LINE('',#6464,#6465);
#6464 = CARTESIAN_POINT('',(-8.39,19.7,0.));
#6465 = VECTOR('',#6466,1.);
#6466 = DIRECTION('',(-1.,-0.,0.));
#6467 = PCURVE('',#2155,#6468);
#6468 = DEFINITIONAL_REPRESENTATION('',(#6469),#6472);
#6469 = B_SPLINE_CURVE_WITH_KNOTS('',1,(#6470,#6471),.UNSPECIFIED.,.F.,
  .F.,(2,2),(-0.15,1.15),.PIECEWISE_BEZIER_KNOTS.);
#6470 = CARTESIAN_POINT('',(1.,1.3));
#6471 = CARTESIAN_POINT('',(1.,0.));
#6472 = ( GEOMETRIC_REPRESENTATION_CONTEXT(2) 
PARAMETRIC_REPRESENTATION_CONTEXT() REPRESENTATION_CONTEXT('2D SPACE',''
  ) );
#6473 = PCURVE('',#2746,#6474);
#6474 = DEFINITIONAL_REPRESENTATION('',(#6475),#6478);
#6475 = B_SPLINE_CURVE_WITH_KNOTS('',1,(#6476,#6477),.UNSPECIFIED.,.F.,
  .F.,(2,2),(-0.15,1.15),.PIECEWISE_BEZIER_KNOTS.);
#6476 = CARTESIAN_POINT('',(-1.,43.83));
#6477 = CARTESIAN_POINT('',(-2.3,43.83));
#6478 = ( GEOMETRIC_REPRESENTATION_CONTEXT(2) 
PARAMETRIC_REPRESENTATION_CONTEXT() REPRESENTATION_CONTEXT('2D SPACE',''
  ) );
#6479 = ORIENTED_EDGE('',*,*,#6435,.T.);
#6480 = ORIENTED_EDGE('',*,*,#2140,.F.);
#6481 = ADVANCED_FACE('',(#6482),#2209,.T.);
#6482 = FACE_BOUND('',#6483,.T.);
#6483 = EDGE_LOOP('',(#6484,#6507,#6528,#6549));
#6484 = ORIENTED_EDGE('',*,*,#6485,.F.);
#6485 = EDGE_CURVE('',#6486,#2193,#6488,.T.);
#6486 = VERTEX_POINT('',#6487);
#6487 = CARTESIAN_POINT('',(-8.24,23.48,0.));
#6488 = SURFACE_CURVE('',#6489,(#6493,#6500),.PCURVE_S1.);
#6489 = LINE('',#6490,#6491);
#6490 = CARTESIAN_POINT('',(-8.24,23.48,-1.));
#6491 = VECTOR('',#6492,1.);
#6492 = DIRECTION('',(0.,0.,1.));
#6493 = PCURVE('',#2209,#6494);
#6494 = DEFINITIONAL_REPRESENTATION('',(#6495),#6499);
#6495 = LINE('',#6496,#6497);
#6496 = CARTESIAN_POINT('',(0.,1.3));
#6497 = VECTOR('',#6498,1.);
#6498 = DIRECTION('',(1.,0.));
#6499 = ( GEOMETRIC_REPRESENTATION_CONTEXT(2) 
PARAMETRIC_REPRESENTATION_CONTEXT() REPRESENTATION_CONTEXT('2D SPACE',''
  ) );
#6500 = PCURVE('',#2285,#6501);
#6501 = DEFINITIONAL_REPRESENTATION('',(#6502),#6506);
#6502 = LINE('',#6503,#6504);
#6503 = CARTESIAN_POINT('',(0.,0.));
#6504 = VECTOR('',#6505,1.);
#6505 = DIRECTION('',(1.,0.));
#6506 = ( GEOMETRIC_REPRESENTATION_CONTEXT(2) 
PARAMETRIC_REPRESENTATION_CONTEXT() REPRESENTATION_CONTEXT('2D SPACE',''
  ) );
#6507 = ORIENTED_EDGE('',*,*,#6508,.T.);
#6508 = EDGE_CURVE('',#6486,#6509,#6511,.T.);
#6509 = VERTEX_POINT('',#6510);
#6510 = CARTESIAN_POINT('',(-9.54,23.48,0.));
#6511 = SURFACE_CURVE('',#6512,(#6516,#6522),.PCURVE_S1.);
#6512 = LINE('',#6513,#6514);
#6513 = CARTESIAN_POINT('',(-8.39,23.48,0.));
#6514 = VECTOR('',#6515,1.);
#6515 = DIRECTION('',(-1.,-0.,0.));
#6516 = PCURVE('',#2209,#6517);
#6517 = DEFINITIONAL_REPRESENTATION('',(#6518),#6521);
#6518 = B_SPLINE_CURVE_WITH_KNOTS('',1,(#6519,#6520),.UNSPECIFIED.,.F.,
  .F.,(2,2),(-0.15,1.15),.PIECEWISE_BEZIER_KNOTS.);
#6519 = CARTESIAN_POINT('',(1.,1.3));
#6520 = CARTESIAN_POINT('',(1.,0.));
#6521 = ( GEOMETRIC_REPRESENTATION_CONTEXT(2) 
PARAMETRIC_REPRESENTATION_CONTEXT() REPRESENTATION_CONTEXT('2D SPACE',''
  ) );
#6522 = PCURVE('',#2746,#6523);
#6523 = DEFINITIONAL_REPRESENTATION('',(#6524),#6527);
#6524 = B_SPLINE_CURVE_WITH_KNOTS('',1,(#6525,#6526),.UNSPECIFIED.,.F.,
  .F.,(2,2),(-0.15,1.15),.PIECEWISE_BEZIER_KNOTS.);
#6525 = CARTESIAN_POINT('',(-1.,47.61));
#6526 = CARTESIAN_POINT('',(-2.3,47.61));
#6527 = ( GEOMETRIC_REPRESENTATION_CONTEXT(2) 
PARAMETRIC_REPRESENTATION_CONTEXT() REPRESENTATION_CONTEXT('2D SPACE',''
  ) );
#6528 = ORIENTED_EDGE('',*,*,#6529,.T.);
#6529 = EDGE_CURVE('',#6509,#2195,#6530,.T.);
#6530 = SURFACE_CURVE('',#6531,(#6535,#6542),.PCURVE_S1.);
#6531 = LINE('',#6532,#6533);
#6532 = CARTESIAN_POINT('',(-9.54,23.48,-1.));
#6533 = VECTOR('',#6534,1.);
#6534 = DIRECTION('',(0.,0.,1.));
#6535 = PCURVE('',#2209,#6536);
#6536 = DEFINITIONAL_REPRESENTATION('',(#6537),#6541);
#6537 = LINE('',#6538,#6539);
#6538 = CARTESIAN_POINT('',(0.,0.));
#6539 = VECTOR('',#6540,1.);
#6540 = DIRECTION('',(1.,0.));
#6541 = ( GEOMETRIC_REPRESENTATION_CONTEXT(2) 
PARAMETRIC_REPRESENTATION_CONTEXT() REPRESENTATION_CONTEXT('2D SPACE',''
  ) );
#6542 = PCURVE('',#2235,#6543);
#6543 = DEFINITIONAL_REPRESENTATION('',(#6544),#6548);
#6544 = LINE('',#6545,#6546);
#6545 = CARTESIAN_POINT('',(0.,0.));
#6546 = VECTOR('',#6547,1.);
#6547 = DIRECTION('',(1.,0.));
#6548 = ( GEOMETRIC_REPRESENTATION_CONTEXT(2) 
PARAMETRIC_REPRESENTATION_CONTEXT() REPRESENTATION_CONTEXT('2D SPACE',''
  ) );
#6549 = ORIENTED_EDGE('',*,*,#2192,.F.);
#6550 = ADVANCED_FACE('',(#6551),#2285,.F.);
#6551 = FACE_BOUND('',#6552,.F.);
#6552 = EDGE_LOOP('',(#6553,#6554,#6575,#6596));
#6553 = ORIENTED_EDGE('',*,*,#6485,.F.);
#6554 = ORIENTED_EDGE('',*,*,#6555,.T.);
#6555 = EDGE_CURVE('',#6486,#6556,#6558,.T.);
#6556 = VERTEX_POINT('',#6557);
#6557 = CARTESIAN_POINT('',(-8.24,24.78,0.));
#6558 = SURFACE_CURVE('',#6559,(#6563,#6569),.PCURVE_S1.);
#6559 = LINE('',#6560,#6561);
#6560 = CARTESIAN_POINT('',(-8.24,-0.325,0.));
#6561 = VECTOR('',#6562,1.);
#6562 = DIRECTION('',(-0.,1.,0.));
#6563 = PCURVE('',#2285,#6564);
#6564 = DEFINITIONAL_REPRESENTATION('',(#6565),#6568);
#6565 = B_SPLINE_CURVE_WITH_KNOTS('',1,(#6566,#6567),.UNSPECIFIED.,.F.,
  .F.,(2,2),(23.805,25.105),.PIECEWISE_BEZIER_KNOTS.);
#6566 = CARTESIAN_POINT('',(1.,0.));
#6567 = CARTESIAN_POINT('',(1.,-1.3));
#6568 = ( GEOMETRIC_REPRESENTATION_CONTEXT(2) 
PARAMETRIC_REPRESENTATION_CONTEXT() REPRESENTATION_CONTEXT('2D SPACE',''
  ) );
#6569 = PCURVE('',#2746,#6570);
#6570 = DEFINITIONAL_REPRESENTATION('',(#6571),#6574);
#6571 = B_SPLINE_CURVE_WITH_KNOTS('',1,(#6572,#6573),.UNSPECIFIED.,.F.,
  .F.,(2,2),(23.805,25.105),.PIECEWISE_BEZIER_KNOTS.);
#6572 = CARTESIAN_POINT('',(-1.,47.61));
#6573 = CARTESIAN_POINT('',(-1.,48.91));
#6574 = ( GEOMETRIC_REPRESENTATION_CONTEXT(2) 
PARAMETRIC_REPRESENTATION_CONTEXT() REPRESENTATION_CONTEXT('2D SPACE',''
  ) );
#6575 = ORIENTED_EDGE('',*,*,#6576,.T.);
#6576 = EDGE_CURVE('',#6556,#2247,#6577,.T.);
#6577 = SURFACE_CURVE('',#6578,(#6582,#6589),.PCURVE_S1.);
#6578 = LINE('',#6579,#6580);
#6579 = CARTESIAN_POINT('',(-8.24,24.78,-1.));
#6580 = VECTOR('',#6581,1.);
#6581 = DIRECTION('',(0.,0.,1.));
#6582 = PCURVE('',#2285,#6583);
#6583 = DEFINITIONAL_REPRESENTATION('',(#6584),#6588);
#6584 = LINE('',#6585,#6586);
#6585 = CARTESIAN_POINT('',(0.,-1.3));
#6586 = VECTOR('',#6587,1.);
#6587 = DIRECTION('',(1.,0.));
#6588 = ( GEOMETRIC_REPRESENTATION_CONTEXT(2) 
PARAMETRIC_REPRESENTATION_CONTEXT() REPRESENTATION_CONTEXT('2D SPACE',''
  ) );
#6589 = PCURVE('',#2261,#6590);
#6590 = DEFINITIONAL_REPRESENTATION('',(#6591),#6595);
#6591 = LINE('',#6592,#6593);
#6592 = CARTESIAN_POINT('',(0.,1.3));
#6593 = VECTOR('',#6594,1.);
#6594 = DIRECTION('',(1.,0.));
#6595 = ( GEOMETRIC_REPRESENTATION_CONTEXT(2) 
PARAMETRIC_REPRESENTATION_CONTEXT() REPRESENTATION_CONTEXT('2D SPACE',''
  ) );
#6596 = ORIENTED_EDGE('',*,*,#2272,.F.);
#6597 = ADVANCED_FACE('',(#6598),#2235,.T.);
#6598 = FACE_BOUND('',#6599,.T.);
#6599 = EDGE_LOOP('',(#6600,#6601,#6622,#6643));
#6600 = ORIENTED_EDGE('',*,*,#6529,.F.);
#6601 = ORIENTED_EDGE('',*,*,#6602,.T.);
#6602 = EDGE_CURVE('',#6509,#6603,#6605,.T.);
#6603 = VERTEX_POINT('',#6604);
#6604 = CARTESIAN_POINT('',(-9.54,24.78,0.));
#6605 = SURFACE_CURVE('',#6606,(#6610,#6616),.PCURVE_S1.);
#6606 = LINE('',#6607,#6608);
#6607 = CARTESIAN_POINT('',(-9.54,-0.325,0.));
#6608 = VECTOR('',#6609,1.);
#6609 = DIRECTION('',(-0.,1.,0.));
#6610 = PCURVE('',#2235,#6611);
#6611 = DEFINITIONAL_REPRESENTATION('',(#6612),#6615);
#6612 = B_SPLINE_CURVE_WITH_KNOTS('',1,(#6613,#6614),.UNSPECIFIED.,.F.,
  .F.,(2,2),(23.805,25.105),.PIECEWISE_BEZIER_KNOTS.);
#6613 = CARTESIAN_POINT('',(1.,0.));
#6614 = CARTESIAN_POINT('',(1.,-1.3));
#6615 = ( GEOMETRIC_REPRESENTATION_CONTEXT(2) 
PARAMETRIC_REPRESENTATION_CONTEXT() REPRESENTATION_CONTEXT('2D SPACE',''
  ) );
#6616 = PCURVE('',#2746,#6617);
#6617 = DEFINITIONAL_REPRESENTATION('',(#6618),#6621);
#6618 = B_SPLINE_CURVE_WITH_KNOTS('',1,(#6619,#6620),.UNSPECIFIED.,.F.,
  .F.,(2,2),(23.805,25.105),.PIECEWISE_BEZIER_KNOTS.);
#6619 = CARTESIAN_POINT('',(-2.3,47.61));
#6620 = CARTESIAN_POINT('',(-2.3,48.91));
#6621 = ( GEOMETRIC_REPRESENTATION_CONTEXT(2) 
PARAMETRIC_REPRESENTATION_CONTEXT() REPRESENTATION_CONTEXT('2D SPACE',''
  ) );
#6622 = ORIENTED_EDGE('',*,*,#6623,.T.);
#6623 = EDGE_CURVE('',#6603,#2221,#6624,.T.);
#6624 = SURFACE_CURVE('',#6625,(#6629,#6636),.PCURVE_S1.);
#6625 = LINE('',#6626,#6627);
#6626 = CARTESIAN_POINT('',(-9.54,24.78,-1.));
#6627 = VECTOR('',#6628,1.);
#6628 = DIRECTION('',(0.,0.,1.));
#6629 = PCURVE('',#2235,#6630);
#6630 = DEFINITIONAL_REPRESENTATION('',(#6631),#6635);
#6631 = LINE('',#6632,#6633);
#6632 = CARTESIAN_POINT('',(0.,-1.3));
#6633 = VECTOR('',#6634,1.);
#6634 = DIRECTION('',(1.,0.));
#6635 = ( GEOMETRIC_REPRESENTATION_CONTEXT(2) 
PARAMETRIC_REPRESENTATION_CONTEXT() REPRESENTATION_CONTEXT('2D SPACE',''
  ) );
#6636 = PCURVE('',#2261,#6637);
#6637 = DEFINITIONAL_REPRESENTATION('',(#6638),#6642);
#6638 = LINE('',#6639,#6640);
#6639 = CARTESIAN_POINT('',(0.,0.));
#6640 = VECTOR('',#6641,1.);
#6641 = DIRECTION('',(1.,0.));
#6642 = ( GEOMETRIC_REPRESENTATION_CONTEXT(2) 
PARAMETRIC_REPRESENTATION_CONTEXT() REPRESENTATION_CONTEXT('2D SPACE',''
  ) );
#6643 = ORIENTED_EDGE('',*,*,#2220,.F.);
#6644 = ADVANCED_FACE('',(#6645),#2261,.F.);
#6645 = FACE_BOUND('',#6646,.F.);
#6646 = EDGE_LOOP('',(#6647,#6648,#6667,#6668));
#6647 = ORIENTED_EDGE('',*,*,#6576,.F.);
#6648 = ORIENTED_EDGE('',*,*,#6649,.T.);
#6649 = EDGE_CURVE('',#6556,#6603,#6650,.T.);
#6650 = SURFACE_CURVE('',#6651,(#6655,#6661),.PCURVE_S1.);
#6651 = LINE('',#6652,#6653);
#6652 = CARTESIAN_POINT('',(-8.39,24.78,0.));
#6653 = VECTOR('',#6654,1.);
#6654 = DIRECTION('',(-1.,-0.,0.));
#6655 = PCURVE('',#2261,#6656);
#6656 = DEFINITIONAL_REPRESENTATION('',(#6657),#6660);
#6657 = B_SPLINE_CURVE_WITH_KNOTS('',1,(#6658,#6659),.UNSPECIFIED.,.F.,
  .F.,(2,2),(-0.15,1.15),.PIECEWISE_BEZIER_KNOTS.);
#6658 = CARTESIAN_POINT('',(1.,1.3));
#6659 = CARTESIAN_POINT('',(1.,0.));
#6660 = ( GEOMETRIC_REPRESENTATION_CONTEXT(2) 
PARAMETRIC_REPRESENTATION_CONTEXT() REPRESENTATION_CONTEXT('2D SPACE',''
  ) );
#6661 = PCURVE('',#2746,#6662);
#6662 = DEFINITIONAL_REPRESENTATION('',(#6663),#6666);
#6663 = B_SPLINE_CURVE_WITH_KNOTS('',1,(#6664,#6665),.UNSPECIFIED.,.F.,
  .F.,(2,2),(-0.15,1.15),.PIECEWISE_BEZIER_KNOTS.);
#6664 = CARTESIAN_POINT('',(-1.,48.91));
#6665 = CARTESIAN_POINT('',(-2.3,48.91));
#6666 = ( GEOMETRIC_REPRESENTATION_CONTEXT(2) 
PARAMETRIC_REPRESENTATION_CONTEXT() REPRESENTATION_CONTEXT('2D SPACE',''
  ) );
#6667 = ORIENTED_EDGE('',*,*,#6623,.T.);
#6668 = ORIENTED_EDGE('',*,*,#2246,.F.);
#6669 = ADVANCED_FACE('',(#6670),#2315,.T.);
#6670 = FACE_BOUND('',#6671,.T.);
#6671 = EDGE_LOOP('',(#6672,#6695,#6716,#6737));
#6672 = ORIENTED_EDGE('',*,*,#6673,.F.);
#6673 = EDGE_CURVE('',#6674,#2299,#6676,.T.);
#6674 = VERTEX_POINT('',#6675);
#6675 = CARTESIAN_POINT('',(9.54,8.24,0.));
#6676 = SURFACE_CURVE('',#6677,(#6681,#6688),.PCURVE_S1.);
#6677 = LINE('',#6678,#6679);
#6678 = CARTESIAN_POINT('',(9.54,8.24,-1.));
#6679 = VECTOR('',#6680,1.);
#6680 = DIRECTION('',(0.,0.,1.));
#6681 = PCURVE('',#2315,#6682);
#6682 = DEFINITIONAL_REPRESENTATION('',(#6683),#6687);
#6683 = LINE('',#6684,#6685);
#6684 = CARTESIAN_POINT('',(0.,1.3));
#6685 = VECTOR('',#6686,1.);
#6686 = DIRECTION('',(1.,0.));
#6687 = ( GEOMETRIC_REPRESENTATION_CONTEXT(2) 
PARAMETRIC_REPRESENTATION_CONTEXT() REPRESENTATION_CONTEXT('2D SPACE',''
  ) );
#6688 = PCURVE('',#2391,#6689);
#6689 = DEFINITIONAL_REPRESENTATION('',(#6690),#6694);
#6690 = LINE('',#6691,#6692);
#6691 = CARTESIAN_POINT('',(0.,0.));
#6692 = VECTOR('',#6693,1.);
#6693 = DIRECTION('',(1.,0.));
#6694 = ( GEOMETRIC_REPRESENTATION_CONTEXT(2) 
PARAMETRIC_REPRESENTATION_CONTEXT() REPRESENTATION_CONTEXT('2D SPACE',''
  ) );
#6695 = ORIENTED_EDGE('',*,*,#6696,.T.);
#6696 = EDGE_CURVE('',#6674,#6697,#6699,.T.);
#6697 = VERTEX_POINT('',#6698);
#6698 = CARTESIAN_POINT('',(8.24,8.24,0.));
#6699 = SURFACE_CURVE('',#6700,(#6704,#6710),.PCURVE_S1.);
#6700 = LINE('',#6701,#6702);
#6701 = CARTESIAN_POINT('',(0.5,8.24,0.));
#6702 = VECTOR('',#6703,1.);
#6703 = DIRECTION('',(-1.,-0.,0.));
#6704 = PCURVE('',#2315,#6705);
#6705 = DEFINITIONAL_REPRESENTATION('',(#6706),#6709);
#6706 = B_SPLINE_CURVE_WITH_KNOTS('',1,(#6707,#6708),.UNSPECIFIED.,.F.,
  .F.,(2,2),(-9.04,-7.74),.PIECEWISE_BEZIER_KNOTS.);
#6707 = CARTESIAN_POINT('',(1.,1.3));
#6708 = CARTESIAN_POINT('',(1.,0.));
#6709 = ( GEOMETRIC_REPRESENTATION_CONTEXT(2) 
PARAMETRIC_REPRESENTATION_CONTEXT() REPRESENTATION_CONTEXT('2D SPACE',''
  ) );
#6710 = PCURVE('',#2746,#6711);
#6711 = DEFINITIONAL_REPRESENTATION('',(#6712),#6715);
#6712 = B_SPLINE_CURVE_WITH_KNOTS('',1,(#6713,#6714),.UNSPECIFIED.,.F.,
  .F.,(2,2),(-9.04,-7.74),.PIECEWISE_BEZIER_KNOTS.);
#6713 = CARTESIAN_POINT('',(16.78,32.37));
#6714 = CARTESIAN_POINT('',(15.48,32.37));
#6715 = ( GEOMETRIC_REPRESENTATION_CONTEXT(2) 
PARAMETRIC_REPRESENTATION_CONTEXT() REPRESENTATION_CONTEXT('2D SPACE',''
  ) );
#6716 = ORIENTED_EDGE('',*,*,#6717,.T.);
#6717 = EDGE_CURVE('',#6697,#2301,#6718,.T.);
#6718 = SURFACE_CURVE('',#6719,(#6723,#6730),.PCURVE_S1.);
#6719 = LINE('',#6720,#6721);
#6720 = CARTESIAN_POINT('',(8.24,8.24,-1.));
#6721 = VECTOR('',#6722,1.);
#6722 = DIRECTION('',(0.,0.,1.));
#6723 = PCURVE('',#2315,#6724);
#6724 = DEFINITIONAL_REPRESENTATION('',(#6725),#6729);
#6725 = LINE('',#6726,#6727);
#6726 = CARTESIAN_POINT('',(0.,0.));
#6727 = VECTOR('',#6728,1.);
#6728 = DIRECTION('',(1.,0.));
#6729 = ( GEOMETRIC_REPRESENTATION_CONTEXT(2) 
PARAMETRIC_REPRESENTATION_CONTEXT() REPRESENTATION_CONTEXT('2D SPACE',''
  ) );
#6730 = PCURVE('',#2341,#6731);
#6731 = DEFINITIONAL_REPRESENTATION('',(#6732),#6736);
#6732 = LINE('',#6733,#6734);
#6733 = CARTESIAN_POINT('',(0.,0.));
#6734 = VECTOR('',#6735,1.);
#6735 = DIRECTION('',(1.,0.));
#6736 = ( GEOMETRIC_REPRESENTATION_CONTEXT(2) 
PARAMETRIC_REPRESENTATION_CONTEXT() REPRESENTATION_CONTEXT('2D SPACE',''
  ) );
#6737 = ORIENTED_EDGE('',*,*,#2298,.F.);
#6738 = ADVANCED_FACE('',(#6739),#2391,.F.);
#6739 = FACE_BOUND('',#6740,.F.);
#6740 = EDGE_LOOP('',(#6741,#6742,#6763,#6784));
#6741 = ORIENTED_EDGE('',*,*,#6673,.F.);
#6742 = ORIENTED_EDGE('',*,*,#6743,.T.);
#6743 = EDGE_CURVE('',#6674,#6744,#6746,.T.);
#6744 = VERTEX_POINT('',#6745);
#6745 = CARTESIAN_POINT('',(9.54,9.54,0.));
#6746 = SURFACE_CURVE('',#6747,(#6751,#6757),.PCURVE_S1.);
#6747 = LINE('',#6748,#6749);
#6748 = CARTESIAN_POINT('',(9.54,-7.945,0.));
#6749 = VECTOR('',#6750,1.);
#6750 = DIRECTION('',(-0.,1.,0.));
#6751 = PCURVE('',#2391,#6752);
#6752 = DEFINITIONAL_REPRESENTATION('',(#6753),#6756);
#6753 = B_SPLINE_CURVE_WITH_KNOTS('',1,(#6754,#6755),.UNSPECIFIED.,.F.,
  .F.,(2,2),(16.185,17.485),.PIECEWISE_BEZIER_KNOTS.);
#6754 = CARTESIAN_POINT('',(1.,0.));
#6755 = CARTESIAN_POINT('',(1.,-1.3));
#6756 = ( GEOMETRIC_REPRESENTATION_CONTEXT(2) 
PARAMETRIC_REPRESENTATION_CONTEXT() REPRESENTATION_CONTEXT('2D SPACE',''
  ) );
#6757 = PCURVE('',#2746,#6758);
#6758 = DEFINITIONAL_REPRESENTATION('',(#6759),#6762);
#6759 = B_SPLINE_CURVE_WITH_KNOTS('',1,(#6760,#6761),.UNSPECIFIED.,.F.,
  .F.,(2,2),(16.185,17.485),.PIECEWISE_BEZIER_KNOTS.);
#6760 = CARTESIAN_POINT('',(16.78,32.37));
#6761 = CARTESIAN_POINT('',(16.78,33.67));
#6762 = ( GEOMETRIC_REPRESENTATION_CONTEXT(2) 
PARAMETRIC_REPRESENTATION_CONTEXT() REPRESENTATION_CONTEXT('2D SPACE',''
  ) );
#6763 = ORIENTED_EDGE('',*,*,#6764,.T.);
#6764 = EDGE_CURVE('',#6744,#2353,#6765,.T.);
#6765 = SURFACE_CURVE('',#6766,(#6770,#6777),.PCURVE_S1.);
#6766 = LINE('',#6767,#6768);
#6767 = CARTESIAN_POINT('',(9.54,9.54,-1.));
#6768 = VECTOR('',#6769,1.);
#6769 = DIRECTION('',(0.,0.,1.));
#6770 = PCURVE('',#2391,#6771);
#6771 = DEFINITIONAL_REPRESENTATION('',(#6772),#6776);
#6772 = LINE('',#6773,#6774);
#6773 = CARTESIAN_POINT('',(0.,-1.3));
#6774 = VECTOR('',#6775,1.);
#6775 = DIRECTION('',(1.,0.));
#6776 = ( GEOMETRIC_REPRESENTATION_CONTEXT(2) 
PARAMETRIC_REPRESENTATION_CONTEXT() REPRESENTATION_CONTEXT('2D SPACE',''
  ) );
#6777 = PCURVE('',#2367,#6778);
#6778 = DEFINITIONAL_REPRESENTATION('',(#6779),#6783);
#6779 = LINE('',#6780,#6781);
#6780 = CARTESIAN_POINT('',(0.,1.3));
#6781 = VECTOR('',#6782,1.);
#6782 = DIRECTION('',(1.,0.));
#6783 = ( GEOMETRIC_REPRESENTATION_CONTEXT(2) 
PARAMETRIC_REPRESENTATION_CONTEXT() REPRESENTATION_CONTEXT('2D SPACE',''
  ) );
#6784 = ORIENTED_EDGE('',*,*,#2378,.F.);
#6785 = ADVANCED_FACE('',(#6786),#2341,.T.);
#6786 = FACE_BOUND('',#6787,.T.);
#6787 = EDGE_LOOP('',(#6788,#6789,#6810,#6831));
#6788 = ORIENTED_EDGE('',*,*,#6717,.F.);
#6789 = ORIENTED_EDGE('',*,*,#6790,.T.);
#6790 = EDGE_CURVE('',#6697,#6791,#6793,.T.);
#6791 = VERTEX_POINT('',#6792);
#6792 = CARTESIAN_POINT('',(8.24,9.54,0.));
#6793 = SURFACE_CURVE('',#6794,(#6798,#6804),.PCURVE_S1.);
#6794 = LINE('',#6795,#6796);
#6795 = CARTESIAN_POINT('',(8.24,-7.945,0.));
#6796 = VECTOR('',#6797,1.);
#6797 = DIRECTION('',(-0.,1.,0.));
#6798 = PCURVE('',#2341,#6799);
#6799 = DEFINITIONAL_REPRESENTATION('',(#6800),#6803);
#6800 = B_SPLINE_CURVE_WITH_KNOTS('',1,(#6801,#6802),.UNSPECIFIED.,.F.,
  .F.,(2,2),(16.185,17.485),.PIECEWISE_BEZIER_KNOTS.);
#6801 = CARTESIAN_POINT('',(1.,0.));
#6802 = CARTESIAN_POINT('',(1.,-1.3));
#6803 = ( GEOMETRIC_REPRESENTATION_CONTEXT(2) 
PARAMETRIC_REPRESENTATION_CONTEXT() REPRESENTATION_CONTEXT('2D SPACE',''
  ) );
#6804 = PCURVE('',#2746,#6805);
#6805 = DEFINITIONAL_REPRESENTATION('',(#6806),#6809);
#6806 = B_SPLINE_CURVE_WITH_KNOTS('',1,(#6807,#6808),.UNSPECIFIED.,.F.,
  .F.,(2,2),(16.185,17.485),.PIECEWISE_BEZIER_KNOTS.);
#6807 = CARTESIAN_POINT('',(15.48,32.37));
#6808 = CARTESIAN_POINT('',(15.48,33.67));
#6809 = ( GEOMETRIC_REPRESENTATION_CONTEXT(2) 
PARAMETRIC_REPRESENTATION_CONTEXT() REPRESENTATION_CONTEXT('2D SPACE',''
  ) );
#6810 = ORIENTED_EDGE('',*,*,#6811,.T.);
#6811 = EDGE_CURVE('',#6791,#2327,#6812,.T.);
#6812 = SURFACE_CURVE('',#6813,(#6817,#6824),.PCURVE_S1.);
#6813 = LINE('',#6814,#6815);
#6814 = CARTESIAN_POINT('',(8.24,9.54,-1.));
#6815 = VECTOR('',#6816,1.);
#6816 = DIRECTION('',(0.,0.,1.));
#6817 = PCURVE('',#2341,#6818);
#6818 = DEFINITIONAL_REPRESENTATION('',(#6819),#6823);
#6819 = LINE('',#6820,#6821);
#6820 = CARTESIAN_POINT('',(0.,-1.3));
#6821 = VECTOR('',#6822,1.);
#6822 = DIRECTION('',(1.,0.));
#6823 = ( GEOMETRIC_REPRESENTATION_CONTEXT(2) 
PARAMETRIC_REPRESENTATION_CONTEXT() REPRESENTATION_CONTEXT('2D SPACE',''
  ) );
#6824 = PCURVE('',#2367,#6825);
#6825 = DEFINITIONAL_REPRESENTATION('',(#6826),#6830);
#6826 = LINE('',#6827,#6828);
#6827 = CARTESIAN_POINT('',(0.,0.));
#6828 = VECTOR('',#6829,1.);
#6829 = DIRECTION('',(1.,0.));
#6830 = ( GEOMETRIC_REPRESENTATION_CONTEXT(2) 
PARAMETRIC_REPRESENTATION_CONTEXT() REPRESENTATION_CONTEXT('2D SPACE',''
  ) );
#6831 = ORIENTED_EDGE('',*,*,#2326,.F.);
#6832 = ADVANCED_FACE('',(#6833),#2367,.F.);
#6833 = FACE_BOUND('',#6834,.F.);
#6834 = EDGE_LOOP('',(#6835,#6836,#6855,#6856));
#6835 = ORIENTED_EDGE('',*,*,#6764,.F.);
#6836 = ORIENTED_EDGE('',*,*,#6837,.T.);
#6837 = EDGE_CURVE('',#6744,#6791,#6838,.T.);
#6838 = SURFACE_CURVE('',#6839,(#6843,#6849),.PCURVE_S1.);
#6839 = LINE('',#6840,#6841);
#6840 = CARTESIAN_POINT('',(0.5,9.54,0.));
#6841 = VECTOR('',#6842,1.);
#6842 = DIRECTION('',(-1.,-0.,0.));
#6843 = PCURVE('',#2367,#6844);
#6844 = DEFINITIONAL_REPRESENTATION('',(#6845),#6848);
#6845 = B_SPLINE_CURVE_WITH_KNOTS('',1,(#6846,#6847),.UNSPECIFIED.,.F.,
  .F.,(2,2),(-9.04,-7.74),.PIECEWISE_BEZIER_KNOTS.);
#6846 = CARTESIAN_POINT('',(1.,1.3));
#6847 = CARTESIAN_POINT('',(1.,0.));
#6848 = ( GEOMETRIC_REPRESENTATION_CONTEXT(2) 
PARAMETRIC_REPRESENTATION_CONTEXT() REPRESENTATION_CONTEXT('2D SPACE',''
  ) );
#6849 = PCURVE('',#2746,#6850);
#6850 = DEFINITIONAL_REPRESENTATION('',(#6851),#6854);
#6851 = B_SPLINE_CURVE_WITH_KNOTS('',1,(#6852,#6853),.UNSPECIFIED.,.F.,
  .F.,(2,2),(-9.04,-7.74),.PIECEWISE_BEZIER_KNOTS.);
#6852 = CARTESIAN_POINT('',(16.78,33.67));
#6853 = CARTESIAN_POINT('',(15.48,33.67));
#6854 = ( GEOMETRIC_REPRESENTATION_CONTEXT(2) 
PARAMETRIC_REPRESENTATION_CONTEXT() REPRESENTATION_CONTEXT('2D SPACE',''
  ) );
#6855 = ORIENTED_EDGE('',*,*,#6811,.T.);
#6856 = ORIENTED_EDGE('',*,*,#2352,.F.);
#6857 = ADVANCED_FACE('',(#6858),#2421,.T.);
#6858 = FACE_BOUND('',#6859,.T.);
#6859 = EDGE_LOOP('',(#6860,#6883,#6904,#6925));
#6860 = ORIENTED_EDGE('',*,*,#6861,.F.);
#6861 = EDGE_CURVE('',#6862,#2405,#6864,.T.);
#6862 = VERTEX_POINT('',#6863);
#6863 = CARTESIAN_POINT('',(9.54,10.78,0.));
#6864 = SURFACE_CURVE('',#6865,(#6869,#6876),.PCURVE_S1.);
#6865 = LINE('',#6866,#6867);
#6866 = CARTESIAN_POINT('',(9.54,10.78,-1.));
#6867 = VECTOR('',#6868,1.);
#6868 = DIRECTION('',(0.,0.,1.));
#6869 = PCURVE('',#2421,#6870);
#6870 = DEFINITIONAL_REPRESENTATION('',(#6871),#6875);
#6871 = LINE('',#6872,#6873);
#6872 = CARTESIAN_POINT('',(0.,1.3));
#6873 = VECTOR('',#6874,1.);
#6874 = DIRECTION('',(1.,0.));
#6875 = ( GEOMETRIC_REPRESENTATION_CONTEXT(2) 
PARAMETRIC_REPRESENTATION_CONTEXT() REPRESENTATION_CONTEXT('2D SPACE',''
  ) );
#6876 = PCURVE('',#2497,#6877);
#6877 = DEFINITIONAL_REPRESENTATION('',(#6878),#6882);
#6878 = LINE('',#6879,#6880);
#6879 = CARTESIAN_POINT('',(0.,0.));
#6880 = VECTOR('',#6881,1.);
#6881 = DIRECTION('',(1.,0.));
#6882 = ( GEOMETRIC_REPRESENTATION_CONTEXT(2) 
PARAMETRIC_REPRESENTATION_CONTEXT() REPRESENTATION_CONTEXT('2D SPACE',''
  ) );
#6883 = ORIENTED_EDGE('',*,*,#6884,.T.);
#6884 = EDGE_CURVE('',#6862,#6885,#6887,.T.);
#6885 = VERTEX_POINT('',#6886);
#6886 = CARTESIAN_POINT('',(8.24,10.78,0.));
#6887 = SURFACE_CURVE('',#6888,(#6892,#6898),.PCURVE_S1.);
#6888 = LINE('',#6889,#6890);
#6889 = CARTESIAN_POINT('',(0.5,10.78,0.));
#6890 = VECTOR('',#6891,1.);
#6891 = DIRECTION('',(-1.,-0.,0.));
#6892 = PCURVE('',#2421,#6893);
#6893 = DEFINITIONAL_REPRESENTATION('',(#6894),#6897);
#6894 = B_SPLINE_CURVE_WITH_KNOTS('',1,(#6895,#6896),.UNSPECIFIED.,.F.,
  .F.,(2,2),(-9.04,-7.74),.PIECEWISE_BEZIER_KNOTS.);
#6895 = CARTESIAN_POINT('',(1.,1.3));
#6896 = CARTESIAN_POINT('',(1.,0.));
#6897 = ( GEOMETRIC_REPRESENTATION_CONTEXT(2) 
PARAMETRIC_REPRESENTATION_CONTEXT() REPRESENTATION_CONTEXT('2D SPACE',''
  ) );
#6898 = PCURVE('',#2746,#6899);
#6899 = DEFINITIONAL_REPRESENTATION('',(#6900),#6903);
#6900 = B_SPLINE_CURVE_WITH_KNOTS('',1,(#6901,#6902),.UNSPECIFIED.,.F.,
  .F.,(2,2),(-9.04,-7.74),.PIECEWISE_BEZIER_KNOTS.);
#6901 = CARTESIAN_POINT('',(16.78,34.91));
#6902 = CARTESIAN_POINT('',(15.48,34.91));
#6903 = ( GEOMETRIC_REPRESENTATION_CONTEXT(2) 
PARAMETRIC_REPRESENTATION_CONTEXT() REPRESENTATION_CONTEXT('2D SPACE',''
  ) );
#6904 = ORIENTED_EDGE('',*,*,#6905,.T.);
#6905 = EDGE_CURVE('',#6885,#2407,#6906,.T.);
#6906 = SURFACE_CURVE('',#6907,(#6911,#6918),.PCURVE_S1.);
#6907 = LINE('',#6908,#6909);
#6908 = CARTESIAN_POINT('',(8.24,10.78,-1.));
#6909 = VECTOR('',#6910,1.);
#6910 = DIRECTION('',(0.,0.,1.));
#6911 = PCURVE('',#2421,#6912);
#6912 = DEFINITIONAL_REPRESENTATION('',(#6913),#6917);
#6913 = LINE('',#6914,#6915);
#6914 = CARTESIAN_POINT('',(0.,0.));
#6915 = VECTOR('',#6916,1.);
#6916 = DIRECTION('',(1.,0.));
#6917 = ( GEOMETRIC_REPRESENTATION_CONTEXT(2) 
PARAMETRIC_REPRESENTATION_CONTEXT() REPRESENTATION_CONTEXT('2D SPACE',''
  ) );
#6918 = PCURVE('',#2447,#6919);
#6919 = DEFINITIONAL_REPRESENTATION('',(#6920),#6924);
#6920 = LINE('',#6921,#6922);
#6921 = CARTESIAN_POINT('',(0.,0.));
#6922 = VECTOR('',#6923,1.);
#6923 = DIRECTION('',(1.,0.));
#6924 = ( GEOMETRIC_REPRESENTATION_CONTEXT(2) 
PARAMETRIC_REPRESENTATION_CONTEXT() REPRESENTATION_CONTEXT('2D SPACE',''
  ) );
#6925 = ORIENTED_EDGE('',*,*,#2404,.F.);
#6926 = ADVANCED_FACE('',(#6927),#2497,.F.);
#6927 = FACE_BOUND('',#6928,.F.);
#6928 = EDGE_LOOP('',(#6929,#6930,#6951,#6972));
#6929 = ORIENTED_EDGE('',*,*,#6861,.F.);
#6930 = ORIENTED_EDGE('',*,*,#6931,.T.);
#6931 = EDGE_CURVE('',#6862,#6932,#6934,.T.);
#6932 = VERTEX_POINT('',#6933);
#6933 = CARTESIAN_POINT('',(9.54,12.08,0.));
#6934 = SURFACE_CURVE('',#6935,(#6939,#6945),.PCURVE_S1.);
#6935 = LINE('',#6936,#6937);
#6936 = CARTESIAN_POINT('',(9.54,-6.675,0.));
#6937 = VECTOR('',#6938,1.);
#6938 = DIRECTION('',(-0.,1.,0.));
#6939 = PCURVE('',#2497,#6940);
#6940 = DEFINITIONAL_REPRESENTATION('',(#6941),#6944);
#6941 = B_SPLINE_CURVE_WITH_KNOTS('',1,(#6942,#6943),.UNSPECIFIED.,.F.,
  .F.,(2,2),(17.455,18.755),.PIECEWISE_BEZIER_KNOTS.);
#6942 = CARTESIAN_POINT('',(1.,0.));
#6943 = CARTESIAN_POINT('',(1.,-1.3));
#6944 = ( GEOMETRIC_REPRESENTATION_CONTEXT(2) 
PARAMETRIC_REPRESENTATION_CONTEXT() REPRESENTATION_CONTEXT('2D SPACE',''
  ) );
#6945 = PCURVE('',#2746,#6946);
#6946 = DEFINITIONAL_REPRESENTATION('',(#6947),#6950);
#6947 = B_SPLINE_CURVE_WITH_KNOTS('',1,(#6948,#6949),.UNSPECIFIED.,.F.,
  .F.,(2,2),(17.455,18.755),.PIECEWISE_BEZIER_KNOTS.);
#6948 = CARTESIAN_POINT('',(16.78,34.91));
#6949 = CARTESIAN_POINT('',(16.78,36.21));
#6950 = ( GEOMETRIC_REPRESENTATION_CONTEXT(2) 
PARAMETRIC_REPRESENTATION_CONTEXT() REPRESENTATION_CONTEXT('2D SPACE',''
  ) );
#6951 = ORIENTED_EDGE('',*,*,#6952,.T.);
#6952 = EDGE_CURVE('',#6932,#2459,#6953,.T.);
#6953 = SURFACE_CURVE('',#6954,(#6958,#6965),.PCURVE_S1.);
#6954 = LINE('',#6955,#6956);
#6955 = CARTESIAN_POINT('',(9.54,12.08,-1.));
#6956 = VECTOR('',#6957,1.);
#6957 = DIRECTION('',(0.,0.,1.));
#6958 = PCURVE('',#2497,#6959);
#6959 = DEFINITIONAL_REPRESENTATION('',(#6960),#6964);
#6960 = LINE('',#6961,#6962);
#6961 = CARTESIAN_POINT('',(0.,-1.3));
#6962 = VECTOR('',#6963,1.);
#6963 = DIRECTION('',(1.,0.));
#6964 = ( GEOMETRIC_REPRESENTATION_CONTEXT(2) 
PARAMETRIC_REPRESENTATION_CONTEXT() REPRESENTATION_CONTEXT('2D SPACE',''
  ) );
#6965 = PCURVE('',#2473,#6966);
#6966 = DEFINITIONAL_REPRESENTATION('',(#6967),#6971);
#6967 = LINE('',#6968,#6969);
#6968 = CARTESIAN_POINT('',(0.,1.3));
#6969 = VECTOR('',#6970,1.);
#6970 = DIRECTION('',(1.,0.));
#6971 = ( GEOMETRIC_REPRESENTATION_CONTEXT(2) 
PARAMETRIC_REPRESENTATION_CONTEXT() REPRESENTATION_CONTEXT('2D SPACE',''
  ) );
#6972 = ORIENTED_EDGE('',*,*,#2484,.F.);
#6973 = ADVANCED_FACE('',(#6974),#2447,.T.);
#6974 = FACE_BOUND('',#6975,.T.);
#6975 = EDGE_LOOP('',(#6976,#6977,#6998,#7019));
#6976 = ORIENTED_EDGE('',*,*,#6905,.F.);
#6977 = ORIENTED_EDGE('',*,*,#6978,.T.);
#6978 = EDGE_CURVE('',#6885,#6979,#6981,.T.);
#6979 = VERTEX_POINT('',#6980);
#6980 = CARTESIAN_POINT('',(8.24,12.08,0.));
#6981 = SURFACE_CURVE('',#6982,(#6986,#6992),.PCURVE_S1.);
#6982 = LINE('',#6983,#6984);
#6983 = CARTESIAN_POINT('',(8.24,-6.675,0.));
#6984 = VECTOR('',#6985,1.);
#6985 = DIRECTION('',(-0.,1.,0.));
#6986 = PCURVE('',#2447,#6987);
#6987 = DEFINITIONAL_REPRESENTATION('',(#6988),#6991);
#6988 = B_SPLINE_CURVE_WITH_KNOTS('',1,(#6989,#6990),.UNSPECIFIED.,.F.,
  .F.,(2,2),(17.455,18.755),.PIECEWISE_BEZIER_KNOTS.);
#6989 = CARTESIAN_POINT('',(1.,0.));
#6990 = CARTESIAN_POINT('',(1.,-1.3));
#6991 = ( GEOMETRIC_REPRESENTATION_CONTEXT(2) 
PARAMETRIC_REPRESENTATION_CONTEXT() REPRESENTATION_CONTEXT('2D SPACE',''
  ) );
#6992 = PCURVE('',#2746,#6993);
#6993 = DEFINITIONAL_REPRESENTATION('',(#6994),#6997);
#6994 = B_SPLINE_CURVE_WITH_KNOTS('',1,(#6995,#6996),.UNSPECIFIED.,.F.,
  .F.,(2,2),(17.455,18.755),.PIECEWISE_BEZIER_KNOTS.);
#6995 = CARTESIAN_POINT('',(15.48,34.91));
#6996 = CARTESIAN_POINT('',(15.48,36.21));
#6997 = ( GEOMETRIC_REPRESENTATION_CONTEXT(2) 
PARAMETRIC_REPRESENTATION_CONTEXT() REPRESENTATION_CONTEXT('2D SPACE',''
  ) );
#6998 = ORIENTED_EDGE('',*,*,#6999,.T.);
#6999 = EDGE_CURVE('',#6979,#2433,#7000,.T.);
#7000 = SURFACE_CURVE('',#7001,(#7005,#7012),.PCURVE_S1.);
#7001 = LINE('',#7002,#7003);
#7002 = CARTESIAN_POINT('',(8.24,12.08,-1.));
#7003 = VECTOR('',#7004,1.);
#7004 = DIRECTION('',(0.,0.,1.));
#7005 = PCURVE('',#2447,#7006);
#7006 = DEFINITIONAL_REPRESENTATION('',(#7007),#7011);
#7007 = LINE('',#7008,#7009);
#7008 = CARTESIAN_POINT('',(0.,-1.3));
#7009 = VECTOR('',#7010,1.);
#7010 = DIRECTION('',(1.,0.));
#7011 = ( GEOMETRIC_REPRESENTATION_CONTEXT(2) 
PARAMETRIC_REPRESENTATION_CONTEXT() REPRESENTATION_CONTEXT('2D SPACE',''
  ) );
#7012 = PCURVE('',#2473,#7013);
#7013 = DEFINITIONAL_REPRESENTATION('',(#7014),#7018);
#7014 = LINE('',#7015,#7016);
#7015 = CARTESIAN_POINT('',(0.,0.));
#7016 = VECTOR('',#7017,1.);
#7017 = DIRECTION('',(1.,0.));
#7018 = ( GEOMETRIC_REPRESENTATION_CONTEXT(2) 
PARAMETRIC_REPRESENTATION_CONTEXT() REPRESENTATION_CONTEXT('2D SPACE',''
  ) );
#7019 = ORIENTED_EDGE('',*,*,#2432,.F.);
#7020 = ADVANCED_FACE('',(#7021),#2473,.F.);
#7021 = FACE_BOUND('',#7022,.F.);
#7022 = EDGE_LOOP('',(#7023,#7024,#7043,#7044));
#7023 = ORIENTED_EDGE('',*,*,#6952,.F.);
#7024 = ORIENTED_EDGE('',*,*,#7025,.T.);
#7025 = EDGE_CURVE('',#6932,#6979,#7026,.T.);
#7026 = SURFACE_CURVE('',#7027,(#7031,#7037),.PCURVE_S1.);
#7027 = LINE('',#7028,#7029);
#7028 = CARTESIAN_POINT('',(0.5,12.08,0.));
#7029 = VECTOR('',#7030,1.);
#7030 = DIRECTION('',(-1.,-0.,0.));
#7031 = PCURVE('',#2473,#7032);
#7032 = DEFINITIONAL_REPRESENTATION('',(#7033),#7036);
#7033 = B_SPLINE_CURVE_WITH_KNOTS('',1,(#7034,#7035),.UNSPECIFIED.,.F.,
  .F.,(2,2),(-9.04,-7.74),.PIECEWISE_BEZIER_KNOTS.);
#7034 = CARTESIAN_POINT('',(1.,1.3));
#7035 = CARTESIAN_POINT('',(1.,0.));
#7036 = ( GEOMETRIC_REPRESENTATION_CONTEXT(2) 
PARAMETRIC_REPRESENTATION_CONTEXT() REPRESENTATION_CONTEXT('2D SPACE',''
  ) );
#7037 = PCURVE('',#2746,#7038);
#7038 = DEFINITIONAL_REPRESENTATION('',(#7039),#7042);
#7039 = B_SPLINE_CURVE_WITH_KNOTS('',1,(#7040,#7041),.UNSPECIFIED.,.F.,
  .F.,(2,2),(-9.04,-7.74),.PIECEWISE_BEZIER_KNOTS.);
#7040 = CARTESIAN_POINT('',(16.78,36.21));
#7041 = CARTESIAN_POINT('',(15.48,36.21));
#7042 = ( GEOMETRIC_REPRESENTATION_CONTEXT(2) 
PARAMETRIC_REPRESENTATION_CONTEXT() REPRESENTATION_CONTEXT('2D SPACE',''
  ) );
#7043 = ORIENTED_EDGE('',*,*,#6999,.T.);
#7044 = ORIENTED_EDGE('',*,*,#2458,.F.);
#7045 = ADVANCED_FACE('',(#7046),#2527,.T.);
#7046 = FACE_BOUND('',#7047,.T.);
#7047 = EDGE_LOOP('',(#7048,#7078,#7099,#7100));
#7048 = ORIENTED_EDGE('',*,*,#7049,.F.);
#7049 = EDGE_CURVE('',#7050,#7052,#7054,.T.);
#7050 = VERTEX_POINT('',#7051);
#7051 = CARTESIAN_POINT('',(1.5,17.13,0.7));
#7052 = VERTEX_POINT('',#7053);
#7053 = CARTESIAN_POINT('',(0.,20.13,0.7));
#7054 = SURFACE_CURVE('',#7055,(#7059,#7066),.PCURVE_S1.);
#7055 = LINE('',#7056,#7057);
#7056 = CARTESIAN_POINT('',(1.5,17.13,0.7));
#7057 = VECTOR('',#7058,1.);
#7058 = DIRECTION('',(-0.4472135955,0.894427191,0.));
#7059 = PCURVE('',#2527,#7060);
#7060 = DEFINITIONAL_REPRESENTATION('',(#7061),#7065);
#7061 = LINE('',#7062,#7063);
#7062 = CARTESIAN_POINT('',(0.,0.));
#7063 = VECTOR('',#7064,1.);
#7064 = DIRECTION('',(1.,0.));
#7065 = ( GEOMETRIC_REPRESENTATION_CONTEXT(2) 
PARAMETRIC_REPRESENTATION_CONTEXT() REPRESENTATION_CONTEXT('2D SPACE',''
  ) );
#7066 = PCURVE('',#7067,#7072);
#7067 = PLANE('',#7068);
#7068 = AXIS2_PLACEMENT_3D('',#7069,#7070,#7071);
#7069 = CARTESIAN_POINT('',(0.,18.166474508438,0.7));
#7070 = DIRECTION('',(0.,0.,1.));
#7071 = DIRECTION('',(1.,0.,0.));
#7072 = DEFINITIONAL_REPRESENTATION('',(#7073),#7077);
#7073 = LINE('',#7074,#7075);
#7074 = CARTESIAN_POINT('',(1.5,-1.036474508438));
#7075 = VECTOR('',#7076,1.);
#7076 = DIRECTION('',(-0.4472135955,0.894427191));
#7077 = ( GEOMETRIC_REPRESENTATION_CONTEXT(2) 
PARAMETRIC_REPRESENTATION_CONTEXT() REPRESENTATION_CONTEXT('2D SPACE',''
  ) );
#7078 = ORIENTED_EDGE('',*,*,#7079,.T.);
#7079 = EDGE_CURVE('',#7050,#2513,#7080,.T.);
#7080 = SURFACE_CURVE('',#7081,(#7085,#7092),.PCURVE_S1.);
#7081 = LINE('',#7082,#7083);
#7082 = CARTESIAN_POINT('',(1.5,17.13,0.7));
#7083 = VECTOR('',#7084,1.);
#7084 = DIRECTION('',(0.,0.,1.));
#7085 = PCURVE('',#2527,#7086);
#7086 = DEFINITIONAL_REPRESENTATION('',(#7087),#7091);
#7087 = LINE('',#7088,#7089);
#7088 = CARTESIAN_POINT('',(0.,0.));
#7089 = VECTOR('',#7090,1.);
#7090 = DIRECTION('',(0.,-1.));
#7091 = ( GEOMETRIC_REPRESENTATION_CONTEXT(2) 
PARAMETRIC_REPRESENTATION_CONTEXT() REPRESENTATION_CONTEXT('2D SPACE',''
  ) );
#7092 = PCURVE('',#2553,#7093);
#7093 = DEFINITIONAL_REPRESENTATION('',(#7094),#7098);
#7094 = LINE('',#7095,#7096);
#7095 = CARTESIAN_POINT('',(3.,0.));
#7096 = VECTOR('',#7097,1.);
#7097 = DIRECTION('',(0.,-1.));
#7098 = ( GEOMETRIC_REPRESENTATION_CONTEXT(2) 
PARAMETRIC_REPRESENTATION_CONTEXT() REPRESENTATION_CONTEXT('2D SPACE',''
  ) );
#7099 = ORIENTED_EDGE('',*,*,#2510,.F.);
#7100 = ORIENTED_EDGE('',*,*,#7101,.F.);
#7101 = EDGE_CURVE('',#7052,#2511,#7102,.T.);
#7102 = SURFACE_CURVE('',#7103,(#7107,#7114),.PCURVE_S1.);
#7103 = LINE('',#7104,#7105);
#7104 = CARTESIAN_POINT('',(0.,20.13,0.7));
#7105 = VECTOR('',#7106,1.);
#7106 = DIRECTION('',(0.,0.,1.));
#7107 = PCURVE('',#2527,#7108);
#7108 = DEFINITIONAL_REPRESENTATION('',(#7109),#7113);
#7109 = LINE('',#7110,#7111);
#7110 = CARTESIAN_POINT('',(3.35410196625,0.));
#7111 = VECTOR('',#7112,1.);
#7112 = DIRECTION('',(0.,-1.));
#7113 = ( GEOMETRIC_REPRESENTATION_CONTEXT(2) 
PARAMETRIC_REPRESENTATION_CONTEXT() REPRESENTATION_CONTEXT('2D SPACE',''
  ) );
#7114 = PCURVE('',#2577,#7115);
#7115 = DEFINITIONAL_REPRESENTATION('',(#7116),#7120);
#7116 = LINE('',#7117,#7118);
#7117 = CARTESIAN_POINT('',(0.,0.));
#7118 = VECTOR('',#7119,1.);
#7119 = DIRECTION('',(0.,-1.));
#7120 = ( GEOMETRIC_REPRESENTATION_CONTEXT(2) 
PARAMETRIC_REPRESENTATION_CONTEXT() REPRESENTATION_CONTEXT('2D SPACE',''
  ) );
#7121 = ADVANCED_FACE('',(#7122),#2577,.T.);
#7122 = FACE_BOUND('',#7123,.T.);
#7123 = EDGE_LOOP('',(#7124,#7147,#7148,#7149));
#7124 = ORIENTED_EDGE('',*,*,#7125,.F.);
#7125 = EDGE_CURVE('',#7052,#7126,#7128,.T.);
#7126 = VERTEX_POINT('',#7127);
#7127 = CARTESIAN_POINT('',(-1.5,17.13,0.7));
#7128 = SURFACE_CURVE('',#7129,(#7133,#7140),.PCURVE_S1.);
#7129 = LINE('',#7130,#7131);
#7130 = CARTESIAN_POINT('',(0.,20.13,0.7));
#7131 = VECTOR('',#7132,1.);
#7132 = DIRECTION('',(-0.4472135955,-0.894427191,0.));
#7133 = PCURVE('',#2577,#7134);
#7134 = DEFINITIONAL_REPRESENTATION('',(#7135),#7139);
#7135 = LINE('',#7136,#7137);
#7136 = CARTESIAN_POINT('',(0.,0.));
#7137 = VECTOR('',#7138,1.);
#7138 = DIRECTION('',(1.,0.));
#7139 = ( GEOMETRIC_REPRESENTATION_CONTEXT(2) 
PARAMETRIC_REPRESENTATION_CONTEXT() REPRESENTATION_CONTEXT('2D SPACE',''
  ) );
#7140 = PCURVE('',#7067,#7141);
#7141 = DEFINITIONAL_REPRESENTATION('',(#7142),#7146);
#7142 = LINE('',#7143,#7144);
#7143 = CARTESIAN_POINT('',(0.,1.963525491562));
#7144 = VECTOR('',#7145,1.);
#7145 = DIRECTION('',(-0.4472135955,-0.894427191));
#7146 = ( GEOMETRIC_REPRESENTATION_CONTEXT(2) 
PARAMETRIC_REPRESENTATION_CONTEXT() REPRESENTATION_CONTEXT('2D SPACE',''
  ) );
#7147 = ORIENTED_EDGE('',*,*,#7101,.T.);
#7148 = ORIENTED_EDGE('',*,*,#2564,.F.);
#7149 = ORIENTED_EDGE('',*,*,#7150,.F.);
#7150 = EDGE_CURVE('',#7126,#2539,#7151,.T.);
#7151 = SURFACE_CURVE('',#7152,(#7156,#7163),.PCURVE_S1.);
#7152 = LINE('',#7153,#7154);
#7153 = CARTESIAN_POINT('',(-1.5,17.13,0.7));
#7154 = VECTOR('',#7155,1.);
#7155 = DIRECTION('',(0.,0.,1.));
#7156 = PCURVE('',#2577,#7157);
#7157 = DEFINITIONAL_REPRESENTATION('',(#7158),#7162);
#7158 = LINE('',#7159,#7160);
#7159 = CARTESIAN_POINT('',(3.35410196625,0.));
#7160 = VECTOR('',#7161,1.);
#7161 = DIRECTION('',(0.,-1.));
#7162 = ( GEOMETRIC_REPRESENTATION_CONTEXT(2) 
PARAMETRIC_REPRESENTATION_CONTEXT() REPRESENTATION_CONTEXT('2D SPACE',''
  ) );
#7163 = PCURVE('',#2553,#7164);
#7164 = DEFINITIONAL_REPRESENTATION('',(#7165),#7169);
#7165 = LINE('',#7166,#7167);
#7166 = CARTESIAN_POINT('',(0.,0.));
#7167 = VECTOR('',#7168,1.);
#7168 = DIRECTION('',(0.,-1.));
#7169 = ( GEOMETRIC_REPRESENTATION_CONTEXT(2) 
PARAMETRIC_REPRESENTATION_CONTEXT() REPRESENTATION_CONTEXT('2D SPACE',''
  ) );
#7170 = ADVANCED_FACE('',(#7171),#2553,.T.);
#7171 = FACE_BOUND('',#7172,.T.);
#7172 = EDGE_LOOP('',(#7173,#7194,#7195,#7196));
#7173 = ORIENTED_EDGE('',*,*,#7174,.F.);
#7174 = EDGE_CURVE('',#7126,#7050,#7175,.T.);
#7175 = SURFACE_CURVE('',#7176,(#7180,#7187),.PCURVE_S1.);
#7176 = LINE('',#7177,#7178);
#7177 = CARTESIAN_POINT('',(-1.5,17.13,0.7));
#7178 = VECTOR('',#7179,1.);
#7179 = DIRECTION('',(1.,0.,0.));
#7180 = PCURVE('',#2553,#7181);
#7181 = DEFINITIONAL_REPRESENTATION('',(#7182),#7186);
#7182 = LINE('',#7183,#7184);
#7183 = CARTESIAN_POINT('',(0.,0.));
#7184 = VECTOR('',#7185,1.);
#7185 = DIRECTION('',(1.,0.));
#7186 = ( GEOMETRIC_REPRESENTATION_CONTEXT(2) 
PARAMETRIC_REPRESENTATION_CONTEXT() REPRESENTATION_CONTEXT('2D SPACE',''
  ) );
#7187 = PCURVE('',#7067,#7188);
#7188 = DEFINITIONAL_REPRESENTATION('',(#7189),#7193);
#7189 = LINE('',#7190,#7191);
#7190 = CARTESIAN_POINT('',(-1.5,-1.036474508438));
#7191 = VECTOR('',#7192,1.);
#7192 = DIRECTION('',(1.,0.));
#7193 = ( GEOMETRIC_REPRESENTATION_CONTEXT(2) 
PARAMETRIC_REPRESENTATION_CONTEXT() REPRESENTATION_CONTEXT('2D SPACE',''
  ) );
#7194 = ORIENTED_EDGE('',*,*,#7150,.T.);
#7195 = ORIENTED_EDGE('',*,*,#2538,.F.);
#7196 = ORIENTED_EDGE('',*,*,#7079,.F.);
#7197 = ADVANCED_FACE('',(#7198),#2607,.F.);
#7198 = FACE_BOUND('',#7199,.F.);
#7199 = EDGE_LOOP('',(#7200,#7201,#7224,#7251));
#7200 = ORIENTED_EDGE('',*,*,#2590,.F.);
#7201 = ORIENTED_EDGE('',*,*,#7202,.F.);
#7202 = EDGE_CURVE('',#7203,#2591,#7205,.T.);
#7203 = VERTEX_POINT('',#7204);
#7204 = CARTESIAN_POINT('',(6.74,23.13,0.7));
#7205 = SEAM_CURVE('',#7206,(#7210,#7217),.PCURVE_S1.);
#7206 = LINE('',#7207,#7208);
#7207 = CARTESIAN_POINT('',(6.74,23.13,0.7));
#7208 = VECTOR('',#7209,1.);
#7209 = DIRECTION('',(0.,0.,1.));
#7210 = PCURVE('',#2607,#7211);
#7211 = DEFINITIONAL_REPRESENTATION('',(#7212),#7216);
#7212 = LINE('',#7213,#7214);
#7213 = CARTESIAN_POINT('',(6.28318530718,-0.));
#7214 = VECTOR('',#7215,1.);
#7215 = DIRECTION('',(0.,1.));
#7216 = ( GEOMETRIC_REPRESENTATION_CONTEXT(2) 
PARAMETRIC_REPRESENTATION_CONTEXT() REPRESENTATION_CONTEXT('2D SPACE',''
  ) );
#7217 = PCURVE('',#2607,#7218);
#7218 = DEFINITIONAL_REPRESENTATION('',(#7219),#7223);
#7219 = LINE('',#7220,#7221);
#7220 = CARTESIAN_POINT('',(0.,-0.));
#7221 = VECTOR('',#7222,1.);
#7222 = DIRECTION('',(0.,1.));
#7223 = ( GEOMETRIC_REPRESENTATION_CONTEXT(2) 
PARAMETRIC_REPRESENTATION_CONTEXT() REPRESENTATION_CONTEXT('2D SPACE',''
  ) );
#7224 = ORIENTED_EDGE('',*,*,#7225,.T.);
#7225 = EDGE_CURVE('',#7203,#7203,#7226,.T.);
#7226 = SURFACE_CURVE('',#7227,(#7232,#7239),.PCURVE_S1.);
#7227 = CIRCLE('',#7228,0.5);
#7228 = AXIS2_PLACEMENT_3D('',#7229,#7230,#7231);
#7229 = CARTESIAN_POINT('',(6.24,23.13,0.7));
#7230 = DIRECTION('',(0.,0.,1.));
#7231 = DIRECTION('',(1.,0.,-0.));
#7232 = PCURVE('',#2607,#7233);
#7233 = DEFINITIONAL_REPRESENTATION('',(#7234),#7238);
#7234 = LINE('',#7235,#7236);
#7235 = CARTESIAN_POINT('',(0.,0.));
#7236 = VECTOR('',#7237,1.);
#7237 = DIRECTION('',(1.,0.));
#7238 = ( GEOMETRIC_REPRESENTATION_CONTEXT(2) 
PARAMETRIC_REPRESENTATION_CONTEXT() REPRESENTATION_CONTEXT('2D SPACE',''
  ) );
#7239 = PCURVE('',#7240,#7245);
#7240 = PLANE('',#7241);
#7241 = AXIS2_PLACEMENT_3D('',#7242,#7243,#7244);
#7242 = CARTESIAN_POINT('',(6.24,23.13,0.7));
#7243 = DIRECTION('',(0.,0.,1.));
#7244 = DIRECTION('',(1.,0.,-0.));
#7245 = DEFINITIONAL_REPRESENTATION('',(#7246),#7250);
#7246 = CIRCLE('',#7247,0.5);
#7247 = AXIS2_PLACEMENT_2D('',#7248,#7249);
#7248 = CARTESIAN_POINT('',(0.,0.));
#7249 = DIRECTION('',(1.,0.));
#7250 = ( GEOMETRIC_REPRESENTATION_CONTEXT(2) 
PARAMETRIC_REPRESENTATION_CONTEXT() REPRESENTATION_CONTEXT('2D SPACE',''
  ) );
#7251 = ORIENTED_EDGE('',*,*,#7202,.T.);
#7252 = ADVANCED_FACE('',(#7253),#2638,.T.);
#7253 = FACE_BOUND('',#7254,.T.);
#7254 = EDGE_LOOP('',(#7255,#7278,#7299,#7320));
#7255 = ORIENTED_EDGE('',*,*,#7256,.F.);
#7256 = EDGE_CURVE('',#7257,#2622,#7259,.T.);
#7257 = VERTEX_POINT('',#7258);
#7258 = CARTESIAN_POINT('',(9.54,23.48,0.));
#7259 = SURFACE_CURVE('',#7260,(#7264,#7271),.PCURVE_S1.);
#7260 = LINE('',#7261,#7262);
#7261 = CARTESIAN_POINT('',(9.54,23.48,-1.));
#7262 = VECTOR('',#7263,1.);
#7263 = DIRECTION('',(0.,0.,1.));
#7264 = PCURVE('',#2638,#7265);
#7265 = DEFINITIONAL_REPRESENTATION('',(#7266),#7270);
#7266 = LINE('',#7267,#7268);
#7267 = CARTESIAN_POINT('',(0.,1.3));
#7268 = VECTOR('',#7269,1.);
#7269 = DIRECTION('',(1.,0.));
#7270 = ( GEOMETRIC_REPRESENTATION_CONTEXT(2) 
PARAMETRIC_REPRESENTATION_CONTEXT() REPRESENTATION_CONTEXT('2D SPACE',''
  ) );
#7271 = PCURVE('',#2714,#7272);
#7272 = DEFINITIONAL_REPRESENTATION('',(#7273),#7277);
#7273 = LINE('',#7274,#7275);
#7274 = CARTESIAN_POINT('',(0.,0.));
#7275 = VECTOR('',#7276,1.);
#7276 = DIRECTION('',(1.,0.));
#7277 = ( GEOMETRIC_REPRESENTATION_CONTEXT(2) 
PARAMETRIC_REPRESENTATION_CONTEXT() REPRESENTATION_CONTEXT('2D SPACE',''
  ) );
#7278 = ORIENTED_EDGE('',*,*,#7279,.T.);
#7279 = EDGE_CURVE('',#7257,#7280,#7282,.T.);
#7280 = VERTEX_POINT('',#7281);
#7281 = CARTESIAN_POINT('',(8.24,23.48,0.));
#7282 = SURFACE_CURVE('',#7283,(#7287,#7293),.PCURVE_S1.);
#7283 = LINE('',#7284,#7285);
#7284 = CARTESIAN_POINT('',(0.5,23.48,0.));
#7285 = VECTOR('',#7286,1.);
#7286 = DIRECTION('',(-1.,-0.,0.));
#7287 = PCURVE('',#2638,#7288);
#7288 = DEFINITIONAL_REPRESENTATION('',(#7289),#7292);
#7289 = B_SPLINE_CURVE_WITH_KNOTS('',1,(#7290,#7291),.UNSPECIFIED.,.F.,
  .F.,(2,2),(-9.04,-7.74),.PIECEWISE_BEZIER_KNOTS.);
#7290 = CARTESIAN_POINT('',(1.,1.3));
#7291 = CARTESIAN_POINT('',(1.,0.));
#7292 = ( GEOMETRIC_REPRESENTATION_CONTEXT(2) 
PARAMETRIC_REPRESENTATION_CONTEXT() REPRESENTATION_CONTEXT('2D SPACE',''
  ) );
#7293 = PCURVE('',#2746,#7294);
#7294 = DEFINITIONAL_REPRESENTATION('',(#7295),#7298);
#7295 = B_SPLINE_CURVE_WITH_KNOTS('',1,(#7296,#7297),.UNSPECIFIED.,.F.,
  .F.,(2,2),(-9.04,-7.74),.PIECEWISE_BEZIER_KNOTS.);
#7296 = CARTESIAN_POINT('',(16.78,47.61));
#7297 = CARTESIAN_POINT('',(15.48,47.61));
#7298 = ( GEOMETRIC_REPRESENTATION_CONTEXT(2) 
PARAMETRIC_REPRESENTATION_CONTEXT() REPRESENTATION_CONTEXT('2D SPACE',''
  ) );
#7299 = ORIENTED_EDGE('',*,*,#7300,.T.);
#7300 = EDGE_CURVE('',#7280,#2624,#7301,.T.);
#7301 = SURFACE_CURVE('',#7302,(#7306,#7313),.PCURVE_S1.);
#7302 = LINE('',#7303,#7304);
#7303 = CARTESIAN_POINT('',(8.24,23.48,-1.));
#7304 = VECTOR('',#7305,1.);
#7305 = DIRECTION('',(0.,0.,1.));
#7306 = PCURVE('',#2638,#7307);
#7307 = DEFINITIONAL_REPRESENTATION('',(#7308),#7312);
#7308 = LINE('',#7309,#7310);
#7309 = CARTESIAN_POINT('',(0.,0.));
#7310 = VECTOR('',#7311,1.);
#7311 = DIRECTION('',(1.,0.));
#7312 = ( GEOMETRIC_REPRESENTATION_CONTEXT(2) 
PARAMETRIC_REPRESENTATION_CONTEXT() REPRESENTATION_CONTEXT('2D SPACE',''
  ) );
#7313 = PCURVE('',#2664,#7314);
#7314 = DEFINITIONAL_REPRESENTATION('',(#7315),#7319);
#7315 = LINE('',#7316,#7317);
#7316 = CARTESIAN_POINT('',(0.,0.));
#7317 = VECTOR('',#7318,1.);
#7318 = DIRECTION('',(1.,0.));
#7319 = ( GEOMETRIC_REPRESENTATION_CONTEXT(2) 
PARAMETRIC_REPRESENTATION_CONTEXT() REPRESENTATION_CONTEXT('2D SPACE',''
  ) );
#7320 = ORIENTED_EDGE('',*,*,#2621,.F.);
#7321 = ADVANCED_FACE('',(#7322),#2714,.F.);
#7322 = FACE_BOUND('',#7323,.F.);
#7323 = EDGE_LOOP('',(#7324,#7325,#7346,#7367));
#7324 = ORIENTED_EDGE('',*,*,#7256,.F.);
#7325 = ORIENTED_EDGE('',*,*,#7326,.T.);
#7326 = EDGE_CURVE('',#7257,#7327,#7329,.T.);
#7327 = VERTEX_POINT('',#7328);
#7328 = CARTESIAN_POINT('',(9.54,24.78,0.));
#7329 = SURFACE_CURVE('',#7330,(#7334,#7340),.PCURVE_S1.);
#7330 = LINE('',#7331,#7332);
#7331 = CARTESIAN_POINT('',(9.54,-0.325,0.));
#7332 = VECTOR('',#7333,1.);
#7333 = DIRECTION('',(-0.,1.,0.));
#7334 = PCURVE('',#2714,#7335);
#7335 = DEFINITIONAL_REPRESENTATION('',(#7336),#7339);
#7336 = B_SPLINE_CURVE_WITH_KNOTS('',1,(#7337,#7338),.UNSPECIFIED.,.F.,
  .F.,(2,2),(23.805,25.105),.PIECEWISE_BEZIER_KNOTS.);
#7337 = CARTESIAN_POINT('',(1.,0.));
#7338 = CARTESIAN_POINT('',(1.,-1.3));
#7339 = ( GEOMETRIC_REPRESENTATION_CONTEXT(2) 
PARAMETRIC_REPRESENTATION_CONTEXT() REPRESENTATION_CONTEXT('2D SPACE',''
  ) );
#7340 = PCURVE('',#2746,#7341);
#7341 = DEFINITIONAL_REPRESENTATION('',(#7342),#7345);
#7342 = B_SPLINE_CURVE_WITH_KNOTS('',1,(#7343,#7344),.UNSPECIFIED.,.F.,
  .F.,(2,2),(23.805,25.105),.PIECEWISE_BEZIER_KNOTS.);
#7343 = CARTESIAN_POINT('',(16.78,47.61));
#7344 = CARTESIAN_POINT('',(16.78,48.91));
#7345 = ( GEOMETRIC_REPRESENTATION_CONTEXT(2) 
PARAMETRIC_REPRESENTATION_CONTEXT() REPRESENTATION_CONTEXT('2D SPACE',''
  ) );
#7346 = ORIENTED_EDGE('',*,*,#7347,.T.);
#7347 = EDGE_CURVE('',#7327,#2676,#7348,.T.);
#7348 = SURFACE_CURVE('',#7349,(#7353,#7360),.PCURVE_S1.);
#7349 = LINE('',#7350,#7351);
#7350 = CARTESIAN_POINT('',(9.54,24.78,-1.));
#7351 = VECTOR('',#7352,1.);
#7352 = DIRECTION('',(0.,0.,1.));
#7353 = PCURVE('',#2714,#7354);
#7354 = DEFINITIONAL_REPRESENTATION('',(#7355),#7359);
#7355 = LINE('',#7356,#7357);
#7356 = CARTESIAN_POINT('',(0.,-1.3));
#7357 = VECTOR('',#7358,1.);
#7358 = DIRECTION('',(1.,0.));
#7359 = ( GEOMETRIC_REPRESENTATION_CONTEXT(2) 
PARAMETRIC_REPRESENTATION_CONTEXT() REPRESENTATION_CONTEXT('2D SPACE',''
  ) );
#7360 = PCURVE('',#2690,#7361);
#7361 = DEFINITIONAL_REPRESENTATION('',(#7362),#7366);
#7362 = LINE('',#7363,#7364);
#7363 = CARTESIAN_POINT('',(0.,1.3));
#7364 = VECTOR('',#7365,1.);
#7365 = DIRECTION('',(1.,0.));
#7366 = ( GEOMETRIC_REPRESENTATION_CONTEXT(2) 
PARAMETRIC_REPRESENTATION_CONTEXT() REPRESENTATION_CONTEXT('2D SPACE',''
  ) );
#7367 = ORIENTED_EDGE('',*,*,#2701,.F.);
#7368 = ADVANCED_FACE('',(#7369),#2664,.T.);
#7369 = FACE_BOUND('',#7370,.T.);
#7370 = EDGE_LOOP('',(#7371,#7372,#7393,#7414));
#7371 = ORIENTED_EDGE('',*,*,#7300,.F.);
#7372 = ORIENTED_EDGE('',*,*,#7373,.T.);
#7373 = EDGE_CURVE('',#7280,#7374,#7376,.T.);
#7374 = VERTEX_POINT('',#7375);
#7375 = CARTESIAN_POINT('',(8.24,24.78,0.));
#7376 = SURFACE_CURVE('',#7377,(#7381,#7387),.PCURVE_S1.);
#7377 = LINE('',#7378,#7379);
#7378 = CARTESIAN_POINT('',(8.24,-0.325,0.));
#7379 = VECTOR('',#7380,1.);
#7380 = DIRECTION('',(-0.,1.,0.));
#7381 = PCURVE('',#2664,#7382);
#7382 = DEFINITIONAL_REPRESENTATION('',(#7383),#7386);
#7383 = B_SPLINE_CURVE_WITH_KNOTS('',1,(#7384,#7385),.UNSPECIFIED.,.F.,
  .F.,(2,2),(23.805,25.105),.PIECEWISE_BEZIER_KNOTS.);
#7384 = CARTESIAN_POINT('',(1.,0.));
#7385 = CARTESIAN_POINT('',(1.,-1.3));
#7386 = ( GEOMETRIC_REPRESENTATION_CONTEXT(2) 
PARAMETRIC_REPRESENTATION_CONTEXT() REPRESENTATION_CONTEXT('2D SPACE',''
  ) );
#7387 = PCURVE('',#2746,#7388);
#7388 = DEFINITIONAL_REPRESENTATION('',(#7389),#7392);
#7389 = B_SPLINE_CURVE_WITH_KNOTS('',1,(#7390,#7391),.UNSPECIFIED.,.F.,
  .F.,(2,2),(23.805,25.105),.PIECEWISE_BEZIER_KNOTS.);
#7390 = CARTESIAN_POINT('',(15.48,47.61));
#7391 = CARTESIAN_POINT('',(15.48,48.91));
#7392 = ( GEOMETRIC_REPRESENTATION_CONTEXT(2) 
PARAMETRIC_REPRESENTATION_CONTEXT() REPRESENTATION_CONTEXT('2D SPACE',''
  ) );
#7393 = ORIENTED_EDGE('',*,*,#7394,.T.);
#7394 = EDGE_CURVE('',#7374,#2650,#7395,.T.);
#7395 = SURFACE_CURVE('',#7396,(#7400,#7407),.PCURVE_S1.);
#7396 = LINE('',#7397,#7398);
#7397 = CARTESIAN_POINT('',(8.24,24.78,-1.));
#7398 = VECTOR('',#7399,1.);
#7399 = DIRECTION('',(0.,0.,1.));
#7400 = PCURVE('',#2664,#7401);
#7401 = DEFINITIONAL_REPRESENTATION('',(#7402),#7406);
#7402 = LINE('',#7403,#7404);
#7403 = CARTESIAN_POINT('',(0.,-1.3));
#7404 = VECTOR('',#7405,1.);
#7405 = DIRECTION('',(1.,0.));
#7406 = ( GEOMETRIC_REPRESENTATION_CONTEXT(2) 
PARAMETRIC_REPRESENTATION_CONTEXT() REPRESENTATION_CONTEXT('2D SPACE',''
  ) );
#7407 = PCURVE('',#2690,#7408);
#7408 = DEFINITIONAL_REPRESENTATION('',(#7409),#7413);
#7409 = LINE('',#7410,#7411);
#7410 = CARTESIAN_POINT('',(0.,0.));
#7411 = VECTOR('',#7412,1.);
#7412 = DIRECTION('',(1.,0.));
#7413 = ( GEOMETRIC_REPRESENTATION_CONTEXT(2) 
PARAMETRIC_REPRESENTATION_CONTEXT() REPRESENTATION_CONTEXT('2D SPACE',''
  ) );
#7414 = ORIENTED_EDGE('',*,*,#2649,.F.);
#7415 = ADVANCED_FACE('',(#7416),#2690,.F.);
#7416 = FACE_BOUND('',#7417,.F.);
#7417 = EDGE_LOOP('',(#7418,#7419,#7438,#7439));
#7418 = ORIENTED_EDGE('',*,*,#7347,.F.);
#7419 = ORIENTED_EDGE('',*,*,#7420,.T.);
#7420 = EDGE_CURVE('',#7327,#7374,#7421,.T.);
#7421 = SURFACE_CURVE('',#7422,(#7426,#7432),.PCURVE_S1.);
#7422 = LINE('',#7423,#7424);
#7423 = CARTESIAN_POINT('',(0.5,24.78,0.));
#7424 = VECTOR('',#7425,1.);
#7425 = DIRECTION('',(-1.,-0.,0.));
#7426 = PCURVE('',#2690,#7427);
#7427 = DEFINITIONAL_REPRESENTATION('',(#7428),#7431);
#7428 = B_SPLINE_CURVE_WITH_KNOTS('',1,(#7429,#7430),.UNSPECIFIED.,.F.,
  .F.,(2,2),(-9.04,-7.74),.PIECEWISE_BEZIER_KNOTS.);
#7429 = CARTESIAN_POINT('',(1.,1.3));
#7430 = CARTESIAN_POINT('',(1.,0.));
#7431 = ( GEOMETRIC_REPRESENTATION_CONTEXT(2) 
PARAMETRIC_REPRESENTATION_CONTEXT() REPRESENTATION_CONTEXT('2D SPACE',''
  ) );
#7432 = PCURVE('',#2746,#7433);
#7433 = DEFINITIONAL_REPRESENTATION('',(#7434),#7437);
#7434 = B_SPLINE_CURVE_WITH_KNOTS('',1,(#7435,#7436),.UNSPECIFIED.,.F.,
  .F.,(2,2),(-9.04,-7.74),.PIECEWISE_BEZIER_KNOTS.);
#7435 = CARTESIAN_POINT('',(16.78,48.91));
#7436 = CARTESIAN_POINT('',(15.48,48.91));
#7437 = ( GEOMETRIC_REPRESENTATION_CONTEXT(2) 
PARAMETRIC_REPRESENTATION_CONTEXT() REPRESENTATION_CONTEXT('2D SPACE',''
  ) );
#7438 = ORIENTED_EDGE('',*,*,#7394,.T.);
#7439 = ORIENTED_EDGE('',*,*,#2675,.F.);
#7440 = ADVANCED_FACE('',(#7441,#7503,#7509,#7515,#7521,#7527,#7533,
    #7539,#7545),#2746,.F.);
#7441 = FACE_BOUND('',#7442,.F.);
#7442 = EDGE_LOOP('',(#7443,#7444,#7445,#7446,#7447,#7448,#7449,#7450,
    #7451,#7452,#7453,#7454,#7455,#7456,#7457,#7458,#7459,#7460,#7461,
    #7462,#7463,#7464,#7465,#7466,#7467,#7468,#7469,#7470,#7471,#7472,
    #7473,#7474,#7475,#7476,#7477,#7478,#7479,#7480,#7481,#7482,#7483,
    #7484,#7485,#7486,#7487,#7488,#7489,#7490,#7491,#7492,#7493,#7494,
    #7495,#7496,#7497,#7498,#7499,#7500,#7501,#7502));
#7443 = ORIENTED_EDGE('',*,*,#2728,.F.);
#7444 = ORIENTED_EDGE('',*,*,#2854,.T.);
#7445 = ORIENTED_EDGE('',*,*,#2977,.F.);
#7446 = ORIENTED_EDGE('',*,*,#3052,.F.);
#7447 = ORIENTED_EDGE('',*,*,#3155,.T.);
#7448 = ORIENTED_EDGE('',*,*,#3254,.F.);
#7449 = ORIENTED_EDGE('',*,*,#3377,.F.);
#7450 = ORIENTED_EDGE('',*,*,#3452,.T.);
#7451 = ORIENTED_EDGE('',*,*,#3555,.F.);
#7452 = ORIENTED_EDGE('',*,*,#3654,.T.);
#7453 = ORIENTED_EDGE('',*,*,#3777,.F.);
#7454 = ORIENTED_EDGE('',*,*,#3852,.T.);
#7455 = ORIENTED_EDGE('',*,*,#3951,.T.);
#7456 = ORIENTED_EDGE('',*,*,#4054,.T.);
#7457 = ORIENTED_EDGE('',*,*,#4155,.T.);
#7458 = ORIENTED_EDGE('',*,*,#4256,.T.);
#7459 = ORIENTED_EDGE('',*,*,#4378,.F.);
#7460 = ORIENTED_EDGE('',*,*,#4453,.T.);
#7461 = ORIENTED_EDGE('',*,*,#4552,.T.);
#7462 = ORIENTED_EDGE('',*,*,#4650,.T.);
#7463 = ORIENTED_EDGE('',*,*,#4751,.T.);
#7464 = ORIENTED_EDGE('',*,*,#4848,.T.);
#7465 = ORIENTED_EDGE('',*,*,#4947,.F.);
#7466 = ORIENTED_EDGE('',*,*,#5046,.T.);
#7467 = ORIENTED_EDGE('',*,*,#5151,.T.);
#7468 = ORIENTED_EDGE('',*,*,#5248,.T.);
#7469 = ORIENTED_EDGE('',*,*,#5351,.T.);
#7470 = ORIENTED_EDGE('',*,*,#5454,.T.);
#7471 = ORIENTED_EDGE('',*,*,#5555,.T.);
#7472 = ORIENTED_EDGE('',*,*,#5656,.T.);
#7473 = ORIENTED_EDGE('',*,*,#5706,.F.);
#7474 = ORIENTED_EDGE('',*,*,#5602,.T.);
#7475 = ORIENTED_EDGE('',*,*,#5528,.T.);
#7476 = ORIENTED_EDGE('',*,*,#5400,.T.);
#7477 = ORIENTED_EDGE('',*,*,#5302,.T.);
#7478 = ORIENTED_EDGE('',*,*,#5198,.T.);
#7479 = ORIENTED_EDGE('',*,*,#5124,.T.);
#7480 = ORIENTED_EDGE('',*,*,#4996,.T.);
#7481 = ORIENTED_EDGE('',*,*,#4898,.F.);
#7482 = ORIENTED_EDGE('',*,*,#4798,.T.);
#7483 = ORIENTED_EDGE('',*,*,#4702,.F.);
#7484 = ORIENTED_EDGE('',*,*,#4601,.F.);
#7485 = ORIENTED_EDGE('',*,*,#4527,.T.);
#7486 = ORIENTED_EDGE('',*,*,#4403,.T.);
#7487 = ORIENTED_EDGE('',*,*,#4305,.F.);
#7488 = ORIENTED_EDGE('',*,*,#4202,.F.);
#7489 = ORIENTED_EDGE('',*,*,#4106,.F.);
#7490 = ORIENTED_EDGE('',*,*,#4000,.F.);
#7491 = ORIENTED_EDGE('',*,*,#3902,.T.);
#7492 = ORIENTED_EDGE('',*,*,#3802,.F.);
#7493 = ORIENTED_EDGE('',*,*,#3706,.F.);
#7494 = ORIENTED_EDGE('',*,*,#3604,.F.);
#7495 = ORIENTED_EDGE('',*,*,#3506,.F.);
#7496 = ORIENTED_EDGE('',*,*,#3402,.T.);
#7497 = ORIENTED_EDGE('',*,*,#3306,.F.);
#7498 = ORIENTED_EDGE('',*,*,#3204,.T.);
#7499 = ORIENTED_EDGE('',*,*,#3106,.T.);
#7500 = ORIENTED_EDGE('',*,*,#3002,.F.);
#7501 = ORIENTED_EDGE('',*,*,#2906,.F.);
#7502 = ORIENTED_EDGE('',*,*,#2804,.F.);
#7503 = FACE_BOUND('',#7504,.F.);
#7504 = EDGE_LOOP('',(#7505,#7506,#7507,#7508));
#7505 = ORIENTED_EDGE('',*,*,#5756,.T.);
#7506 = ORIENTED_EDGE('',*,*,#5850,.T.);
#7507 = ORIENTED_EDGE('',*,*,#5897,.F.);
#7508 = ORIENTED_EDGE('',*,*,#5803,.F.);
#7509 = FACE_BOUND('',#7510,.F.);
#7510 = EDGE_LOOP('',(#7511,#7512,#7513,#7514));
#7511 = ORIENTED_EDGE('',*,*,#5944,.T.);
#7512 = ORIENTED_EDGE('',*,*,#6038,.T.);
#7513 = ORIENTED_EDGE('',*,*,#6085,.F.);
#7514 = ORIENTED_EDGE('',*,*,#5991,.F.);
#7515 = FACE_BOUND('',#7516,.F.);
#7516 = EDGE_LOOP('',(#7517,#7518,#7519,#7520));
#7517 = ORIENTED_EDGE('',*,*,#6132,.T.);
#7518 = ORIENTED_EDGE('',*,*,#6226,.T.);
#7519 = ORIENTED_EDGE('',*,*,#6273,.F.);
#7520 = ORIENTED_EDGE('',*,*,#6179,.F.);
#7521 = FACE_BOUND('',#7522,.F.);
#7522 = EDGE_LOOP('',(#7523,#7524,#7525,#7526));
#7523 = ORIENTED_EDGE('',*,*,#6320,.T.);
#7524 = ORIENTED_EDGE('',*,*,#6414,.T.);
#7525 = ORIENTED_EDGE('',*,*,#6461,.F.);
#7526 = ORIENTED_EDGE('',*,*,#6367,.F.);
#7527 = FACE_BOUND('',#7528,.F.);
#7528 = EDGE_LOOP('',(#7529,#7530,#7531,#7532));
#7529 = ORIENTED_EDGE('',*,*,#6508,.T.);
#7530 = ORIENTED_EDGE('',*,*,#6602,.T.);
#7531 = ORIENTED_EDGE('',*,*,#6649,.F.);
#7532 = ORIENTED_EDGE('',*,*,#6555,.F.);
#7533 = FACE_BOUND('',#7534,.F.);
#7534 = EDGE_LOOP('',(#7535,#7536,#7537,#7538));
#7535 = ORIENTED_EDGE('',*,*,#6696,.T.);
#7536 = ORIENTED_EDGE('',*,*,#6790,.T.);
#7537 = ORIENTED_EDGE('',*,*,#6837,.F.);
#7538 = ORIENTED_EDGE('',*,*,#6743,.F.);
#7539 = FACE_BOUND('',#7540,.F.);
#7540 = EDGE_LOOP('',(#7541,#7542,#7543,#7544));
#7541 = ORIENTED_EDGE('',*,*,#6884,.T.);
#7542 = ORIENTED_EDGE('',*,*,#6978,.T.);
#7543 = ORIENTED_EDGE('',*,*,#7025,.F.);
#7544 = ORIENTED_EDGE('',*,*,#6931,.F.);
#7545 = FACE_BOUND('',#7546,.F.);
#7546 = EDGE_LOOP('',(#7547,#7548,#7549,#7550));
#7547 = ORIENTED_EDGE('',*,*,#7279,.T.);
#7548 = ORIENTED_EDGE('',*,*,#7373,.T.);
#7549 = ORIENTED_EDGE('',*,*,#7420,.F.);
#7550 = ORIENTED_EDGE('',*,*,#7326,.F.);
#7551 = ADVANCED_FACE('',(#7552),#7067,.T.);
#7552 = FACE_BOUND('',#7553,.T.);
#7553 = EDGE_LOOP('',(#7554,#7555,#7556));
#7554 = ORIENTED_EDGE('',*,*,#7174,.T.);
#7555 = ORIENTED_EDGE('',*,*,#7049,.T.);
#7556 = ORIENTED_EDGE('',*,*,#7125,.T.);
#7557 = ADVANCED_FACE('',(#7558),#7240,.T.);
#7558 = FACE_BOUND('',#7559,.F.);
#7559 = EDGE_LOOP('',(#7560));
#7560 = ORIENTED_EDGE('',*,*,#7225,.F.);
#7561 = ( GEOMETRIC_REPRESENTATION_CONTEXT(3) 
GLOBAL_UNCERTAINTY_ASSIGNED_CONTEXT((#7565)) 
GLOBAL_UNIT_ASSIGNED_CONTEXT((#7562,#7563,#7564)) REPRESENTATION_CONTEXT
('Context #1','3D Context with UNIT and UNCERTAINTY') );
#7562 = ( LENGTH_UNIT() NAMED_UNIT(*) SI_UNIT(.MILLI.,.METRE.) );
#7563 = ( NAMED_UNIT(*) PLANE_ANGLE_UNIT() SI_UNIT($,.RADIAN.) );
#7564 = ( NAMED_UNIT(*) SI_UNIT($,.STERADIAN.) SOLID_ANGLE_UNIT() );
#7565 = UNCERTAINTY_MEASURE_WITH_UNIT(LENGTH_MEASURE(1.E-07),#7562,
  'distance_accuracy_value','confusion accuracy');
#7566 = PRODUCT_RELATED_PRODUCT_CATEGORY('part',$,(#7));
ENDSEC;
END-ISO-10303-21;
